year,fence,treatment,NEE
2009,1,C C,0.3374908
2009,1,C S,2.33869728
2009,1,W C,-34.04240752
2009,1,W S,-8.1512252
2009,2,C C,-17.06212112
2009,2,C S,-58.3718878
2009,2,W C,-43.22642624
2009,2,W S,-31.04907546
2009,3,C C,67.89139142
2009,3,C S,75.53061276
2009,3,W C,60.26003182
2009,3,W S,-91.20348264
2009,4,C C,32.51427986
2009,4,C S,46.2564407
2009,4,W C,13.18129254
2009,4,W S,11.61401258
2009,5,C C,9.51415152
2009,5,C S,62.99511154
2009,5,W C,-33.25980348
2009,5,W S,103.2092022
2009,6,C C,-28.95588294
2009,6,C S,26.46843126
2009,6,W C,21.75076114
2009,6,W S,51.3514286
2010,1,C C,53.17609787
2010,1,C S,46.76312678
2010,1,W C,51.40544597
2010,1,W S,72.60232688
2010,2,C C,-8.151880511
2010,2,C S,-20.00278233
2010,2,W C,34.42315563
2010,2,W S,65.97735898
2010,3,C C,120.4090412
2010,3,C S,148.6392201
2010,3,W C,239.2523689
2010,3,W S,-67.6947331
2010,4,C C,78.581453
2010,4,C S,121.5660471
2010,4,W C,58.02654842
2010,4,W S,176.8716925
2010,5,C C,81.81428264
2010,5,C S,182.1730069
2010,5,W C,15.449067
2010,5,W S,186.5291821
2010,6,C C,-50.91227454
2010,6,C S,58.41652021
2010,6,W C,179.2327951
2010,6,W S,124.2116398
2011,1,C C,135.67258
2011,1,C S,100.5990627
2011,1,W C,235.2205719
2011,1,W S,168.54808
2011,2,C C,99.11520519
2011,2,C S,63.61402372
2011,2,W C,160.6450539
2011,2,W S,127.1615117
2011,3,C C,172.5644871
2011,3,C S,167.8684189
2011,3,W C,314.3925279
2011,3,W S,-13.5904675
2011,4,C C,84.80170686
2011,4,C S,176.8334978
2011,4,W C,115.8995469
2011,4,W S,454.2300585
2011,5,C C,96.18555873
2011,5,C S,272.9521345
2011,5,W C,130.9839197
2011,5,W S,275.4357
2011,6,C C,-2.698837374
2011,6,C S,127.3308575
2011,6,W C,269.6784468
2011,6,W S,106.0700112
2012,1,C C,209.1510345
2012,1,C SW,148.1883654
2012,1,WW C,315.2863807
2012,1,WW SW,292.1301552
2012,2,C C,139.1754896
2012,2,C SW,68.36370698
2012,2,WW C,309.3327362
2012,2,WW SW,222.6771891
2012,3,C C,207.667965
2012,3,C SW,145.2653618
2012,3,WW C,244.5214264
2012,3,WW SW,74.2317855
2012,4,C C,116.7943575
2012,4,C SW,216.671661
2012,4,WW C,135.7336778
2012,4,WW SW,473.0498846
2012,5,C C,162.9615183
2012,5,C SW,411.2785874
2012,5,WW C,106.3403711
2012,5,WW SW,181.7910808
2012,6,C C,80.11189232
2012,6,C SW,190.180222
2012,6,WW C,405.5514476
2012,6,WW SW,111.8764966
2013,1,C C,181.151746
2013,1,C S,244.9070297
2013,1,W C,413.6140776
2013,1,W S,265.4855125
2013,2,C C,220.3130862
2013,2,C S,90.52236009
2013,2,W C,489.7594671
2013,2,W S,319.0422986
2013,3,C C,219.3889004
2013,3,C S,152.9459795
2013,3,W C,207.1096786
2013,3,W S,129.4526863
2013,4,C C,114.8648829
2013,4,C S,213.5549513
2013,4,W C,105.6001161
2013,4,W S,304.7094166
2013,5,C C,169.0018233
2013,5,C S,417.211873
2013,5,W C,199.2221746
2013,5,W S,167.0001029
2013,6,C C,178.0126174
2013,6,C S,255.3938777
2013,6,W C,260.2420936
2013,6,W S,265.4881876
2014,1,C C,292.5731512
2014,1,C S,203.2586969
2014,1,W C,53.92478253
2014,1,W S,404.470373
2014,2,C C,225.5967501
2014,2,C S,95.20006069
2014,2,W C,304.286352
2014,2,W S,268.1885408
2014,3,C C,215.0167778
2014,3,C S,202.0591176
2014,3,W C,204.0100405
2014,3,W S,145.6097157
2014,4,C C,159.4336609
2014,4,C S,241.4985278
2014,4,W C,118.4767447
2014,4,W S,281.7640733
2014,5,C C,221.0081262
2014,5,C S,430.290323
2014,5,W C,82.79115188
2014,5,W S,134.0449507
2014,6,C C,151.462104
2014,6,C S,250.2517081
2014,6,W C,238.2312119
2014,6,W S,76.9193501
2015,1,C C,447.81521
2015,1,C S,306.0722422
2015,1,W C,-19.61774927
2015,1,W S,613.2143876
2015,2,C C,115.8654231
2015,2,C S,163.6459499
2015,2,W C,379.7637591
2015,2,W S,373.4059265
2015,3,C C,243.7371013
2015,3,C S,174.5363695
2015,3,W C,110.4236706
2015,3,W S,189.8437381
2015,4,C C,98.30069505
2015,4,C S,142.4225156
2015,4,W C,191.9741709
2015,4,W S,382.9030018
2015,5,C C,187.0231149
2015,5,C S,463.0854161
2015,5,W C,67.73348887
2015,5,W S,243.0540951
2015,6,C C,154.7694513
2015,6,C S,293.4632308
2015,6,W C,237.8856143
2015,6,W S,156.9249748
2016,1,C C,207.3268822
2016,1,C S,145.7091021
2016,1,W C,-144.8555696
2016,1,W S,375.8318096
2016,2,C C,253.8107333
2016,2,C S,111.2104073
2016,2,W C,98.98143981
2016,2,W S,253.2423865
2016,3,C C,187.3939557
2016,3,C S,152.6365626
2016,3,W C,12.83998766
2016,3,W S,85.0108976
2016,4,C C,115.8010659
2016,4,C S,136.3998834
2016,4,W C,-79.66123767
2016,4,W S,330.2333987
2016,5,C C,167.2070311
2016,5,C S,372.1441254
2016,5,W C,-12.74020399
2016,5,W S,42.93280745
2016,6,C C,73.19694489
2016,6,C S,210.5495521
2016,6,W C,77.12340632
2016,6,W S,104.9814092
2017,1,C C,279.1484094
2017,1,C S,347.4884598
2017,1,W C,-85.27708837
2017,1,W S,394.8051165
2017,2,C C,267.980807
2017,2,C S,193.6163204
2017,2,W C,267.1428994
2017,2,W S,330.6082506
2017,3,C C,178.1140501
2017,3,C S,215.9459439
2017,3,W C,206.5930296
2017,3,W S,336.2659596
2017,4,C C,88.12461617
2017,4,C S,68.0676905
2017,4,W C,11.13427241
2017,4,W S,283.3714362
2017,5,C C,208.7938454
2017,5,C S,488.4580688
2017,5,W C,51.06588582
2017,5,W S,316.0182777
2017,6,C C,156.9808968
2017,6,C S,211.2558663
2017,6,W C,160.1063684
2017,6,W S,212.6399215
2018,1,C C,143.6162522
2018,1,C S,296.9840569
2018,1,W C,-102.6109649
2018,1,W S,242.1962272
2018,2,C C,341.4532645
2018,2,C S,294.8222388
2018,2,W C,106.3048854
2018,2,W S,231.9858425
2018,3,C C,115.0455837
2018,3,C S,218.2718806
2018,3,W C,203.7001125
2018,3,W S,244.7159319
2018,4,C C,85.36330798
2018,4,C S,105.7219358
2018,4,W C,-92.58140527
2018,4,W S,181.4023961
2018,5,C C,121.2203362
2018,5,C S,369.0750173
2018,5,W C,17.70426993
2018,5,W S,121.6191391
2018,6,C C,95.74073611
2018,6,C S,213.4054238
2018,6,W C,93.28902948
2018,6,W S,188.6019923
2019,3,W C,187.9698159
2019,3,W S,72.35438964
2019,4,C C,92.64948429
2019,4,C S,62.91449016
2019,4,W C,56.42784889
2019,4,W S,290.5689143
2019,5,C C,-33.61051863
2019,5,W C,-22.90995879
2019,5,W S,204.6471367
2019,6,W C,83.61413663
2019,6,W S,53.66459921
2020,1,C C,92.12045019
2020,1,C S,338.6736581
2020,1,W C,-131.6043153
2020,1,W S,179.7980734
2020,2,C C,304.2008491
2020,2,C S,224.5837375
2020,2,W C,-61.02114134
2020,2,W S,441.9451216
2020,3,C C,342.5858122
2020,3,C S,362.4058798
2020,3,W C,14.03898974
2020,3,W S,232.9240858
2020,4,C C,92.14697031
2020,4,C S,103.026317
2020,4,W C,-92.9572666
2020,4,W S,78.23567594
2020,5,C C,160.5609534
2020,5,C S,402.9797142
2020,5,W C,56.82339092
2020,5,W S,158.3403739
2020,6,C C,263.9114094
2020,6,C S,331.1717174
2020,6,W C,242.6474156
2020,6,W S,409.718248
2021,1,C C,41.98699314
2021,1,C S,211.2981621
2021,1,W C,-89.63134474
2021,1,W S,176.7402358
2021,2,C C,253.9902166
2021,2,C S,216.7728516
2021,2,W C,82.91733824
2021,2,W S,156.9068461
2021,3,C C,112.2314853
2021,3,C S,261.3990899
2021,3,W C,-42.36470232
2021,3,W S,123.0906189
2021,4,C C,-18.59049005
2021,4,C S,55.75930396
2021,4,W C,-76.85187129
2021,4,W S,27.7119173
2021,5,C C,44.42334369
2021,5,C S,208.8081512
2021,5,W C,-23.09195725
2021,5,W S,178.5708443
2021,6,C C,277.7401289
2021,6,C S,195.884432
2021,6,W C,151.7544082
2021,6,W S,185.1739713
