Year,Plot,NAdd.g.m2.yr.,PercentC
1982,1,28,0.4745
1982,2,10,0.403
1982,3,80,0.3895
1982,4,28,0.4645
1982,5,0,0.6345
1982,6,3,0.544
1982,7,0,0.351
1982,8,0,0.324
1982,9,50,0.4625
1982,10,16,0.448
1982,11,16,0.5305
1982,12,10,0.5705
1982,13,16,0.3485
1982,14,6,0.3905
1982,15,3,0.352
1982,16,3,0.35675
1982,17,80,0.453
1982,18,10,0.546
1982,19,80,0.402
1982,20,10,0.381
1982,21,28,0.2555
1982,22,50,0.295
1982,23,6,0.35
1982,24,0,0.5335
1982,25,80,0.328
1982,26,28,0.2715
1982,27,0,0.2975
1982,28,6,0.261
1982,29,0,0.4005
1982,30,0,0.386
1982,31,10,0.2885
1982,32,16,0.2735
1982,33,0,0.3375
1982,34,0,0.28875
1982,35,3,0.286
1982,36,6,0.4225
1982,37,50,0.2755
1982,38,80,0.2645
1982,39,80,0.31
1982,40,0,0.291
1982,41,16,0.27
1982,42,10,0.3945
1982,43,0,0.3415
1982,44,3,0.32
1982,45,50,0.347
1982,46,3,0.2865
1982,47,28,0.37075
1982,48,28,0.455
1982,49,16,0.392
1982,50,6,0.2955
1982,51,0,0.352
1982,52,50,0.38
1982,53,50,0.4245
1982,54,6,0.6625
1985,1,16,0.73
1985,2,28,0.711
1985,3,10,0.633
1985,4,50,0.723
1985,5,80,0.696
1985,6,16,0.552
1985,7,28,0.767
1985,8,16,0.664
1985,9,0,0.762
1985,10,0,0.641
1985,11,10,0.65
1985,12,80,0.624
1985,13,80,0.857
1985,14,80,0.904
1985,15,10,0.989
1985,16,6,0.661
1985,17,28,0.747
1985,18,0,0.642
1985,19,80,0.928
1985,20,28,1.035
1985,21,0,1.193
1985,22,50,0.859
1985,23,0,0.778
1985,24,6,0.765
1985,25,50,0.983
1985,26,50,0.925
1985,27,50,0.979
1985,28,80,0.867
1985,29,3,0.662
1985,30,6,0.839
1985,31,10,0.791
1985,32,0,0.803
1985,33,6,0.889
1985,34,10,0.688
1985,35,50,0.716
1985,36,6,0.739
1985,37,10,0.596
1985,38,3,0.629
1985,39,0,0.59
1985,40,0,0.596
1985,41,28,0.873
1985,42,16,0.79
1985,43,0,0.504
1985,44,6,0.492
1985,45,3,0.641
1985,46,0,0.545
1985,47,0,0.695
1985,48,28,0.736
1985,49,3,0.719
1985,50,3,0.527
1985,51,16,0.662
1985,52,3,0.557
1985,53,0,0.549
1985,54,16,0.533
1989,1,28,0.6945
1989,2,10,0.665
1989,3,80,1.049
1989,4,28,0.7035
1989,5,0,0.9335
1989,6,3,1.023
1989,7,0,0.7765
1989,8,0,0.6595
1989,9,50,1.017
1989,10,16,0.8985
1989,11,16,0.997
1989,12,10,1.05
1989,13,16,0.50625
1989,14,6,0.4835
1989,15,3,0.509
1989,16,3,0.54
1989,17,80,0.67825
1989,18,10,0.9765
1989,19,80,0.821
1989,20,10,0.5185
1989,21,28,0.866
1989,22,50,0.491
1989,23,6,0.5815
1989,24,0,0.78
1989,25,80,0.937
1989,26,28,0.7285
1989,27,0,0.46
1989,28,6,0.5205
1989,29,0,0.5605
1989,30,0,0.4375
1989,31,10,0.782
1989,32,16,0.6835
1989,33,0,0.587
1989,34,0,0.428
1989,35,3,0.521
1989,36,6,0.573
1989,37,50,0.8685
1989,38,80,0.8235
1989,39,80,1.099
1989,40,0,0.5455
1989,41,16,0.531
1989,42,10,0.7515
1989,43,0,0.852
1989,44,3,0.867
1989,45,50,0.844
1989,46,3,0.7805
1989,47,28,0.671
1989,48,28,0.72
1989,49,16,0.8315
1989,50,6,0.524
1989,51,0,0.5755
1989,52,50,0.7465
1989,53,50,1.2035
1989,54,6,0.828
2009,1,28,1.004
2009,2,10,0.894
2009,3,80,1.936
2009,4,28,1.279
2009,5,0,0.859
2009,6,3,1.077
2009,7,0,0.697
2009,8,0,0.463
2009,9,50,1.597
2009,10,16,0.721
2009,11,16,0.7
2009,12,10,0.973
2009,13,16,0.93
2009,14,6,0.55
2009,15,3,0.66
2009,16,3,0.783
2009,17,80,0.809
2009,18,10,0.681
2009,19,80,0.994
2009,20,10,0.533
2009,21,28,0.796
2009,22,50,0.694
2009,23,6,0.901
2009,24,0,0.751
2009,25,80,1.132
2009,26,28,0.934
2009,27,0,0.463
2009,28,6,0.621
2009,29,0,0.471
2009,30,0,0.583
2009,31,10,0.481
2009,32,16,0.464
2009,33,0,0.462
2009,34,0,0.417
2009,35,3,0.483
2009,36,6,0.638
2009,37,50,0.656
2009,38,80,0.927
2009,39,80,0.786
2009,40,0,0.556
2009,41,16,0.749
2009,42,10,0.663
2009,43,0,0.609
2009,44,3,0.49
2009,45,50,0.851
2009,46,3,0.558
2009,47,28,0.669
2009,48,28,0.833
2009,49,16,0.613
2009,50,6,0.46
2009,51,0,0.548
2009,52,50,0.937
2009,53,50,0.94
2009,54,6,0.928
2011,1,16,0.855
2011,2,28,0.868
2011,3,10,0.634
2011,4,50,0.687
2011,5,80,0.583
2011,6,16,0.645
2011,7,28,0.84
2011,8,16,0.93
2011,9,0,0.652
2011,10,0,1.04
2011,11,10,0.679
2011,12,80,0.824
2011,13,80,1.103
2011,14,80,0.789
2011,15,10,1.094
2011,16,6,0.718
2011,17,28,0.722
2011,18,0,0.623
2011,19,80,0.932
2011,20,28,1.984
2011,21,0,1.292
2011,22,50,1.071
2011,23,0,0.918
2011,24,6,0.972
2011,25,50,0.754
2011,26,50,1.21
2011,27,50,0.885
2011,28,80,0.855
2011,29,3,0.579
2011,30,6,0.62
2011,31,10,0.695
2011,32,0,0.916
2011,33,6,1.201
2011,34,10,0.903
2011,35,50,1.026
2011,36,6,1.252
2011,37,10,0.663
2011,38,3,0.72
2011,39,0,0.644
2011,40,0,0.615
2011,41,28,0.622
2011,42,16,1.214
2011,43,0,0.676
2011,44,6,0.875
2011,45,3,0.772
2011,46,0,0.719
2011,47,0,0.651
2011,48,28,1.24
2011,49,3,0.592
2011,50,3,0.805
2011,51,16,0.542
2011,52,3,0.611
2011,53,0,0.481
2011,54,16,0.574
2016,1,16,0.813
2016,1,28,0.805
2016,2,10,0.6835
2016,2,28,0.761
2016,3,10,0.784
2016,3,80,1.0985
2016,4,28,0.922
2016,4,50,1.2845
2016,5,0,0.768
2016,5,80,0.94
2016,6,3,0.838
2016,6,16,0.6995
2016,7,0,0.5225
2016,7,28,1.073
2016,8,0,0.6145
2016,8,16,0.9675
2016,9,0,0.769
2016,9,50,0.915
2016,10,0,0.758
2016,10,16,0.867
2016,11,10,0.748
2016,11,16,0.8195
2016,12,10,0.9865
2016,12,80,0.9535
2016,13,16,0.7265
2016,13,80,1.002
2016,14,6,0.5455
2016,14,80,1.107
2016,15,3,0.6375
2016,15,10,1.3195
2016,16,3,0.698
2016,16,6,0.668
2016,17,28,0.903
2016,17,80,0.866
2016,18,0,0.881
2016,18,10,1.036
2016,19,80,1.1105
2016,20,10,0.818
2016,20,28,1.359
2016,21,0,1.165
2016,21,28,0.7525
2016,22,50,0.945
2016,23,0,0.86
2016,23,6,0.638
2016,24,0,0.6195
2016,24,6,0.803
2016,25,50,0.814
2016,25,80,0.8675
2016,26,28,0.6315
2016,26,50,1.091
2016,27,0,0.5
2016,27,50,1.3085
2016,28,6,0.61
2016,28,80,1.29
2016,29,0,0.529
2016,29,3,0.898
2016,30,0,0.621
2016,30,6,0.723
2016,31,10,0.593
2016,32,0,0.984
2016,32,16,0.488
2016,33,0,0.439
2016,33,6,1.0535
2016,34,0,0.353
2016,34,10,0.86
2016,35,3,0.483
2016,35,50,0.875
2016,36,6,0.7855
2016,37,10,0.9615
2016,37,50,0.9345
2016,38,3,0.9405
2016,38,80,0.7625
2016,39,0,0.858
2016,39,80,0.8785
2016,40,0,0.610666667
2016,41,16,0.703
2016,41,28,0.966
2016,42,10,0.6385
2016,42,16,1.0135
2016,43,0,0.769
2016,44,3,0.62
2016,44,6,0.7345
2016,45,3,0.575
2016,45,50,0.8005
2016,46,0,0.611
2016,46,3,0.586
2016,47,0,0.574
2016,47,28,0.7165
2016,48,28,0.867
2016,49,3,0.845
2016,49,16,0.6925
2016,50,3,0.671
2016,50,6,0.636
2016,51,0,0.5395
2016,51,16,0.848
2016,52,3,0.7715
2016,52,50,0.706
2016,53,0,0.647
2016,53,50,0.898
2016,54,6,0.975
2016,54,16,0.622
2018,1,16,0.805
2018,1,28,0.785
2018,2,0,0.67
2018,2,10,0.865
2018,2,28,0.87
2018,3,0,0.54
2018,3,10,0.85
2018,3,80,1.46
2018,4,3,0.68
2018,4,28,1.2
2018,4,50,0.995
2018,5,0,0.92
2018,5,80,0.945
2018,6,0,0.69
2018,6,3,1.01
2018,6,16,0.92
2018,7,0,0.826666667
2018,7,28,1.375
2018,8,0,0.63
2018,8,10,0.75
2018,8,16,1.11
2018,9,0,0.82
2018,9,28,0.71
2018,9,50,1.2
2018,10,0,0.84
2018,10,10,0.87
2018,10,16,0.86
2018,11,10,0.87
2018,11,16,0.975
2018,11,50,0.78
2018,12,0,0.7
2018,12,10,0.97
2018,12,80,1.01
2018,13,6,0.65
2018,13,16,0.77
2018,13,80,1.08
2018,14,0,0.84
2018,14,6,0.755
2018,14,80,1.14
2018,15,3,0.745
2018,15,10,1.565
2018,15,28,0.75
2018,16,3,0.71
2018,16,6,0.84
2018,17,0,0.71
2018,17,28,0.91
2018,17,80,0.86
2018,18,0,0.82
2018,18,10,0.97
2018,18,50,1.02
2018,19,28,1
2018,19,80,1.205
2018,20,10,0.68
2018,20,16,0.96
2018,20,28,1.34
2018,21,0,0.96
2018,21,28,0.935
2018,22,3,0.71
2018,22,50,1.105
2018,23,0,1.09
2018,23,6,0.71
2018,23,10,0.78
2018,24,0,0.675
2018,24,6,0.78
2018,25,28,0.82
2018,25,50,1.07
2018,25,80,1.015
2018,26,10,0.96
2018,26,28,0.81
2018,26,50,1.36
2018,27,0,0.46
2018,27,16,0.8
2018,27,50,1.555
2018,28,6,0.6
2018,28,80,1.283333333
2018,29,0,0.54
2018,29,3,0.755
2018,30,0,0.635
2018,30,6,0.88
2018,31,10,0.706666667
2018,31,80,0.81
2018,32,0,0.81
2018,32,16,0.68
2018,32,50,0.9
2018,33,0,0.52
2018,33,6,1.085
2018,33,28,0.97
2018,34,0,0.635
2018,34,10,0.98
2018,35,3,0.663333333
2018,35,50,1.08
2018,36,6,0.808
2018,37,0,0.57
2018,37,10,1.065
2018,37,50,0.865
2018,38,3,0.826666667
2018,38,80,0.95
2018,39,0,1
2018,39,10,0.95
2018,39,80,0.96
2018,40,0,0.69
2018,40,16,0.97
2018,41,6,0.75
2018,41,16,0.655
2018,41,28,1.265
2018,42,10,0.8
2018,42,16,0.946666667
2018,43,0,0.883333333
2018,43,80,0.92
2018,44,3,0.565
2018,44,6,0.9
2018,44,80,0.63
2018,45,3,0.82
2018,45,50,0.886666667
2018,46,0,0.81
2018,46,3,0.605
2018,46,50,1
2018,47,0,0.75
2018,47,6,0.88
2018,47,28,0.755
2018,48,16,0.61
2018,48,28,0.84
2018,49,3,0.97
2018,49,16,0.885
2018,49,28,0.71
2018,50,0,0.51
2018,50,3,0.7
2018,50,6,0.65
2018,51,0,0.62
2018,51,16,0.78
2018,51,50,0.8
2018,52,3,0.95
2018,52,50,0.83
2018,52,80,0.89
2018,53,0,0.69
2018,53,10,0.61
2018,53,50,1.12
2018,54,6,0.9
2018,54,16,0.66
