"Date","Site","Latitude","Longitude","Treatment","Plot_sd","Plot_mean","Plot_sum","Sub.plot_sd","Sub.plot_mean","Sub.plot_sum","Vegetation_Cover_sd","Vegetation_Cover_mean","Vegetation_Cover_sum","Vegetation_Height_sd","Vegetation_Height_mean","Vegetation_Height_sum","Zizaniopsis_miliacea_sd","Zizaniopsis_miliacea_mean","Zizaniopsis_miliacea_sum","Polygonum_hydropiperoides_sd","Polygonum_hydropiperoides_mean","Polygonum_hydropiperoides_sum","Pontederia_cordata_sd","Pontederia_cordata_mean","Pontederia_cordata_sum","Cicuta_maculata_sd","Cicuta_maculata_mean","Cicuta_maculata_sum","Juncus_roemerianus_sd","Juncus_roemerianus_mean","Juncus_roemerianus_sum","Spartina_cynosuroides_sd","Spartina_cynosuroides_mean","Spartina_cynosuroides_sum","Schoenoplectus_americanus_sd","Schoenoplectus_americanus_mean","Schoenoplectus_americanus_sum","Schoenoplectus_robustus_sd","Schoenoplectus_robustus_mean","Schoenoplectus_robustus_sum","Limonium_carolinianum_sd","Limonium_carolinianum_mean","Limonium_carolinianum_sum","Spartina_alterniflora_sd","Spartina_alterniflora_mean","Spartina_alterniflora_sum","Sarcocornia_sp_sd","Sarcocornia_sp_mean","Sarcocornia_sp_sum","Batis_maritima_sd","Batis_maritima_mean","Batis_maritima_sum","Aster_sp_sd","Aster_sp_mean","Aster_sp_sum","Eleocharis_palustris_sd","Eleocharis_palustris_mean","Eleocharis_palustris_sum","Juncus_effusus_sd","Juncus_effusus_mean","Juncus_effusus_sum","Ludwigia_repens_sd","Ludwigia_repens_mean","Ludwigia_repens_sum","Peltandra_virginica_sd","Peltandra_virginica_mean","Peltandra_virginica_sum","Sagittaria_lancifolia_sd","Sagittaria_lancifolia_mean","Sagittaria_lancifolia_sum","Rumex_verticillatus_sd","Rumex_verticillatus_mean","Rumex_verticillatus_sum","Typha_angustifolia_sd","Typha_angustifolia_mean","Typha_angustifolia_sum","Panicum_virgatum_sd","Panicum_virgatum_mean","Panicum_virgatum_sum","Solidago_sempervirens_sd","Solidago_sempervirens_mean","Solidago_sempervirens_sum"
"2010-10","A","31.337287","-81.479561","Control",1.19522860933439,2.5,20,0.534522483824849,1.5,12,0.353553390593274,99.875,799,13.2422484064128,195.75,1566,4.08612635284674,80.875,647,3.52288437018791,8.875,71,1.16496474502144,2.75,22,1.4142135623731,2.5,20,0,0,0,0,0,0,0,0,0,0,0,0,0,0,0,0,0,0,0,0,0,0,0,0,0.517549169506766,0.625,5,0.517549169506766,0.625,5,0.707106781186548,0.75,6,0.462910049886276,0.75,6,0.534522483824849,0.5,4,0.517549169506766,0.625,5,0.517549169506766,0.625,5,0.534522483824849,0.5,4,0,0,0,0,0,0
"2010-10","A","31.337287","-81.479561","Disturbed (March-2010)",1.19522860933439,2.5,20,0.534522483824849,1.5,12,2.82842712474619,92,736,26.9467066633383,69.125,553,7.22965124628133,6.625,53,5.01426536422407,9,72,3.77964473009227,3.5,28,6.18177043526252,8.25,66,0,0,0,0,0,0,0,0,0,0,0,0,0,0,0,0,0,0,0,0,0,0,0,0,0,0,0,0.353553390593274,0.125,1,2.47487373415292,0.875,7,10.7761310311262,70.875,567,0.353553390593274,0.125,1,1.06066017177982,0.375,3,0.353553390593274,0.125,1,0.353553390593274,0.125,1,0,0,0,0,0,0
"2010-10","B","31.304191","-81.401970","Control",1.19522860933439,2.5,20,0.534522483824849,1.5,12,0.707106781186548,99.75,798,17.083304297304,185.875,1487,0,0,0,0,0,0,0,0,0,0,0,0,2.38671920665766,56.375,451,2.90012315009454,25.125,201,2.39045721866879,8,64,1.7268882005338,8.125,65,0,0,0,0,0,0,0,0,0,0,0,0,0,0,0,0,0,0,0,0,0,0,0,0,0,0,0,0,0,0,0,0,0,0,0,0,0.640869944461656,1.125,9,0.462910049886276,1.25,10
"2010-10","B","31.304191","-81.401970","Disturbed (March-2010)",1.19522860933439,2.5,20,0.534522483824849,1.5,12,34,36,288,27.90257284604,34.375,275,0,0,0,0,0,0,0,0,0,0,0,0,2,7,56,1.4142135623731,3,24,7.70899289327545,41.5,332,7.63333853191755,46.625,373,0,0,0,0,0,0,0,0,0,0,0,0,0,0,0,0,0,0,0,0,0,0,0,0,0,0,0,0,0,0,0,0,0,0,0,0,0.744023809142845,0.625,5,0.462910049886276,1.25,10
"2010-10","GCE1","31.539541","-81.422934","Control",1.19522860933439,2.5,20,0.534522483824849,1.5,12,0.353553390593274,99.875,799,7.19126454208755,95,760,0,0,0,0,0,0,0,0,0,0,0,0,2.1380899352994,85,680,0,0,0,0,0,0,0,0,0,1.92260983338497,13.375,107,0,0,0,0,0,0,0,0,0,0,0,0,0,0,0,0,0,0,0,0,0,0,0,0,0,0,0,0,0,0,0,0,0,0,0,0,0.517549169506766,1.625,13
"2010-10","GCE1","31.539541","-81.422934","Disturbed (March-2010)",1.19522860933439,2.5,20,0.534522483824849,1.5,12,26.3750423154705,9.75,78,5.60452623204801,2.375,19,0,0,0,0,0,0,0,0,0,0,0,0,0,0,0,0,0,0,0,0,0,0,0,0,4.59036257515989,3.75,30,4.59036257515989,96.25,770,0,0,0,0,0,0,0,0,0,0,0,0,0,0,0,0,0,0,0,0,0,0,0,0,0,0,0,0,0,0,0,0,0,0,0,0
"2010-10","GCE10","31.476989","-81.271046","Control",1.19522860933439,2.5,20,0.534522483824849,1.5,12,6.2792174216674,91.5,732,14.9803442645927,83.125,665,0,0,0,0,0,0,0,0,0,0,0,0,0,0,0,0,0,0,0,0,0,0,0,0,0,0,0,0,100,800,0,0,0,0,0,0,0,0,0,0,0,0,0,0,0,0,0,0,0,0,0,0,0,0,0,0,0,0,0,0,0,0,0,0,0,0
"2010-10","GCE10","31.476989","-81.271046","Disturbed (March-2010)",1.19522860933439,2.5,20,0.534522483824849,1.5,12,17.8085051911399,68,544,18.4138922710933,26.25,210,0,0,0,0,0,0,0,0,0,0,0,0,0,0,0,0,0,0,0,0,0,0,0,0,0,0,0,21.5737936262627,53,424,21.5737936262627,47,376,0,0,0,0,0,0,0,0,0,0,0,0,0,0,0,0,0,0,0,0,0,0,0,0,0,0,0,0,0,0,0,0,0
"2010-10","GCE2","31.535966","-81.295851","Control",1.19522860933439,2.5,20,0.534522483824849,1.5,12,9.50187951332337,88,704,9.39604780137448,55.5,444,0,0,0,0,0,0,0,0,0,0,0,0,0,0,0,0,0,0,0,0,0,0,0,0,0,0,0,0,100,800,0,0,0,0,0,0,0,0,0,0,0,0,0,0,0,0,0,0,0,0,0,0,0,0,0,0,0,0,0,0,0,0,0,0,0,0
"2010-10","GCE2","31.535966","-81.295851","Disturbed (March-2010)",1.19522860933439,2.5,20,0.534522483824849,1.5,12,39.5618864204281,45.5,364,24.0639030203213,29.25,234,0,0,0,0,0,0,0,0,0,0,0,0,0,0,0,0,0,0,0,0,0,0,0,0,0,0,0,30.859126920341,53.5,428,30.859126920341,46.5,372,0,0,0,0,0,0,0,0,0,0,0,0,0,0,0,0,0,0,0,0,0,0,0,0,0,0,0,0,0,0,0,0,0
"2010-10","GCE3","31.529377","-81.233146","Control",1.19522860933439,2.5,20,0.534522483824849,1.5,12,2.0658792662828,98.375,787,9.82707629823991,40,320,0,0,0,0,0,0,0,0,0,0,0,0,0,0,0,0,0,0,0,0,0,0,0,0,0,0,0,2.77424378370549,75.375,603,2.61520280557469,15.375,123,3.05894472933769,9.25,74,0,0,0,0,0,0,0,0,0,0,0,0,0,0,0,0,0,0,0,0,0,0,0,0,0,0,0,0,0,0
"2010-10","GCE3","31.529377","-81.233146","Disturbed (March-2010)",1.19522860933439,2.5,20,0.534522483824849,1.5,12,43.2498967793979,32.625,261,18.8679622641132,16.5,132,0,0,0,0,0,0,0,0,0,0,0,0,0,0,0,0,0,0,0,0,0,0,0,0,0,0,0,2.92464894108189,26.375,211,3.28416112359219,44.25,354,2.19983765634778,29.375,235,0,0,0,0,0,0,0,0,0,0,0,0,0,0,0,0,0,0,0,0,0,0,0,0,0,0,0,0,0,0
"2010-10","GCE4","31.452473","-81.365615","Control",1.19522860933439,2.5,20,0.534522483824849,1.5,12,1.0690449676497,99,792,16.5868924153984,75.625,605,0,0,0,0,0,0,0,0,0,0,0,0,0,0,0,0,0,0,0,0,0,0,0,0,0,0,0,0,100,800,0,0,0,0,0,0,0,0,0,0,0,0,0,0,0,0,0,0,0,0,0,0,0,0,0,0,0,0,0,0,0,0,0,0,0,0
"2010-10","GCE4","31.452473","-81.365615","Disturbed (March-2010)",1.19522860933439,2.5,20,0.534522483824849,1.5,12,16.6813625685331,20.375,163,12.6596941962615,17.625,141,0,0,0,0,0,0,0,0,0,0,0,0,0,0,0,0,0,0,0,0,0,0,0,0,0,0,0,8.68393426309264,31.625,253,8.68393426309264,68.375,547,0,0,0,0,0,0,0,0,0,0,0,0,0,0,0,0,0,0,0,0,0,0,0,0,0,0,0,0,0,0,0,0,0
"2010-10","GCE5","31.431113","-81.337060","Control",1.19522860933439,2.5,20,0.534522483824849,1.5,12,3.42000417710689,93.625,749,9.89949493661167,62.5,500,0,0,0,0,0,0,0,0,0,0,0,0,0,0,0,0,0,0,0,0,0,0,0,0,0,0,0,0,100,800,0,0,0,NA,NA,0,0,0,0,0,0,0,0,0,0,0,0,0,0,0,0,0,0,0,0,0,0,0,0,0,0,0,0,0,0,0
"2010-10","GCE5","31.431113","-81.337060","Disturbed (March-2010)",1.19522860933439,2.5,20,0.534522483824849,1.5,12,1.40788595317336,1.625,13,3.19597961731387,4.25,34,0,0,0,0,0,0,0,0,0,0,0,0,0,0,0,0,0,0,0,0,0,0,0,0,0,0,0,1.1259916264596,21.125,169,1.1259916264596,78.875,631,NA,NA,0,0,0,0,0,0,0,0,0,0,0,0,0,0,0,0,0,0,0,0,0,0,0,0,0,0,0,0,0,0,0
"2010-10","GCE6","31.387885","-81.280466","Control",1.19522860933439,2.5,20,0.534522483824849,1.5,12,4.65794252556089,92.375,739,4.83292280686779,44.75,358,0,0,0,0,0,0,0,0,0,0,0,0,0,0,0,0,0,0,0,0,0,0,0,0,0,0,0,0,100,800,0,0,0,NA,NA,0,0,0,0,0,0,0,0,0,0,0,0,0,0,0,0,0,0,0,0,0,0,0,0,0,0,0,0,0,0,0
"2010-10","GCE6","31.387885","-81.280466","Disturbed (March-2010)",1.19522860933439,2.5,20,0.534522483824849,1.5,12,32.5442007122621,39.625,317,5.31843156256751,31.5,252,0,0,0,0,0,0,0,0,0,0,0,0,0,0,0,0,0,0,0,0,0,0,0,0,0,0,0,17.7356581898888,76.625,613,17.7356581898888,23.375,187,NA,NA,0,0,0,0,0,0,0,0,0,0,0,0,0,0,0,0,0,0,0,0,0,0,0,0,0,0,0,0,0,0,0
"2010-10","GCE7","31.334938","-81.478558","Control",1.19522860933439,2.5,20,0.534522483824849,1.5,12,5.78174466995659,96,768,18.3103210551551,196.875,1575,4.72077475481666,79,632,6.47936284345481,11.375,91,2.82526863450944,3.625,29,1.45773797371133,2.125,17,0,0,0,0,0,0,0,0,0,0,0,0,0,0,0,0,0,0,0,0,0,0,0,0,0.517549169506766,0.625,5,0.462910049886276,0.75,6,0.534522483824849,0.5,4,0.517549169506766,0.375,3,0.534522483824849,0.5,4,0.517549169506766,0.375,3,0.517549169506766,0.625,5,0.353553390593274,0.125,1,0,0,0,0,0,0
"2010-10","GCE7","31.334938","-81.478558","Disturbed (March-2010)",1.19522860933439,2.5,20,0.534522483824849,1.5,12,9.96332560658624,93.125,745,14.0553751792178,90.875,727,2.47487373415292,0.875,7,9.21082437756174,30.375,243,11.3892179588541,16.5,132,6.32455532033676,8,64,0,0,0,0,0,0,0,0,0,0,0,0,0,0,0,0,0,0,0,0,0,0,0,0,0.517549169506766,0.375,3,0.517549169506766,0.375,3,5.28474894659826,3.75,30,19.2905417238604,38.875,311,0.462910049886276,0.25,2,0.462910049886276,0.25,2,0.462910049886276,0.25,2,0.353553390593274,0.125,1,0,0,0,0,0,0
"2010-10","GCE8","31.307917","-81.409196","Control",1.19522860933439,2.5,20,0.534522483824849,1.5,12,10.8290284487048,85.125,681,10.0427656976125,104.5,836,0,0,0,0,0,0,0,0,0,0,0,0,2.87538817255291,83.625,669,0.534522483824849,2.5,20,1.75254916376933,6.75,54,1.66904592079256,4.75,38,NA,NA,0,0,0,0,0,0,0,0,0,0,0,0,0,0,0,0,0,0,0,0,0,0,0,0,0,0,0,0,0,0,0,0,0,0,0.640869944461656,1.125,9,0.707106781186548,1.25,10
"2010-10","GCE8","31.307917","-81.409196","Disturbed (March-2010)",1.19522860933439,2.5,20,0.534522483824849,1.5,12,24.7007084918631,46.875,375,21.4771473232098,51.125,409,0,0,0,0,0,0,0,0,0,0,0,0,5.8309518948453,30.5,244,0.517549169506766,0.375,3,4.95515604482557,39.375,315,5.39675828623073,27.625,221,NA,0,0,0,0,0,0,0,0,0,0,0,0,0,0,0,0,0,0,0,0,0,0,0,0,0,0,0,0,0,0,0,0,0,0,0,0,0,0,1.64208056179609,2.125,17
"2010-10","GCE9","31.350871","-81.333681","Control",1.19522860933439,2.5,20,0.534522483824849,1.5,12,0.353553390593274,99.875,799,3.52288437018791,75.125,601,0,0,0,0,0,0,0,0,0,0,0,0,0,0,0,0,0,0,0,0,0,0,0,0,0,0,0,0,100,800,0,0,0,0,0,0,0,0,0,0,0,0,0,0,0,0,0,0,0,0,0,0,0,0,0,0,0,0,0,0,0,0,0,0,0,0
"2010-10","GCE9","31.350871","-81.333681","Disturbed (March-2010)",1.19522860933439,2.5,20,0.534522483824849,1.5,12,1.18773493916542,98.375,787,5.55492059863531,56.5,452,0,0,0,0,0,0,0,0,0,0,0,0,0,0,0,0,0,0,0,0,0,0,0,0,0,0,0,1.80772153354911,95.125,761,1.80772153354911,4.875,39,0,0,0,0,0,0,0,0,0,0,0,0,0,0,0,0,0,0,0,0,0,0,0,0,0,0,0,0,0,0,0,0,0
"2011-10","A","31.337287","-81.479561","Control",1.19522860933439,2.5,20,0.534522483824849,1.5,12,0.353553390593274,99.875,799,11.1483502943581,173,1384,1.99553072067128,83.375,667,1.77281052085584,8,64,0.640869944461656,2.125,17,0.886405260427918,2.25,18,0,0,0,0,0,0,0,0,0,0,0,0,0,0,0,0,0,0,0,0,0,0,0,0,0.707106781186548,0.75,6,0.534522483824849,0.5,4,0.517549169506766,0.375,3,0.534522483824849,0.5,4,0.517549169506766,0.625,5,0.462910049886276,0.75,6,0.517549169506766,0.375,3,0.517549169506766,0.375,3,0,0,0,0,0,0
"2011-10","A","31.337287","-81.479561","Disturbed (March-2010)",1.19522860933439,2.5,20,0.534522483824849,1.5,12,0.353553390593274,99.875,799,23.9638865199879,141.375,1131,18.4347304215246,31.875,255,10.8857705285386,31.25,250,6.69221295878383,6.25,50,10.0818082278358,10.75,86,0,0,0,0,0,0,0,0,0,0,0,0,0,0,0,0,0,0,0,0,0,0,0,0,0,0,0,0.353553390593274,0.125,1,1.4142135623731,0.5,4,7.15017482303755,18.375,147,0.353553390593274,0.125,1,1.4142135623731,0.5,4,0.353553390593274,0.125,1,0.353553390593274,0.125,1,0,0,0,0,0,0
"2011-10","B","31.304191","-81.401970","Control",1.19522860933439,2.5,20,0.534522483824849,1.5,12,2.1380899352994,99,792,11.3609607239629,189.75,1518,0,0,0,0,0,0,0,0,0,0,0,0,2.60494036125864,55.75,446,2.23207142742853,24.875,199,2.18762754730194,8.25,66,2.18762754730194,8.75,70,0,0,0,0,0,0,0,0,0,0,0,0,0,0,0,0,0,0,0,0,0,0,0,0,0,0,0,0,0,0,0,0,0,0,0,0,0.640869944461656,1.125,9,0.462910049886276,1.25,10
"2011-10","B","31.304191","-81.401970","Disturbed (March-2010)",1.19522860933439,2.5,20,0.534522483824849,1.5,12,27.259336539458,75.75,606,17.6589718192845,80.125,641,0,0,0,0,0,0,0,0,0,0,0,0,1.7268882005338,8.875,71,1.51185789203691,4.5,36,5.23040561114937,39.75,318,5.63154381269344,44.5,356,0,0,0,0,0,0,0,0,0,0,0,0,0,0,0,0,0,0,0,0,0,0,0,0,0,0,0,0,0,0,0,0,0,0,0,0,0.83452296039628,0.875,7,0.534522483824849,1.5,12
"2011-10","GCE1","31.539541","-81.422934","Control",1.19522860933439,2.5,20,0.534522483824849,1.5,12,4.07080195679286,97.5,780,8.29694436008135,90.375,723,0,0,0,0,0,0,0,0,0,0,0,0,2.5319388392523,84.875,679,0,0,0,0,0,0,0,0,0,2.44584195260913,13.375,107,0,0,0,0,0,0,0,0,0,0,0,0,0,0,0,0,0,0,0,0,0,0,0,0,0,0,0,0,0,0,0,0,0,0,0,0,0.462910049886276,1.75,14
"2011-10","GCE1","31.539541","-81.422934","Disturbed (March-2010)",1.19522860933439,2.5,20,0.534522483824849,1.5,12,31.7554832160639,15.125,121,12.6540507348438,6.125,49,0,0,0,0,0,0,0,0,0,0,0,0,0,0,0,0,0,0,0,0,0,0,0,0,2.81577190634672,3.75,30,2.81577190634672,96.25,770,0,0,0,0,0,0,0,0,0,0,0,0,0,0,0,0,0,0,0,0,0,0,0,0,0,0,0,0,0,0,0,0,0,0,0,0
"2011-10","GCE10","31.476989","-81.271046","Control",1.19522860933439,2.5,20,0.534522483824849,1.5,12,1.64208056179609,98.125,785,12.911097109519,71.875,575,0,0,0,0,0,0,0,0,0,0,0,0,0,0,0,0,0,0,0,0,0,0,0,0,0,0,0,0,100,800,0,0,0,0,0,0,0,0,0,0,0,0,0,0,0,0,0,0,0,0,0,0,0,0,0,0,0,0,0,0,0,0,0,0,0,0
"2011-10","GCE10","31.476989","-81.271046","Disturbed (March-2010)",1.19522860933439,2.5,20,0.534522483824849,1.5,12,5.34522483824849,76,608,8.3623305022327,60.25,482,0,0,0,0,0,0,0,0,0,0,0,0,0,0,0,0,0,0,0,0,0,0,0,0,0,0,0,19.1455888242846,75.375,603,19.1455888242846,24.625,197,0,0,0,0,0,0,0,0,0,0,0,0,0,0,0,0,0,0,0,0,0,0,0,0,0,0,0,0,0,0,0,0,0
"2011-10","GCE2","31.535966","-81.295851","Control",1.19522860933439,2.5,20,0.534522483824849,1.5,12,10.3363090953341,88.625,709,14.1868903267368,55.125,441,0,0,0,0,0,0,0,0,0,0,0,0,0,0,0,0,0,0,0,0,0,0,0,0,0,0,0,0,100,800,0,0,0,0,0,0,0,0,0,0,0,0,0,0,0,0,0,0,0,0,0,0,0,0,0,0,0,0,0,0,0,0,0,0,0,0
"2011-10","GCE2","31.535966","-81.295851","Disturbed (March-2010)",1.19522860933439,2.5,20,0.534522483824849,1.5,12,22.7183846256727,65.125,521,10.2669720115385,40.625,325,0,0,0,0,0,0,0,0,0,0,0,0,0,0,0,0,0,0,0,0,0,0,0,0,0,0,0,3.11390888939105,82.625,661,3.11390888939105,17.375,139,0,0,0,0,0,0,0,0,0,0,0,0,0,0,0,0,0,0,0,0,0,0,0,0,0,0,0,0,0,0,0,0,0
"2011-10","GCE3","31.529377","-81.233146","Control",1.19522860933439,2.5,20,0.534522483824849,1.5,12,1.58113883008419,98.25,786,7.97204938698773,39.875,319,0,0,0,0,0,0,0,0,0,0,0,0,0,0,0,0,0,0,0,0,0,0,0,0,0,0,0,2.67261241912424,75,600,4.53360468375568,15.375,123,2.61520280557469,9.625,77,0,0,0,0,0,0,0,0,0,0,0,0,0,0,0,0,0,0,0,0,0,0,0,0,0,0,0,0,0,0
"2011-10","GCE3","31.529377","-81.233146","Disturbed (March-2010)",1.19522860933439,2.5,20,0.534522483824849,1.5,12,43.2977647064075,58.875,471,18.4545774422344,29.5,236,0,0,0,0,0,0,0,0,0,0,0,0,0,0,0,0,0,0,0,0,0,0,0,0,0,0,0,5.8554004376912,43,344,4.0355562548073,34,272,3.54562104171167,23,184,0,0,0,0,0,0,0,0,0,0,0,0,0,0,0,0,0,0,0,0,0,0,0,0,0,0,0,0,0,0
"2011-10","GCE4","31.452473","-81.365615","Control",1.19522860933439,2.5,20,0.534522483824849,1.5,12,5.9386746958271,86.875,695,11.3633181773635,53.625,429,0,0,0,0,0,0,0,0,0,0,0,0,0,0,0,0,0,0,0,0,0,0,0,0,0,0,0,0,100,800,0,0,0,0,0,0,0,0,0,0,0,0,0,0,0,0,0,0,0,0,0,0,0,0,0,0,0,0,0,0,0,0,0,0,0,0
"2011-10","GCE4","31.452473","-81.365615","Disturbed (March-2010)",1.19522860933439,2.5,20,0.534522483824849,1.5,12,5.80640040940045,77,616,10.6066017177982,50.25,402,0,0,0,0,0,0,0,0,0,0,0,0,0,0,0,0,0,0,0,0,0,0,0,0,0,0,0,2.97309362689534,95.375,763,2.97309362689534,4.625,37,0,0,0,0,0,0,0,0,0,0,0,0,0,0,0,0,0,0,0,0,0,0,0,0,0,0,0,0,0,0,0,0,0
"2011-10","GCE5","31.431113","-81.337060","Control",1.19522860933439,2.5,20,0.534522483824849,1.5,12,8.77903346453518,86.75,694,13.4774944682926,64.25,514,0,0,0,0,0,0,0,0,0,0,0,0,0,0,0,0,0,0,0,0,0,0,0,0,0,0,0,0,100,800,0,0,0,NA,NA,0,0,0,0,0,0,0,0,0,0,0,0,0,0,0,0,0,0,0,0,0,0,0,0,0,0,0,0,0,0,0
"2011-10","GCE5","31.431113","-81.337060","Disturbed (March-2010)",1.19522860933439,2.5,20,0.534522483824849,1.5,12,20.1263863763823,43.75,350,5.7678295001549,50.875,407,0,0,0,0,0,0,0,0,0,0,0,0,0,0,0,0,0,0,0,0,0,0,0,0,0,0,0,20.1263863763823,43.75,350,20.1263863763823,56.25,450,NA,NA,0,0,0,0,0,0,0,0,0,0,0,0,0,0,0,0,0,0,0,0,0,0,0,0,0,0,0,0,0,0,0
"2011-10","GCE6","31.387885","-81.280466","Control",1.19522860933439,2.5,20,0.534522483824849,1.5,12,4.78091443733757,80.5,644,7.86379588457672,52.125,417,0,0,0,0,0,0,0,0,0,0,0,0,0,0,0,0,0,0,0,0,0,0,0,0,0,0,0,0,100,800,0,0,0,NA,NA,0,0,0,0,0,0,0,0,0,0,0,0,0,0,0,0,0,0,0,0,0,0,0,0,0,0,0,0,0,0,0
"2011-10","GCE6","31.387885","-81.280466","Disturbed (March-2010)",1.19522860933439,2.5,20,0.534522483824849,1.5,12,20.8767642539328,69.125,553,5.82482372510718,47.25,378,0,0,0,0,0,0,0,0,0,0,0,0,0,0,0,0,0,0,0,0,0,0,0,0,0,0,0,1.99553072067128,95.375,763,1.99553072067128,4.625,37,NA,NA,0,0,0,0,0,0,0,0,0,0,0,0,0,0,0,0,0,0,0,0,0,0,0,0,0,0,0,0,0,0,0
"2011-10","GCE7","31.334938","-81.478558","Control",1.19522860933439,2.5,20,0.534522483824849,1.5,12,0,100,800,9.57582521621132,183.625,1469,4.42194204265178,80.875,647,3.15945293637092,10.625,85,2.77746029931765,1.5,12,0.886405260427918,2.25,18,0,0,0,0,0,0,0,0,0,0,0,0,0,0,0,0,0,0,0,0,0,0,0,0,0.517549169506766,0.375,3,0.534522483824849,0.5,4,0.517549169506766,0.625,5,0.517549169506766,0.625,5,0.462910049886276,0.75,6,0.462910049886276,0.75,6,0.462910049886276,0.75,6,0.517549169506766,0.375,3,0,0,0,0,0,0
"2011-10","GCE7","31.334938","-81.478558","Disturbed (March-2010)",1.19522860933439,2.5,20,0.534522483824849,1.5,12,0,100,800,30.2407010500749,123.25,986,11.6985957643276,38.5,308,10.3570197037013,38.125,305,3.11390888939105,5.375,43,4.30738568374965,6.625,53,0,0,0,0,0,0,0,0,0,0,0,0,0,0,0,0,0,0,0,0,0,0,0,0,0,0,0,0.353553390593274,0.125,1,0.353553390593274,0.125,1,3.24037034920393,9.75,78,0.517549169506766,0.375,3,0.462910049886276,0.25,2,0.517549169506766,0.375,3,0.517549169506766,0.375,3,0,0,0,0,0,0
"2011-10","GCE8","31.307917","-81.409196","Control",1.19522860933439,2.5,20,0.534522483824849,1.5,12,6.90238054173031,96.25,770,12.1295094707082,104.625,837,0,0,0,0,0,0,0,0,0,0,0,0,2.26384628453435,83.625,669,0.707106781186548,2.25,18,2.26778683805536,6,48,1.77281052085584,5,40,NA,NA,0,0,0,0,0,0,0,0,0,0,0,0,0,0,0,0,0,0,0,0,0,0,0,0,0,0,0,0,0,0,0,0,0,0,0.916125381312904,1.625,13,0.755928946018454,1.5,12
"2011-10","GCE8","31.307917","-81.409196","Disturbed (March-2010)",1.19522860933439,2.5,20,0.534522483824849,1.5,12,24.1804968636178,73.125,585,10.2782711164309,76.25,610,0,0,0,0,0,0,0,0,0,0,0,0,1.84681192483541,35.625,285,0.517549169506766,0.625,5,2.97609523657138,32,256,2.65921578128376,29.25,234,NA,NA,0,0,0,0,0,0,0,0,0,0,0,0,0,0,0,0,0,0,0,0,0,0,0,0,0,0,0,0,0,0,0,0,0,0,0,0,0,1.69030850945703,2.5,20
"2011-10","GCE9","31.350871","-81.333681","Control",1.19522860933439,2.5,20,0.534522483824849,1.5,12,5.18066460160139,86.375,691,5.0709255283711,61,488,0,0,0,0,0,0,0,0,0,0,0,0,0,0,0,0,0,0,0,0,0,0,0,0,0,0,0,0,100,800,0,0,0,0,0,0,0,0,0,0,0,0,0,0,0,0,0,0,0,0,0,0,0,0,0,0,0,0,0,0,0,0,0,0,0,0
"2011-10","GCE9","31.350871","-81.333681","Disturbed (March-2010)",1.19522860933439,2.5,20,0.534522483824849,1.5,12,18.7445230095925,76.25,610,3.50509832753866,51.5,412,0,0,0,0,0,0,0,0,0,0,0,0,0,0,0,0,0,0,0,0,0,0,0,0,0,0,0,1.48804761828569,95.75,766,1.48804761828569,4.25,34,0,0,0,0,0,0,0,0,0,0,0,0,0,0,0,0,0,0,0,0,0,0,0,0,0,0,0,0,0,0,0,0,0
"2012-10","A","31.337287","-81.479561","Control",1.19522860933439,2.5,20,0.534522483824849,1.5,12,0.353553390593274,99.875,799,7.12640963499252,182.25,1458,2.66926956300783,81.375,651,2.61520280557469,6.375,51,2.56347977784662,4,32,1.5526475085203,3.125,25,0,0,0,0,0,0,0,0,0,0,0,0,0,0,0,0,0,0,0,0,0,0,0,0,0.462910049886276,0.75,6,0.517549169506766,0.375,3,0.707106781186548,0.75,6,0.462910049886276,0.75,6,0.462910049886276,0.75,6,0.534522483824849,0.5,4,0.640869944461656,0.875,7,0.517549169506766,0.375,3,0,0,0,0,0,0
"2012-10","A","31.337287","-81.479561","Disturbed (March-2010)",1.19522860933439,2.5,20,0.534522483824849,1.5,12,0,100,800,11.2725963544974,163.75,1310,16.4093832042176,72.125,577,10.9381377365097,13.25,106,9.99910710299389,10.375,83,4.0355562548073,2,16,0,0,0,0,0,0,0,0,0,0,0,0,0,0,0,0,0,0,0,0,0,0,0,0,0.353553390593274,0.125,1,0.353553390593274,0.125,1,0.353553390593274,0.125,1,0.517549169506766,1.375,11,0.353553390593274,0.125,1,0.353553390593274,0.125,1,0.353553390593274,0.125,1,0.353553390593274,0.125,1,0,0,0,0,0,0
"2012-10","B","31.304191","-81.401970","Control",1.19522860933439,2.5,20,0.534522483824849,1.5,12,1.83225076262581,98.75,790,21.0199734946143,131.875,1055,0,0,0,0,0,0,0,0,0,0,0,0,3.33809184158512,56.5,452,2.43486579272276,24.75,198,1.88509188862809,7.875,63,2,8.5,68,0,0,0,0,0,0,0,0,0,0,0,0,0,0,0,0,0,0,0,0,0,0,0,0,0,0,0,0,0,0,0,0,0,0,0,0,0.353553390593274,1.125,9,0.462910049886276,1.25,10
"2012-10","B","31.304191","-81.401970","Disturbed (March-2010)",1.19522860933439,2.5,20,0.534522483824849,1.5,12,28.2842712474619,83,664,28.6144319231697,80.75,646,0,0,0,0,0,0,0,0,0,0,0,0,1.64208056179609,9.875,79,1.7268882005338,5.125,41,6.17454451761423,38.125,305,6.71352579286239,44.25,354,0,0,0,0,0,0,0,0,0,0,0,0,0,0,0,0,0,0,0,0,0,0,0,0,0,0,0,0,0,0,0,0,0,0,0,0,0.640869944461656,1.125,9,0.534522483824849,1.5,12
"2012-10","GCE1","31.539541","-81.422934","Control",1.19522860933439,2.5,20,0.534522483824849,1.5,12,0.353553390593274,99.875,799,6.30192714288937,88.5,708,0,0,0,0,0,0,0,0,0,0,0,0,1.68501801601221,85.375,683,0,0,0,0,0,0,0,0,0,1.69030850945703,13,104,0,0,0,0,0,0,0,0,0,0,0,0,0,0,0,0,0,0,0,0,0,0,0,0,0,0,0,0,0,0,0,0,0,0,0,0,0.517549169506766,1.625,13
"2012-10","GCE1","31.539541","-81.422934","Disturbed (March-2010)",1.19522860933439,2.5,20,0.534522483824849,1.5,12,40.1772856937136,50.75,406,31.2901171070264,40.25,322,0,0,0,0,0,0,0,0,0,0,0,0,0,0,0,0,0,0,0,0,0,0,0,0,2.49284690951645,4.25,34,2.49284690951645,95.75,766,0,0,0,0,0,0,0,0,0,0,0,0,0,0,0,0,0,0,0,0,0,0,0,0,0,0,0,0,0,0,0,0,0,0,0,0
"2012-10","GCE10","31.476989","-81.271046","Control",1.19522860933439,2.5,20,0.534522483824849,1.5,12,7.09124208342335,89.5,716,13.9488862842676,82,656,0,0,0,0,0,0,0,0,0,0,0,0,0,0,0,0,0,0,0,0,0,0,0,0,0,0,0,0,100,800,0,0,0,0,0,0,0,0,0,0,0,0,0,0,0,0,0,0,0,0,0,0,0,0,0,0,0,0,0,0,0,0,0,0,0,0
"2012-10","GCE10","31.476989","-81.271046","Disturbed (March-2010)",1.19522860933439,2.5,20,0.534522483824849,1.5,12,9.86697232473786,85.75,686,11.0194633003868,71.5,572,0,0,0,0,0,0,0,0,0,0,0,0,0,0,0,0,0,0,0,0,0,0,0,0,0,0,0,2.54950975679639,95.25,762,2.54950975679639,4.75,38,0,0,0,0,0,0,0,0,0,0,0,0,0,0,0,0,0,0,0,0,0,0,0,0,0,0,0,0,0,0,0,0,0
"2012-10","GCE2","31.535966","-81.295851","Control",1.19522860933439,2.5,20,0.534522483824849,1.5,12,3.46152319898955,91.625,733,16.6770800801579,54.875,439,0,0,0,0,0,0,0,0,0,0,0,0,0,0,0,0,0,0,0,0,0,0,0,0,0,0,0,0,100,800,0,0,0,0,0,0,0,0,0,0,0,0,0,0,0,0,0,0,0,0,0,0,0,0,0,0,0,0,0,0,0,0,0,0,0,0
"2012-10","GCE2","31.535966","-81.295851","Disturbed (March-2010)",1.19522860933439,2.5,20,0.534522483824849,1.5,12,8.3996173382227,84.625,677,11.7526592735432,47.125,377,0,0,0,0,0,0,0,0,0,0,0,0,0,0,0,0,0,0,0,0,0,0,0,0,0,0,0,1.19522860933439,96.5,772,1.19522860933439,3.5,28,0,0,0,0,0,0,0,0,0,0,0,0,0,0,0,0,0,0,0,0,0,0,0,0,0,0,0,0,0,0,0,0,0
"2012-10","GCE3","31.529377","-81.233146","Control",1.19522860933439,2.5,20,0.534522483824849,1.5,12,2.18762754730194,97.25,778,9.33503385868831,38.5,308,0,0,0,0,0,0,0,0,0,0,0,0,0,0,0,0,0,0,0,0,0,0,0,0,0,0,0,2.58774584753383,75.125,601,4.51782185192315,15.125,121,2.60494036125864,9.75,78,0,0,0,0,0,0,0,0,0,0,0,0,0,0,0,0,0,0,0,0,0,0,0,0,0,0,0,0,0,0
"2012-10","GCE3","31.529377","-81.233146","Disturbed (March-2010)",1.19522860933439,2.5,20,0.534522483824849,1.5,12,38.1603758591852,72.75,582,6.94879228972303,31.5,252,0,0,0,0,0,0,0,0,0,0,0,0,0,0,0,0,0,0,0,0,0,0,0,0,0,0,0,2.49284690951645,55.25,442,2.67261241912424,28.5,228,2.9277002188456,18.5,148,0,0,0,0,0,0,0,0,0,0,0,0,0,0,0,0,0,0,0,0,0,0,0,0,0,0,0,0,0,0
"2012-10","GCE4","31.452473","-81.365615","Control",1.19522860933439,2.5,20,0.534522483824849,1.5,12,6,90,720,20.2197746207589,58.625,469,0,0,0,0,0,0,0,0,0,0,0,0,0,0,0,0,0,0,0,0,0,0,0,0,0,0,0,0,100,800,0,0,0,0,0,0,0,0,0,0,0,0,0,0,0,0,0,0,0,0,0,0,0,0,0,0,0,0,0,0,0,0,0,0,0,0
"2012-10","GCE4","31.452473","-81.365615","Disturbed (March-2010)",1.19522860933439,2.5,20,0.534522483824849,1.5,12,8.05339325111737,87,696,15.9188791780613,48.375,387,0,0,0,0,0,0,0,0,0,0,0,0,0,0,0,0,0,0,0,0,0,0,0,0,0,0,0,3.15096357144468,95.75,766,3.15096357144468,4.25,34,0,0,0,0,0,0,0,0,0,0,0,0,0,0,0,0,0,0,0,0,0,0,0,0,0,0,0,0,0,0,0,0,0
"2012-10","GCE5","31.431113","-81.337060","Control",1.19522860933439,2.5,20,0.534522483824849,1.5,12,5.31675249968034,89.375,715,9.85248337077656,56.75,454,0,0,0,0,0,0,0,0,0,0,0,0,0,0,0,0,0,0,0,0,0,0,0,0,0,0,0,0,100,800,0,0,0,NA,NA,0,0,0,0,0,0,0,0,0,0,0,0,0,0,0,0,0,0,0,0,0,0,0,0,0,0,0,0,0,0,0
"2012-10","GCE5","31.431113","-81.337060","Disturbed (March-2010)",1.19522860933439,2.5,20,0.534522483824849,1.5,12,8.74132222754168,80.875,647,9.75320460156558,52.625,421,0,0,0,0,0,0,0,0,0,0,0,0,0,0,0,0,0,0,0,0,0,0,0,0,0,0,0,1.8516401995451,95.5,764,1.8516401995451,4.5,36,NA,NA,0,0,0,0,0,0,0,0,0,0,0,0,0,0,0,0,0,0,0,0,0,0,0,0,0,0,0,0,0,0,0
"2012-10","GCE6","31.387885","-81.280466","Control",1.19522860933439,2.5,20,0.534522483824849,1.5,12,5.75077634510581,87.25,698,8.54818276427385,44.25,354,0,0,0,0,0,0,0,0,0,0,0,0,0,0,0,0,0,0,0,0,0,0,0,0,0,0,0,0,100,800,0,0,0,NA,NA,0,0,0,0,0,0,0,0,0,0,0,0,0,0,0,0,0,0,0,0,0,0,0,0,0,0,0,0,0,0,0
"2012-10","GCE6","31.387885","-81.280466","Disturbed (March-2010)",1.19522860933439,2.5,20,0.534522483824849,1.5,12,6,82,656,5.25764749130798,40.25,322,0,0,0,0,0,0,0,0,0,0,0,0,0,0,0,0,0,0,0,0,0,0,0,0,0,0,0,2.5319388392523,95.875,767,2.5319388392523,4.125,33,NA,NA,0,0,0,0,0,0,0,0,0,0,0,0,0,0,0,0,0,0,0,0,0,0,0,0,0,0,0,0,0,0,0
"2012-10","GCE7","31.334938","-81.478558","Control",1.19522860933439,2.5,20,0.534522483824849,1.5,12,0.353553390593274,99.875,799,6.85435211067704,189.875,1519,4.36708467646651,80.25,642,4.03334317196754,10.375,83,2.50713268211203,2.5,20,0.744023809142845,1.625,13,0,0,0,0,0,0,0,0,0,0,0,0,0,0,0,0,0,0,0,0,0,0,0,0,0.462910049886276,0.75,6,0.517549169506766,0.625,5,0.517549169506766,0.625,5,0.353553390593274,0.875,7,0.462910049886276,0.75,6,0.517549169506766,0.625,5,0.517549169506766,0.625,5,0.517549169506766,0.375,3,0,0,0,0,0,0
"2012-10","GCE7","31.334938","-81.478558","Disturbed (March-2010)",1.19522860933439,2.5,20,0.534522483824849,1.5,12,0,100,800,53.4039525021991,136.375,1091,25.9491260518951,50.25,402,26.7033973226522,39.75,318,4.83292280686779,4.75,38,3.38061701891407,2.5,20,0,0,0,0,0,0,0,0,0,0,0,0,0,0,0,0,0,0,0,0,0,0,0,0,0.353553390593274,0.125,1,0.462910049886276,0.25,2,0.462910049886276,0.25,2,0.462910049886276,0.25,2,0.534522483824849,0.5,4,0.517549169506766,0.375,3,0.517549169506766,0.625,5,0.517549169506766,0.375,3,0,0,0,0,0,0
"2012-10","GCE8","31.307917","-81.409196","Control",1.19522860933439,2.5,20,0.534522483824849,1.5,12,0.462910049886276,99.75,798,28.7538817255291,128.75,1030,0,0,0,0,0,0,0,0,0,0,0,0,1.30930734141595,83,664,1.28173988892331,4.25,34,0.83452296039628,5.125,41,1.35620268186054,5.125,41,NA,NA,0,0,0,0,0,0,0,0,0,0,0,0,0,0,0,0,0,0,0,0,0,0,0,0,0,0,0,0,0,0,0,0,0,0,0.462910049886276,1.25,10,0.462910049886276,1.25,10
"2012-10","GCE8","31.307917","-81.409196","Disturbed (March-2010)",1.19522860933439,2.5,20,0.534522483824849,1.5,12,3.81725406168211,97,776,19.179136730163,106.875,855,0,0,0,0,0,0,0,0,0,0,0,0,2.77746029931765,51.5,412,0.534522483824849,0.5,4,3.60307408432617,25.125,201,2.74837614393871,21.125,169,NA,NA,0,0,0,0,0,0,0,0,0,0,0,0,0,0,0,0,0,0,0,0,0,0,0,0,0,0,0,0,0,0,0,0,0,0,0.517549169506766,0.375,3,0.517549169506766,1.375,11
"2012-10","GCE9","31.350871","-81.333681","Control",1.19522860933439,2.5,20,0.534522483824849,1.5,12,1.45773797371133,95.875,767,4.43806585929373,66.625,533,0,0,0,0,0,0,0,0,0,0,0,0,0,0,0,0,0,0,0,0,0,0,0,0,0,0,0,0,100,800,0,0,0,0,0,0,0,0,0,0,0,0,0,0,0,0,0,0,0,0,0,0,0,0,0,0,0,0,0,0,0,0,0,0,0,0
"2012-10","GCE9","31.350871","-81.333681","Disturbed (March-2010)",1.19522860933439,2.5,20,0.534522483824849,1.5,12,1.92260983338497,95.375,763,3.27053949241231,59.875,479,0,0,0,0,0,0,0,0,0,0,0,0,0,0,0,0,0,0,0,0,0,0,0,0,0,0,0,1.16496474502144,97.75,782,1.16496474502144,2.25,18,0,0,0,0,0,0,0,0,0,0,0,0,0,0,0,0,0,0,0,0,0,0,0,0,0,0,0,0,0,0,0,0,0
"2013-10","A","31.337287","-81.479561","Control",1.19522860933439,2.5,20,0.534522483824849,1.5,12,0.353553390593274,99.875,799,10.2085398424204,195.25,1562,1.83225076262581,80.75,646,2.67261241912424,7,56,1.03509833901353,2.75,22,1.35620268186054,3.875,31,0,0,0,0,0,0,0,0,0,0,0,0,0,0,0,0,0,0,0,0,0,0,0,0,0.517549169506766,0.625,5,0.517549169506766,0.625,5,0.707106781186548,0.75,6,0.462910049886276,0.75,6,0.462910049886276,0.75,6,0.462910049886276,0.75,6,0.462910049886276,0.75,6,0.517549169506766,0.625,5,0,0,0,0,0,0
"2013-10","A","31.337287","-81.479561","Disturbed (March-2010)",1.19522860933439,2.5,20,0.534522483824849,1.5,12,0.353553390593274,99.875,799,10.6871083888153,192.75,1542,4.47213595499958,78,624,3.32737562824346,9.75,78,3.25137333621173,6.5,52,1.69030850945703,3.5,28,0,0,0,0,0,0,0,0,0,0,0,0,0,0,0,0,0,0,0,0,0,0,0,0,0.517549169506766,0.625,5,0.353553390593274,0.125,1,0.517549169506766,0.375,3,0.353553390593274,0.125,1,0.462910049886276,0.25,2,0.534522483824849,0.5,4,0.353553390593274,0.125,1,0.353553390593274,0.125,1,0,0,0,0,0,0
"2013-10","B","31.304191","-81.401970","Control",1.19522860933439,2.5,20,0.534522483824849,1.5,12,0.707106781186548,99.75,798,37.2127090425531,188.75,1510,0,0,0,0,0,0,0,0,0,0,0,0,5.35690475661352,55.875,447,3.01188123461543,25.25,202,2.23207142742853,7.875,63,1.18773493916542,8.625,69,0,0,0,0,0,0,0,0,0,0,0,0,0,0,0,0,0,0,0,0,0,0,0,0,0,0,0,0,0,0,0,0,0,0,0,0,0.462910049886276,1.25,10,0.353553390593274,1.125,9
"2013-10","B","31.304191","-81.401970","Disturbed (March-2010)",1.19522860933439,2.5,20,0.534522483824849,1.5,12,4.33424898750802,95.25,762,22.032038359755,88.625,709,0,0,0,0,0,0,0,0,0,0,0,0,2.64237447329913,15.875,127,1.45773797371133,6.875,55,6.19763779884839,35.875,287,4.80327269384412,38.75,310,0,0,0,0,0,0,0,0,0,0,0,0,0,0,0,0,0,0,0,0,0,0,0,0,0,0,0,0,0,0,0,0,0,0,0,0,0.462910049886276,1.25,10,0.517549169506766,1.375,11
"2013-10","GCE1","31.539541","-81.422934","Control",1.19522860933439,2.5,20,0.534522483824849,1.5,12,0.353553390593274,99.875,799,6.10474054672737,101.875,815,0,0,0,0,0,0,0,0,0,0,0,0,2.82842712474619,85,680,0,0,0,0,0,0,0,0,0,2.82526863450944,13.375,107,0,0,0,0,0,0,0,0,0,0,0,0,0,0,0,0,0,0,0,0,0,0,0,0,0,0,0,0,0,0,0,0,0,0,0,0,0.517549169506766,1.625,13
"2013-10","GCE1","31.539541","-81.422934","Disturbed (March-2010)",1.19522860933439,2.5,20,0.534522483824849,1.5,12,44.1068102937144,73.375,587,26.6833281282527,50.5,404,0,0,0,0,0,0,0,0,0,0,0,0,0,0,0,0,0,0,0,0,0,0,0,0,1.92260983338497,2.625,21,1.92260983338497,97.375,779,0,0,0,0,0,0,0,0,0,0,0,0,0,0,0,0,0,0,0,0,0,0,0,0,0,0,0,0,0,0,0,0,0,0,0,0
"2013-10","GCE10","31.476989","-81.271046","Control",1.19522860933439,2.5,20,0.534522483824849,1.5,12,3.92792202424786,94.5,756,25.9780126810567,101,808,0,0,0,0,0,0,0,0,0,0,0,0,0,0,0,0,0,0,0,0,0,0,0,0,0,0,0,0,100,800,0,0,0,0,0,0,0,0,0,0,0,0,0,0,0,0,0,0,0,0,0,0,0,0,0,0,0,0,0,0,0,0,0,0,0,0
"2013-10","GCE10","31.476989","-81.271046","Disturbed (March-2010)",1.19522860933439,2.5,20,0.534522483824849,1.5,12,7.50238057457193,90,720,25.766811433093,99.25,794,0,0,0,0,0,0,0,0,0,0,0,0,0,0,0,0,0,0,0,0,0,0,0,0,0,0,0,1.24642345475822,97.875,783,1.24642345475822,2.125,17,0,0,0,0,0,0,0,0,0,0,0,0,0,0,0,0,0,0,0,0,0,0,0,0,0,0,0,0,0,0,0,0,0
"2013-10","GCE2","31.535966","-81.295851","Control",1.19522860933439,2.5,20,0.534522483824849,1.5,12,1.5526475085203,96.125,769,13.8873014965883,64.5,516,0,0,0,0,0,0,0,0,0,0,0,0,0,0,0,0,0,0,0,0,0,0,0,0,0,0,0,0,100,800,0,0,0,0,0,0,0,0,0,0,0,0,0,0,0,0,0,0,0,0,0,0,0,0,0,0,0,0,0,0,0,0,0,0,0,0
"2013-10","GCE2","31.535966","-81.295851","Disturbed (March-2010)",1.19522860933439,2.5,20,0.534522483824849,1.5,12,1.03509833901353,95.75,766,14.1598022585063,63.25,506,0,0,0,0,0,0,0,0,0,0,0,0,0,0,0,0,0,0,0,0,0,0,0,0,0,0,0,0.916125381312904,97.375,779,0.916125381312904,2.625,21,0,0,0,0,0,0,0,0,0,0,0,0,0,0,0,0,0,0,0,0,0,0,0,0,0,0,0,0,0,0,0,0,0
"2013-10","GCE3","31.529377","-81.233146","Control",1.19522860933439,2.5,20,0.534522483824849,1.5,12,3.81725406168211,96,768,6.76123403782813,50.5,404,0,0,0,0,0,0,0,0,0,0,0,0,0,0,0,0,0,0,0,0,0,0,0,0,0,0,0,2.1380899352994,75,600,3.38061701891407,15,120,2.61861468283191,10,80,0,0,0,0,0,0,0,0,0,0,0,0,0,0,0,0,0,0,0,0,0,0,0,0,0,0,0,0,0,0
"2013-10","GCE3","31.529377","-81.233146","Disturbed (March-2010)",1.19522860933439,2.5,20,0.534522483824849,1.5,12,27.9920269260476,81.125,649,11.997023440361,42.25,338,0,0,0,0,0,0,0,0,0,0,0,0,0,0,0,0,0,0,0,0,0,0,0,0,0,0,0,2.97609523657138,65,520,1.66904592079256,20.25,162,2.65921578128376,14.75,118,0,0,0,0,0,0,0,0,0,0,0,0,0,0,0,0,0,0,0,0,0,0,0,0,0,0,0,0,0,0
"2013-10","GCE4","31.452473","-81.365615","Control",1.19522860933439,2.5,20,0.534522483824849,1.5,12,1.03509833901353,98.75,790,25.8287630365838,86.375,691,0,0,0,0,0,0,0,0,0,0,0,0,0,0,0,0,0,0,0,0,0,0,0,0,0,0,0,0,100,800,0,0,0,0,0,0,0,0,0,0,0,0,0,0,0,0,0,0,0,0,0,0,0,0,0,0,0,0,0,0,0,0,0,0,0,0
"2013-10","GCE4","31.452473","-81.365615","Disturbed (March-2010)",1.19522860933439,2.5,20,0.534522483824849,1.5,12,2.50356888118884,97.625,781,24.3951839509359,82.625,661,0,0,0,0,0,0,0,0,0,0,0,0,0,0,0,0,0,0,0,0,0,0,0,0,0,0,0,2.5319388392523,97.875,783,2.5319388392523,2.125,17,0,0,0,0,0,0,0,0,0,0,0,0,0,0,0,0,0,0,0,0,0,0,0,0,0,0,0,0,0,0,0,0,0
"2013-10","GCE5","31.431113","-81.337060","Control",1.19522860933439,2.5,20,0.534522483824849,1.5,12,1.38873014965883,97.75,782,13.9891539619603,80.375,643,0,0,0,0,0,0,0,0,0,0,0,0,0,0,0,0,0,0,0,0,0,0,0,0,0,0,0,0,100,800,0,0,0,NA,NA,0,0,0,0,0,0,0,0,0,0,0,0,0,0,0,0,0,0,0,0,0,0,0,0,0,0,0,0,0,0,0
"2013-10","GCE5","31.431113","-81.337060","Disturbed (March-2010)",1.19522860933439,2.5,20,0.534522483824849,1.5,12,1.40788595317336,97.375,779,13.7217241732121,78,624,0,0,0,0,0,0,0,0,0,0,0,0,0,0,0,0,0,0,0,0,0,0,0,0,0,0,0,1.03509833901353,97.75,782,1.03509833901353,2.25,18,NA,NA,0,0,0,0,0,0,0,0,0,0,0,0,0,0,0,0,0,0,0,0,0,0,0,0,0,0,0,0,0,0,0
"2013-10","GCE6","31.387885","-81.280466","Control",1.19522860933439,2.5,20,0.534522483824849,1.5,12,0.925820099772551,94.5,756,12.1118301082631,68.875,551,0,0,0,0,0,0,0,0,0,0,0,0,0,0,0,0,0,0,0,0,0,0,0,0,0,0,0,0,100,800,0,0,0,NA,NA,0,0,0,0,0,0,0,0,0,0,0,0,0,0,0,0,0,0,0,0,0,0,0,0,0,0,0,0,0,0,0
"2013-10","GCE6","31.387885","-81.280466","Disturbed (March-2010)",1.19522860933439,2.5,20,0.534522483824849,1.5,12,0.755928946018454,94,752,7.18629648308899,66.25,530,0,0,0,0,0,0,0,0,0,0,0,0,0,0,0,0,0,0,0,0,0,0,0,0,0,0,0,1.19522860933439,97,776,1.19522860933439,3,24,NA,NA,0,0,0,0,0,0,0,0,0,0,0,0,0,0,0,0,0,0,0,0,0,0,0,0,0,0,0,0,0,0,0
"2013-10","GCE7","31.334938","-81.478558","Control",1.19522860933439,2.5,20,0.534522483824849,1.5,12,0.353553390593274,99.875,799,11.5379807592143,200.375,1603,3.56320481749626,82.125,657,2.72554057547699,7,56,3.28416112359219,3.75,30,0.755928946018454,2,16,0,0,0,0,0,0,0,0,0,0,0,0,0,0,0,0,0,0,0,0,0,0,0,0,0.517549169506766,0.625,5,0.534522483824849,0.5,4,0.517549169506766,0.625,5,0.534522483824849,0.5,4,0.353553390593274,0.875,7,0.517549169506766,0.625,5,0.353553390593274,0.875,7,0.534522483824849,0.5,4,0,0,0,0,0,0
"2013-10","GCE7","31.334938","-81.478558","Disturbed (March-2010)",1.19522860933439,2.5,20,0.534522483824849,1.5,12,0.353553390593274,99.875,799,11.5108644332213,197.25,1578,20.9608478563522,62.25,498,17.0377731610007,26.5,212,7.9955344679747,5.25,42,1.24642345475822,3.125,25,0,0,0,0,0,0,0,0,0,0,0,0,0,0,0,0,0,0,0,0,0,0,0,0,0.462910049886276,0.25,2,0.462910049886276,0.25,2,0.462910049886276,0.25,2,0.462910049886276,0.25,2,0.534522483824849,0.5,4,0.517549169506766,0.375,3,0.534522483824849,0.5,4,0.534522483824849,0.5,4,0,0,0,0,0,0
"2013-10","GCE8","31.307917","-81.409196","Control",1.19522860933439,2.5,20,0.534522483824849,1.5,12,0.353553390593274,99.875,799,17.9319148846009,144.875,1159,0,0,0,0,0,0,0,0,0,0,0,0,1.83225076262581,82.75,662,1.03509833901353,4.25,34,1.1259916264596,5.125,41,1.03509833901353,5.25,42,NA,NA,0,0,0,0,0,0,0,0,0,0,0,0,0,0,0,0,0,0,0,0,0,0,0,0,0,0,0,0,0,0,0,0,0,0,0.462910049886276,1.25,10,0.517549169506766,1.375,11
"2013-10","GCE8","31.307917","-81.409196","Disturbed (March-2010)",1.19522860933439,2.5,20,0.534522483824849,1.5,12,0.353553390593274,99.875,799,17.6993744845081,126.875,1015,0,0,0,0,0,0,0,0,0,0,0,0,4.65218842512394,72.75,582,0.916125381312904,1.625,13,2.85043856274784,12.875,103,2.60494036125864,10.75,86,NA,NA,0,0,0,0,0,0,0,0,0,0,0,0,0,0,0,0,0,0,0,0,0,0,0,0,0,0,0,0,0,0,0,0,0,0,0.462910049886276,0.75,6,0.462910049886276,1.25,10
"2013-10","GCE9","31.350871","-81.333681","Control",1.19522860933439,2.5,20,0.534522483824849,1.5,12,1.1259916264596,97.875,783,4.83846197522666,91.625,733,0,0,0,0,0,0,0,0,0,0,0,0,0,0,0,0,0,0,0,0,0,0,0,0,0,0,0,0,100,800,0,0,0,0,0,0,0,0,0,0,0,0,0,0,0,0,0,0,0,0,0,0,0,0,0,0,0,0,0,0,0,0,0,0,0,0
"2013-10","GCE9","31.350871","-81.333681","Disturbed (March-2010)",1.19522860933439,2.5,20,0.534522483824849,1.5,12,1.16496474502144,97.75,782,5.95069023607466,89.625,717,0,0,0,0,0,0,0,0,0,0,0,0,0,0,0,0,0,0,0,0,0,0,0,0,0,0,0,1.18773493916542,98.375,787,1.18773493916542,1.625,13,0,0,0,0,0,0,0,0,0,0,0,0,0,0,0,0,0,0,0,0,0,0,0,0,0,0,0,0,0,0,0,0,0
"2014-10","A","31.337287","-81.479561","Control",1.19522860933439,2.5,20,0.534522483824849,1.5,12,0.353553390593274,99.875,799,11.9522860933439,237.5,1900,1.83225076262581,82.75,662,2.61861468283191,5.5,44,1.7268882005338,4.125,33,1.48804761828569,2.75,22,0,0,0,0,0,0,0,0,0,0,0,0,0,0,0,0,0,0,0,0,0,0,0,0,0.640869944461656,0.875,7,0.517549169506766,0.625,5,0.517549169506766,0.375,3,0.462910049886276,0.75,6,0.534522483824849,0.5,4,0.517549169506766,0.625,5,0.517549169506766,0.375,3,0.462910049886276,0.75,6,0,0,0,0,0,0
"2014-10","A","31.337287","-81.479561","Disturbed (March-2010)",1.19522860933439,2.5,20,0.534522483824849,1.5,12,0.707106781186548,99.75,798,12.9697450134644,231.25,1850,1.7268882005338,82.125,657,1.24642345475822,6.875,55,1.35620268186054,3.125,25,1.4142135623731,3,24,0,0,0,0,0,0,0,0,0,0,0,0,0,0,0,0,0,0,0,0,0,0,0,0,0.462910049886276,0.75,6,0.534522483824849,0.5,4,0.534522483824849,0.5,4,0.517549169506766,0.375,3,0.353553390593274,0.875,7,0.462910049886276,0.75,6,0.517549169506766,0.625,5,0.534522483824849,0.5,4,0,0,0,0,0,0
"2014-10","B","31.304191","-81.401970","Control",1.19522860933439,2.5,20,0.534522483824849,1.5,12,0.353553390593274,99.875,799,23.4992401092947,226.25,1810,0,0,0,0,0,0,0,0,0,0,0,0,4.64258240945397,55.875,447,2.97609523657138,25,200,2.3566016694748,7.875,63,1.1259916264596,8.875,71,0,0,0,0,0,0,0,0,0,0,0,0,0,0,0,0,0,0,0,0,0,0,0,0,0,0,0,0,0,0,0,0,0,0,0,0,0.462910049886276,1.25,10,0.353553390593274,1.125,9
"2014-10","B","31.304191","-81.401970","Disturbed (March-2010)",1.19522860933439,2.5,20,0.534522483824849,1.5,12,0.707106781186548,99.75,798,43.2713613639057,124.125,993,0,0,0,0,0,0,0,0,0,0,0,0,2.97309362689534,27.375,219,2.32992949004287,14.5,116,3.4537764010676,25.25,202,4.2573465914816,30.125,241,0,0,0,0,0,0,0,0,0,0,0,0,0,0,0,0,0,0,0,0,0,0,0,0,0,0,0,0,0,0,0,0,0,0,0,0,0.462910049886276,1.25,10,0.534522483824849,1.5,12
"2014-10","GCE1","31.539541","-81.422934","Control",1.19522860933439,2.5,20,0.534522483824849,1.5,12,0.353553390593274,99.875,799,9.02278860916703,107.625,861,0,0,0,0,0,0,0,0,0,0,0,0,1.66904592079256,85.25,682,0,0,0,0,0,0,0,0,0,1.90862703084106,13.25,106,0,0,0,0,0,0,0,0,0,0,0,0,0,0,0,0,0,0,0,0,0,0,0,0,0,0,0,0,0,0,0,0,0,0,0,0,0.534522483824849,1.5,12
"2014-10","GCE1","31.539541","-81.422934","Disturbed (March-2010)",1.19522860933439,2.5,20,0.534522483824849,1.5,12,33.3370236052522,78.25,626,20.4411175260622,48.875,391,0,0,0,0,0,0,0,0,0,0,0,0,0,0,0,0,0,0,0,0,0,0,0,0,20.3465511292981,16.625,133,20.3465511292981,83.375,667,0,0,0,0,0,0,0,0,0,0,0,0,0,0,0,0,0,0,0,0,0,0,0,0,0,0,0,0,0,0,0,0,0,0,0,0
"2014-10","GCE10","31.476989","-81.271046","Control",1.19522860933439,2.5,20,0.534522483824849,1.5,12,0.353553390593274,99.875,799,19.9423275615317,80.625,645,0,0,0,0,0,0,0,0,0,0,0,0,0,0,0,0,0,0,0,0,0,0,0,0,0,0,0,0,100,800,0,0,0,0,0,0,0,0,0,0,0,0,0,0,0,0,0,0,0,0,0,0,0,0,0,0,0,0,0,0,0,0,0,0,0,0
"2014-10","GCE10","31.476989","-81.271046","Disturbed (March-2010)",1.19522860933439,2.5,20,0.534522483824849,1.5,12,0.707106781186548,99.75,798,18.9435250905723,79,632,0,0,0,0,0,0,0,0,0,0,0,0,0,0,0,0,0,0,0,0,0,0,0,0,0,0,0,0,100,800,0,0,0,0,0,0,0,0,0,0,0,0,0,0,0,0,0,0,0,0,0,0,0,0,0,0,0,0,0,0,0,0,0,0,0,0
"2014-10","GCE2","31.535966","-81.295851","Control",1.19522860933439,2.5,20,0.534522483824849,1.5,12,0.353553390593274,99.875,799,9.78336781043653,66.5,532,0,0,0,0,0,0,0,0,0,0,0,0,0,0,0,0,0,0,0,0,0,0,0,0,0,0,0,0,100,800,0,0,0,0,0,0,0,0,0,0,0,0,0,0,0,0,0,0,0,0,0,0,0,0,0,0,0,0,0,0,0,0,0,0,0,0
"2014-10","GCE2","31.535966","-81.295851","Disturbed (March-2010)",1.19522860933439,2.5,20,0.534522483824849,1.5,12,0.707106781186548,99.75,798,9.94269293788875,64.5,516,0,0,0,0,0,0,0,0,0,0,0,0,0,0,0,0,0,0,0,0,0,0,0,0,0,0,0,0,100,800,0,0,0,0,0,0,0,0,0,0,0,0,0,0,0,0,0,0,0,0,0,0,0,0,0,0,0,0,0,0,0,0,0,0,0,0
"2014-10","GCE3","31.529377","-81.233146","Control",1.19522860933439,2.5,20,0.534522483824849,1.5,12,0.353553390593274,99.875,799,6.13537750614069,55.75,446,0,0,0,0,0,0,0,0,0,0,0,0,0,0,0,0,0,0,0,0,0,0,0,0,0,0,0,2.1380899352994,75,600,3.38061701891407,15,120,2.61861468283191,10,80,0,0,0,0,0,0,0,0,0,0,0,0,0,0,0,0,0,0,0,0,0,0,0,0,0,0,0,0,0,0
"2014-10","GCE3","31.529377","-81.233146","Disturbed (March-2010)",1.19522860933439,2.5,20,0.534522483824849,1.5,12,0.707106781186548,99.75,798,5.59974489214847,54.25,434,0,0,0,0,0,0,0,0,0,0,0,0,0,0,0,0,0,0,0,0,0,0,0,0,0,0,0,1.8516401995451,75,600,2.20389266007736,15,120,2.72554057547699,10,80,0,0,0,0,0,0,0,0,0,0,0,0,0,0,0,0,0,0,0,0,0,0,0,0,0,0,0,0,0,0
"2014-10","GCE4","31.452473","-81.365615","Control",1.19522860933439,2.5,20,0.534522483824849,1.5,12,0.353553390593274,99.875,799,7.69043933353987,76,608,0,0,0,0,0,0,0,0,0,0,0,0,0,0,0,0,0,0,0,0,0,0,0,0,0,0,0,0,100,800,0,0,0,0,0,0,0,0,0,0,0,0,0,0,0,0,0,0,0,0,0,0,0,0,0,0,0,0,0,0,0,0,0,0,0,0
"2014-10","GCE4","31.452473","-81.365615","Disturbed (March-2010)",1.19522860933439,2.5,20,0.534522483824849,1.5,12,0.707106781186548,99.75,798,7.47854072854935,73.75,590,0,0,0,0,0,0,0,0,0,0,0,0,0,0,0,0,0,0,0,0,0,0,0,0,0,0,0,0,100,800,0,0,0,0,0,0,0,0,0,0,0,0,0,0,0,0,0,0,0,0,0,0,0,0,0,0,0,0,0,0,0,0,0,0,0,0
"2014-10","GCE5","31.431113","-81.337060","Control",1.19522860933439,2.5,20,0.534522483824849,1.5,12,0.353553390593274,99.875,799,9.03860766774554,78.375,627,0,0,0,0,0,0,0,0,0,0,0,0,0,0,0,0,0,0,0,0,0,0,0,0,0,0,0,0,100,800,0,0,0,NA,NA,0,0,0,0,0,0,0,0,0,0,0,0,0,0,0,0,0,0,0,0,0,0,0,0,0,0,0,0,0,0,0
"2014-10","GCE5","31.431113","-81.337060","Disturbed (March-2010)",1.19522860933439,2.5,20,0.534522483824849,1.5,12,0.707106781186548,99.75,798,7.97204938698773,76.125,609,0,0,0,0,0,0,0,0,0,0,0,0,0,0,0,0,0,0,0,0,0,0,0,0,0,0,0,0,100,800,0,0,0,NA,NA,0,0,0,0,0,0,0,0,0,0,0,0,0,0,0,0,0,0,0,0,0,0,0,0,0,0,0,0,0,0,0
"2014-10","GCE6","31.387885","-81.280466","Control",1.19522860933439,2.5,20,0.534522483824849,1.5,12,0.353553390593274,99.875,799,6.6975475255606,64.5,516,0,0,0,0,0,0,0,0,0,0,0,0,0,0,0,0,0,0,0,0,0,0,0,0,0,0,0,0,100,800,0,0,0,NA,NA,0,0,0,0,0,0,0,0,0,0,0,0,0,0,0,0,0,0,0,0,0,0,0,0,0,0,0,0,0,0,0
"2014-10","GCE6","31.387885","-81.280466","Disturbed (March-2010)",1.19522860933439,2.5,20,0.534522483824849,1.5,12,0.707106781186548,99.75,798,6.43511571657529,62.625,501,0,0,0,0,0,0,0,0,0,0,0,0,0,0,0,0,0,0,0,0,0,0,0,0,0,0,0,0,100,800,0,0,0,NA,NA,0,0,0,0,0,0,0,0,0,0,0,0,0,0,0,0,0,0,0,0,0,0,0,0,0,0,0,0,0,0,0
"2014-10","GCE7","31.334938","-81.478558","Control",1.19522860933439,2.5,20,0.534522483824849,1.5,12,0.353553390593274,99.875,799,10.1198178978534,219.125,1753,1.16496474502144,81.75,654,1.8516401995451,7,56,1.60356745147455,4,32,0.707106781186548,1.75,14,0,0,0,0,0,0,0,0,0,0,0,0,0,0,0,0,0,0,0,0,0,0,0,0,0.462910049886276,0.75,6,0.462910049886276,0.75,6,0.534522483824849,0.5,4,0.462910049886276,0.75,6,0.517549169506766,0.625,5,0.462910049886276,0.75,6,0.353553390593274,0.875,7,0.534522483824849,0.5,4,0,0,0,0,0,0
"2014-10","GCE7","31.334938","-81.478558","Disturbed (March-2010)",1.19522860933439,2.5,20,0.534522483824849,1.5,12,0.707106781186548,99.75,798,10.8364464391502,216.5,1732,2.54950975679639,80.75,646,1.83225076262581,8.75,70,1.84681192483541,3.375,27,0.707106781186548,2.25,18,0,0,0,0,0,0,0,0,0,0,0,0,0,0,0,0,0,0,0,0,0,0,0,0,0.517549169506766,0.625,5,0.517549169506766,0.625,5,0.534522483824849,0.5,4,0.517549169506766,0.625,5,0.517549169506766,0.375,3,0.462910049886276,0.75,6,0.517549169506766,0.625,5,0.462910049886276,0.75,6,0,0,0,0,0,0
"2014-10","GCE8","31.307917","-81.409196","Control",1.19522860933439,2.5,20,0.534522483824849,1.5,12,0.353553390593274,99.875,799,15.2074934536516,132.875,1063,0,0,0,0,0,0,0,0,0,0,0,0,2.91547594742265,82.75,662,0.534522483824849,2.5,20,1.76776695296637,6.375,51,2.07019667802706,5.5,44,NA,NA,0,0,0,0,0,0,0,0,0,0,0,0,0,0,0,0,0,0,0,0,0,0,0,0,0,0,0,0,0,0,0,0,0,0,0.462910049886276,1.25,10,0.517549169506766,1.625,13
"2014-10","GCE8","31.307917","-81.409196","Disturbed (March-2010)",1.19522860933439,2.5,20,0.534522483824849,1.5,12,0.707106781186548,99.75,798,14.5896244933563,129.5,1036,0,0,0,0,0,0,0,0,0,0,0,0,3.35676289643119,82.875,663,1.24642345475822,3.125,25,2.32992949004287,6,48,1.45773797371133,5.125,41,NA,NA,0,0,0,0,0,0,0,0,0,0,0,0,0,0,0,0,0,0,0,0,0,0,0,0,0,0,0,0,0,0,0,0,0,0,0.353553390593274,0.875,7,0.755928946018454,2,16
"2014-10","GCE9","31.350871","-81.333681","Control",1.19522860933439,2.5,20,0.534522483824849,1.5,12,0.353553390593274,99.875,799,6.52330985225839,68.375,547,0,0,0,0,0,0,0,0,0,0,0,0,0,0,0,0,0,0,0,0,0,0,0,0,0,0,0,0,100,800,0,0,0,0,0,0,0,0,0,0,0,0,0,0,0,0,0,0,0,0,0,0,0,0,0,0,0,0,0,0,0,0,0,0,0,0
"2014-10","GCE9","31.350871","-81.333681","Disturbed (March-2010)",1.19522860933439,2.5,20,0.534522483824849,1.5,12,0.707106781186548,99.75,798,5.65527566588428,66.625,533,0,0,0,0,0,0,0,0,0,0,0,0,0,0,0,0,0,0,0,0,0,0,0,0,0,0,0,0,100,800,0,0,0,0,0,0,0,0,0,0,0,0,0,0,0,0,0,0,0,0,0,0,0,0,0,0,0,0,0,0,0,0,0,0,0,0
"2015-10","B","31.304191","-81.401970","Control",1.19522860933439,2.5,20,0.534522483824849,1.5,12,0.353553390593274,99.875,799,41.8560458169256,173.25,1386,0,0,0,0,0,0,0,0,0,0,0,0,3.56320481749626,56.125,449,2.44948974278318,25,200,1.84681192483541,7.625,61,1.45773797371133,8.875,71,0,0,0,0,0,0,0,0,0,0,0,0,0,0,0,0,0,0,0,0,0,0,0,0,0,0,0,0,0,0,0,0,0,0,0,0,0.462910049886276,1.25,10,0.353553390593274,1.125,9
"2015-10","B","31.304191","-81.401970","Disturbed (March-2010)",1.19522860933439,2.5,20,0.534522483824849,1.5,12,0.707106781186548,99.75,798,37.0019304515705,96.5,772,0,0,0,0,0,0,0,0,0,0,0,0,2.39045721866879,30,240,2.64237447329913,15.875,127,2.29518128757995,23.875,191,3.37797487937881,27.625,221,0,0,0,0,0,0,0,0,0,0,0,0,0,0,0,0,0,0,0,0,0,0,0,0,0,0,0,0,0,0,0,0,0,0,0,0,0.462910049886276,1.25,10,0.517549169506766,1.375,11
"2015-10","GCE1","31.539541","-81.422934","Control",1.19522860933439,2.5,20,0.534522483824849,1.5,12,0.353553390593274,99.875,799,8.92828570971414,110.5,884,0,0,0,0,0,0,0,0,0,0,0,0,1.58113883008419,85.25,682,0,0,0,0,0,0,0,0,0,1.64208056179609,13.125,105,0,0,0,0,0,0,0,0,0,0,0,0,0,0,0,0,0,0,0,0,0,0,0,0,0,0,0,0,0,0,0,0,0,0,0,0,0.517549169506766,1.625,13
"2015-10","GCE1","31.539541","-81.422934","Disturbed (March-2010)",1.19522860933439,2.5,20,0.534522483824849,1.5,12,34.5085393158604,79.375,635,23.8533465756305,37.875,303,0,0,0,0,0,0,0,0,0,0,0,0,0,0,0,0,0,0,0,0,0,0,0,0,21.4704947045275,17.125,137,21.4704947045275,82.875,663,0,0,0,0,0,0,0,0,0,0,0,0,0,0,0,0,0,0,0,0,0,0,0,0,0,0,0,0,0,0,0,0,0,0,0,0
"2016-10","B","31.304191","-81.401970","Control",1.19522860933439,2.5,20,0.534522483824849,1.5,12,0.353553390593274,99.875,799,35.0458882854221,180.75,1446,0,0,0,0,0,0,0,0,0,0,0,0,4.22365785952008,55.875,447,2.77746029931765,25,200,1.80772153354911,7.875,63,1.35620268186054,8.875,71,0,0,0,0,0,0,0,0,0,0,0,0,0,0,0,0,0,0,0,0,0,0,0,0,0,0,0,0,0,0,0,0,0,0,0,0,0.462910049886276,1.25,10,0.353553390593274,1.125,9
"2016-10","B","31.304191","-81.401970","Disturbed (March-2010)",1.19522860933439,2.5,20,0.534522483824849,1.5,12,0.707106781186548,99.75,798,23.8312519903712,146.75,1174,0,0,0,0,0,0,0,0,0,0,0,0,2.94897076476329,39.125,313,2.61861468283191,18.5,148,2.8784916685157,18,144,2.65921578128376,21.75,174,0,0,0,0,0,0,0,0,0,0,0,0,0,0,0,0,0,0,0,0,0,0,0,0,0,0,0,0,0,0,0,0,0,0,0,0,0.462910049886276,1.25,10,0.517549169506766,1.375,11
"2016-10","GCE1","31.539541","-81.422934","Control",1.19522860933439,2.5,20,0.534522483824849,1.5,12,0.353553390593274,99.875,799,7.44023809142845,120.25,962,0,0,0,0,0,0,0,0,0,0,0,0,1.88509188862809,85.125,681,0,0,0,0,0,0,0,0,0,1.40788595317336,13.375,107,0,0,0,0,0,0,0,0,0,0,0,0,0,0,0,0,0,0,0,0,0,0,0,0,0,0,0,0,0,0,0,0,0,0,0,0,0.534522483824849,1.5,12
"2016-10","GCE1","31.539541","-81.422934","Disturbed (March-2010)",1.19522860933439,2.5,20,0.534522483824849,1.5,12,34.0545780434039,81,648,22.032038359755,34.625,277,0,0,0,0,0,0,0,0,0,0,0,0,0,0,0,0,0,0,0,0,0,0,0,0,12.9718100950815,12.625,101,12.9718100950815,87.375,699,0,0,0,0,0,0,0,0,0,0,0,0,0,0,0,0,0,0,0,0,0,0,0,0,0,0,0,0,0,0,0,0,0,0,0,0
"2017-10","B","31.304191","-81.401970","Control",1.19522860933439,2.5,20,0.534522483824849,1.5,12,0.353553390593274,99.875,799,46.1331535573156,202.625,1621,0,0,0,0,0,0,0,0,0,0,0,0,3.77018377725619,55.75,446,2.3566016694748,25.125,201,2.03100960115899,7.875,63,1.95940953204931,8.875,71,0,0,0,0,0,0,0,0,0,0,0,0,0,0,0,0,0,0,0,0,0,0,0,0,0,0,0,0,0,0,0,0,0,0,0,0,0.462910049886276,1.25,10,0.353553390593274,1.125,9
"2017-10","B","31.304191","-81.401970","Disturbed (March-2010)",1.19522860933439,2.5,20,0.534522483824849,1.5,12,0.353553390593274,99.875,799,22.1359436211787,197,1576,0,0,0,0,0,0,0,0,0,0,0,0,3.81491434092188,55.375,443,2.72554057547699,26,208,2.32609421256197,7.375,59,3.01188123461543,8.75,70,0,0,0,0,0,0,0,0,0,0,0,0,0,0,0,0,0,0,0,0,0,0,0,0,0,0,0,0,0,0,0,0,0,0,0,0,0.462910049886276,1.25,10,0.462910049886276,1.25,10
"2017-10","GCE1","31.539541","-81.422934","Control",1.19522860933439,2.5,20,0.534522483824849,1.5,12,0.353553390593274,99.875,799,6.12809688472461,117.125,937,0,0,0,0,0,0,0,0,0,0,0,0,2.37546987833084,85.25,682,0,0,0,0,0,0,0,0,0,2.18762754730194,13.25,106,0,0,0,0,0,0,0,0,0,0,0,0,0,0,0,0,0,0,0,0,0,0,0,0,0,0,0,0,0,0,0,0,0,0,0,0,0.534522483824849,1.5,12
"2017-10","GCE1","31.539541","-81.422934","Disturbed (March-2010)",1.19522860933439,2.5,20,0.534522483824849,1.5,12,34.6069770009294,85.25,682,26,63,504,0,0,0,0,0,0,0,0,0,0,0,0,8.83883476483184,3.125,25,0,0,0,0,0,0,0,0,0,27.4014467814071,16.375,131,33.2393914333151,80.5,644,0,0,0,0,0,0,0,0,0,0,0,0,0,0,0,0,0,0,0,0,0,0,0,0,0,0,0,0,0,0,0,0,0,0,0,0
"2018-10","GCE1","31.539541","-81.422934","Control",1.19522860933439,2.5,20,0.534522483824849,1.5,12,2.03100960115899,97.875,783,5.8309518948453,117,936,0,0,0,0,0,0,0,0,0,0,0,0,2.56347977784662,85,680,0,0,0,0,0,0,0,0,0,2.7222627143085,13.375,107,0,0,0,0,0,0,0,0,0,0,0,0,0,0,0,0,0,0,0,0,0,0,0,0,0,0,0,0,0,0,0,0,0,0,0,0,0.517549169506766,1.625,13
"2018-10","GCE1","31.539541","-81.422934","Disturbed (March-2010)",1.19522860933439,2.5,20,0.534522483824849,1.5,12,33.9661070564678,82.625,661,26.451775527768,64.375,515,0,0,0,0,0,0,0,0,0,0,0,0,7.44023809142845,3.75,30,0,0,0,0,0,0,0,0,0,28.3696895597094,20.375,163,32.9477400048709,75.875,607,0,0,0,0,0,0,0,0,0,0,0,0,0,0,0,0,0,0,0,0,0,0,0,0,0,0,0,0,0,0,0,0,0,0,0,0
"2019-10","GCE1","31.539541","-81.422934","Control",1.19522860933439,2.5,20,0.534522483824849,1.5,12,0.925820099772551,99.5,796,5.66789202437732,116.875,935,0,0,0,0,0,0,0,0,0,0,0,0,1.8516401995451,85,680,0,0,0,0,0,0,0,0,0,1.76776695296637,13.375,107,0,0,0,0,0,0,0,0,0,0,0,0,0,0,0,0,0,0,0,0,0,0,0,0,0,0,0,0,0,0,0,0,0,0,0,0,0.517549169506766,1.625,13
"2019-10","GCE1","31.539541","-81.422934","Disturbed (March-2010)",1.19522860933439,2.5,20,0.534522483824849,1.5,12,27.5162289775117,87.5,700,11.7100384286304,78.375,627,0,0,0,0,0,0,0,0,0,0,0,0,11.3641038864865,8,64,0,0,0,0,0,0,0,0,0,14.2603345983586,44.75,358,15.8542468397948,47.25,378,0,0,0,0,0,0,0,0,0,0,0,0,0,0,0,0,0,0,0,0,0,0,0,0,0,0,0,0,0,0,0,0,0,0,0,0
"2020-10","GCE1","31.539541","-81.422934","Control",1.19522860933439,2.5,20,0.534522483824849,1.5,12,0.925820099772551,99.5,796,4.95515604482557,117.625,941,0,0,0,0,0,0,0,0,0,0,0,0,2.10017006114131,85.125,681,0,0,0,0,0,0,0,0,0,2.10017006114131,13.125,105,0,0,0,0,0,0,0,0,0,0,0,0,0,0,0,0,0,0,0,0,0,0,0,0,0,0,0,0,0,0,0,0,0,0,0,0,0.462910049886276,1.75,14
"2020-10","GCE1","31.539541","-81.422934","Disturbed (March-2010)",1.19522860933439,2.5,20,0.534522483824849,1.5,12,31.7939796637216,86.5,692,33.5918251109658,74.125,593,0,0,0,0,0,0,0,0,0,0,0,0,11.4197510605842,12.875,103,0,0,0,0,0,0,0,0,0,16.7753007211708,36.375,291,15.2198179076774,50.75,406,0,0,0,0,0,0,0,0,0,0,0,0,0,0,0,0,0,0,0,0,0,0,0,0,0,0,0,0,0,0,0,0,0,0,0,0
