Year,Season,Site,Stand,Treatment,Mass_gm2
2009,Fall,BEF,C1,C,250.5025
2009,Fall,BEF,C1,N,270.392
2009,Fall,BEF,C1,NP,262.922
2009,Fall,BEF,C1,P,273.166
2009,Fall,BEF,C2,C,313.55
2009,Fall,BEF,C2,N,285.028
2009,Fall,BEF,C2,NP,271.28
2009,Fall,BEF,C2,P,305.6
2009,Fall,BEF,C4,C,300.8575
2009,Fall,BEF,C4,N,305.644
2009,Fall,BEF,C4,NP,362.348
2009,Fall,BEF,C4,P,273.642
2009,Fall,BEF,C6,C,301.068
2009,Fall,BEF,C6,N,230.522
2009,Fall,BEF,C6,NP,296.836
2009,Fall,BEF,C6,P,279.018
2009,Fall,BEF,C8,C,346.202
2009,Fall,BEF,C8,N,320.782
2009,Fall,BEF,C8,NP,298.01
2009,Fall,BEF,C8,P,316.294
2009,Fall,BEF,C9,C,373.538
2009,Fall,BEF,C9,N,388.782
2009,Fall,BEF,C9,NP,333.712
2009,Fall,BEF,C9,P,399.984
2009,Fall,HB,HBM,C,325.226
2009,Fall,HB,HBM,N,384.616
2009,Fall,HB,HBM,NP,368.65
2009,Fall,HB,HBM,P,400.38
2009,Fall,HB,HBO,C,400
2009,Fall,HB,HBO,N,337.634
2009,Fall,HB,HBO,NP,320.4325
2009,Fall,HB,HBO,P,294.418
2009,Fall,JB,JBM,C,178.914
2009,Fall,JB,JBM,N,213.148
2009,Fall,JB,JBM,NP,300.96
2009,Fall,JB,JBM,P,245.262
2009,Fall,JB,JBO,C,296.454
2009,Fall,JB,JBO,N,204.382
2009,Fall,JB,JBO,NP,242.394
2009,Fall,JB,JBO,P,244.478
2010,Fall,BEF,C1,C,222.33
2010,Fall,BEF,C1,N,205.782
2010,Fall,BEF,C1,NP,207.028
2010,Fall,BEF,C1,P,258.506
2010,Fall,BEF,C2,C,235.062
2010,Fall,BEF,C2,N,246.556
2010,Fall,BEF,C2,NP,207.808
2010,Fall,BEF,C2,P,270.244
2010,Fall,BEF,C4,C,260.78
2010,Fall,BEF,C4,N,250.98
2010,Fall,BEF,C4,NP,287.55
2010,Fall,BEF,C4,P,235.532
2010,Fall,BEF,C6,C,266.504
2010,Fall,BEF,C6,N,236.948
2010,Fall,BEF,C6,NP,259.175
2010,Fall,BEF,C6,P,260.92
2010,Fall,BEF,C7,C,318.74
2010,Fall,BEF,C7,N,284.935
2010,Fall,BEF,C7,NP,295.7825
2010,Fall,BEF,C7,P,255.122
2010,Fall,BEF,C8,C,311.2
2010,Fall,BEF,C8,N,244.598
2010,Fall,BEF,C8,NP,229.34
2010,Fall,BEF,C8,P,284.976
2010,Fall,BEF,C9,C,322.74
2010,Fall,BEF,C9,N,296.174
2010,Fall,BEF,C9,NP,285.27
2010,Fall,BEF,C9,P,280.72
2010,Fall,HB,HBM,C,281.584
2010,Fall,HB,HBM,N,312.964
2010,Fall,HB,HBM,NP,299.288
2010,Fall,HB,HBM,P,269.32
2010,Fall,HB,HBO,C,250.61
2010,Fall,HB,HBO,N,280.198
2010,Fall,HB,HBO,NP,269.244
2010,Fall,HB,HBO,P,300.182
2010,Fall,JB,JBM,C,131.48
2010,Fall,JB,JBM,N,145.816
2010,Fall,JB,JBM,NP,127.636
2010,Fall,JB,JBM,P,159.094
2010,Fall,JB,JBO,C,186.124
2010,Fall,JB,JBO,N,170.356
2010,Fall,JB,JBO,NP,140.81
2010,Fall,JB,JBO,P,181.39
2011,Fall,BEF,C1,C,275.052
2011,Fall,BEF,C1,N,246.296
2011,Fall,BEF,C1,NP,263.364
2011,Fall,BEF,C1,P,265.54
2011,Fall,BEF,C2,C,249.476
2011,Fall,BEF,C2,N,232.766
2011,Fall,BEF,C2,NP,315.046
2011,Fall,BEF,C2,P,262.314
2011,Fall,BEF,C4,C,217.426
2011,Fall,BEF,C4,N,268.3375
2011,Fall,BEF,C4,NP,251.076
2011,Fall,BEF,C4,P,296.74
2011,Fall,BEF,C6,C,320.32
2011,Fall,BEF,C6,N,282.668
2011,Fall,BEF,C6,NP,305.192
2011,Fall,BEF,C6,P,287.366
2011,Fall,BEF,C7,C,284.676
2011,Fall,BEF,C7,N,287.5966667
2011,Fall,BEF,C7,NP,287.8675
2011,Fall,BEF,C7,P,246.41
2011,Fall,BEF,C8,C,299.286
2011,Fall,BEF,C8,N,253.912
2011,Fall,BEF,C8,NP,293.304
2011,Fall,BEF,C8,P,273.042
2011,Fall,BEF,C9,C,340.226
2011,Fall,BEF,C9,N,331.94
2011,Fall,BEF,C9,NP,309.286
2011,Fall,BEF,C9,P,275.22
2011,Fall,HB,HBM,C,324.5666667
2011,Fall,HB,HBM,N,305.1075
2011,Fall,HB,HBM,NP,344.138
2011,Fall,HB,HBM,P,320.5425
2011,Fall,HB,HBO,C,332.45
2011,Fall,HB,HBO,N,318.5225
2011,Fall,HB,HBO,NP,245.5233333
2011,Fall,HB,HBO,P,241.61
2011,Fall,JB,JBM,C,282.984
2011,Fall,JB,JBM,N,242.304
2011,Fall,JB,JBM,NP,230.33
2011,Fall,JB,JBM,P,250.838
2011,Fall,JB,JBO,C,292.018
2011,Fall,JB,JBO,N,285.096
2011,Fall,JB,JBO,NP,280.956
2011,Fall,JB,JBO,P,304.522
2012,Fall,BEF,C1,C,259.21
2012,Fall,BEF,C1,N,260.616
2012,Fall,BEF,C1,NP,275.192
2012,Fall,BEF,C1,P,277.738
2012,Fall,BEF,C2,C,273.966
2012,Fall,BEF,C2,N,266.686
2012,Fall,BEF,C2,NP,253.678
2012,Fall,BEF,C2,P,282.748
2012,Fall,BEF,C4,C,299.262
2012,Fall,BEF,C4,N,331.164
2012,Fall,BEF,C4,NP,355.374
2012,Fall,BEF,C4,P,260.138
2012,Fall,BEF,C6,C,297.226
2012,Fall,BEF,C6,N,316.932
2012,Fall,BEF,C6,NP,315.626
2012,Fall,BEF,C6,P,331.774
2012,Fall,BEF,C7,C,288.81
2012,Fall,BEF,C7,N,262.502
2012,Fall,BEF,C7,NP,259.928
2012,Fall,BEF,C7,P,230.808
2012,Fall,BEF,C8,C,283.398
2012,Fall,BEF,C8,N,282.122
2012,Fall,BEF,C8,NP,230.914
2012,Fall,BEF,C8,P,306.444
2012,Fall,BEF,C9,C,349.53
2012,Fall,BEF,C9,N,286.634
2012,Fall,BEF,C9,NP,303.486
2012,Fall,BEF,C9,P,254.034
2012,Fall,HB,HBM,C,309.296
2012,Fall,HB,HBM,N,355.016
2012,Fall,HB,HBM,NP,396.724
2012,Fall,HB,HBM,P,339.478
2012,Fall,HB,HBO,C,330.304
2012,Fall,HB,HBO,N,310.634
2012,Fall,HB,HBO,NP,294.626
2012,Fall,HB,HBO,P,282.982
2012,Fall,JB,JBM,C,352.608
2012,Fall,JB,JBM,N,316.2
2012,Fall,JB,JBM,NP,292.8
2012,Fall,JB,JBM,P,317.476
2012,Fall,JB,JBO,C,311.366
2012,Fall,JB,JBO,N,325.922
2012,Fall,JB,JBO,NP,310.878
2012,Fall,JB,JBO,P,328.582
2013,Fall,BEF,C1,C,271.156
2013,Fall,BEF,C1,N,272.694
2013,Fall,BEF,C1,NP,300
2013,Fall,BEF,C1,P,278.776
2013,Fall,BEF,C2,C,308.356
2013,Fall,BEF,C2,N,277.198
2013,Fall,BEF,C2,NP,197.598
2013,Fall,BEF,C2,P,344.538
2013,Fall,BEF,C4,C,317.888
2013,Fall,BEF,C4,N,299.134
2013,Fall,BEF,C4,NP,345.435
2013,Fall,BEF,C4,P,263.564
2013,Fall,BEF,C6,C,332.26
2013,Fall,BEF,C6,N,341.566
2013,Fall,BEF,C6,NP,358.218
2013,Fall,BEF,C6,P,341.826
2013,Fall,BEF,C7,C,324.52
2013,Fall,BEF,C7,N,321.13
2013,Fall,BEF,C7,NP,319.096
2013,Fall,BEF,C7,P,243.912
2013,Fall,BEF,C8,C,333.216
2013,Fall,BEF,C8,N,296.782
2013,Fall,BEF,C8,NP,259.13
2013,Fall,BEF,C8,P,314.06
2013,Fall,BEF,C9,C,366.87
2013,Fall,BEF,C9,N,336.262
2013,Fall,BEF,C9,NP,312.086
2013,Fall,BEF,C9,P,300.348
2013,Fall,HB,HBM,C,349.39
2013,Fall,HB,HBM,N,344.87
2013,Fall,HB,HBM,NP,342.872
2013,Fall,HB,HBM,P,316.262
2013,Fall,HB,HBO,C,311.244
2013,Fall,HB,HBO,N,303.644
2013,Fall,HB,HBO,NP,313.174
2013,Fall,HB,HBO,P,238.452
2013,Fall,JB,JBM,C,239.306
2013,Fall,JB,JBM,N,226.348
2013,Fall,JB,JBM,NP,227.478
2013,Fall,JB,JBM,P,232.468
2013,Fall,JB,JBO,C,190.686
2013,Fall,JB,JBO,N,227.07
2013,Fall,JB,JBO,NP,211.218
2013,Fall,JB,JBO,P,220.662
2014,Fall,BEF,C1,C,260.086
2014,Fall,BEF,C1,N,293.616
2014,Fall,BEF,C1,NP,334.49
2014,Fall,BEF,C1,P,300.738
2014,Fall,BEF,C2,C,308.408
2014,Fall,BEF,C2,N,249.86
2014,Fall,BEF,C2,NP,239.182
2014,Fall,BEF,C2,P,293.992
2014,Fall,BEF,C4,C,275.644
2014,Fall,BEF,C4,N,264.79
2014,Fall,BEF,C4,NP,259.358
2014,Fall,BEF,C4,P,259.73
2014,Fall,BEF,C6,C,305.4
2014,Fall,BEF,C6,N,323.914
2014,Fall,BEF,C6,NP,278.808
2014,Fall,BEF,C6,P,285.93
2014,Fall,BEF,C7,C,268.252
2014,Fall,BEF,C7,N,249.826
2014,Fall,BEF,C7,NP,226.662
2014,Fall,BEF,C7,P,229.182
2014,Fall,BEF,C8,C,287.7475
2014,Fall,BEF,C8,N,263.8
2014,Fall,BEF,C8,NP,221.075
2014,Fall,BEF,C8,P,259.358
2014,Fall,BEF,C9,C,302.948
2014,Fall,BEF,C9,N,240.984
2014,Fall,BEF,C9,NP,224.398
2014,Fall,BEF,C9,P,234.182
2014,Fall,HB,HBM,C,361.52
2014,Fall,HB,HBM,N,281.43
2014,Fall,HB,HBM,NP,313.476
2014,Fall,HB,HBM,P,284.562
2014,Fall,HB,HBO,C,338.145
2014,Fall,HB,HBO,N,336.546
2014,Fall,HB,HBO,NP,334.938
2014,Fall,HB,HBO,P,275.696
2014,Fall,JB,JBM,C,306.52
2014,Fall,JB,JBM,N,265.72
2014,Fall,JB,JBM,NP,270.686
2014,Fall,JB,JBM,P,270.158
2014,Fall,JB,JBO,C,285.416
2014,Fall,JB,JBO,N,349.465
2014,Fall,JB,JBO,NP,309.702
2014,Fall,JB,JBO,P,313.328
2015,Fall,BEF,C1,C,319.104
2015,Fall,BEF,C1,N,293.506
2015,Fall,BEF,C1,NP,333.686
2015,Fall,BEF,C1,P,329.6425
2015,Fall,BEF,C2,C,294.932
2015,Fall,BEF,C2,N,298.668
2015,Fall,BEF,C2,NP,279.9225
2015,Fall,BEF,C2,P,337.538
2015,Fall,BEF,C4,C,372.088
2015,Fall,BEF,C4,N,338.98
2015,Fall,BEF,C4,NP,373.364
2015,Fall,BEF,C4,P,286.444
2015,Fall,BEF,C6,C,348.868
2015,Fall,BEF,C6,Ca,317.628
2015,Fall,BEF,C6,N,368.316
2015,Fall,BEF,C6,NP,373.79
2015,Fall,BEF,C6,P,333.054
2015,Fall,BEF,C7,C,363.476
2015,Fall,BEF,C7,N,421.914
2015,Fall,BEF,C7,NP,388.156
2015,Fall,BEF,C7,P,373.93
2015,Fall,BEF,C8,C,360.708
2015,Fall,BEF,C8,Ca,304.904
2015,Fall,BEF,C8,N,312.252
2015,Fall,BEF,C8,NP,203.416
2015,Fall,BEF,C8,P,361.322
2015,Fall,BEF,C9,C,367.46
2015,Fall,BEF,C9,N,358.68
2015,Fall,BEF,C9,NP,398.156
2015,Fall,BEF,C9,P,343.026
2015,Fall,HB,HBM,C,335.696
2015,Fall,HB,HBM,N,367.546
2015,Fall,HB,HBM,NP,357.162
2015,Fall,HB,HBM,P,318.948
2015,Fall,HB,HBO,C,284.172
2015,Fall,HB,HBO,N,273.5425
2015,Fall,HB,HBO,NP,310.9975
2015,Fall,HB,HBO,P,312.226
2015,Fall,JB,JBM,C,256.6
2015,Fall,JB,JBM,N,255.428
2015,Fall,JB,JBM,NP,234.096
2015,Fall,JB,JBM,P,263.634
2015,Fall,JB,JBO,C,272.148
2015,Fall,JB,JBO,N,264.512
2015,Fall,JB,JBO,NP,289.172
2015,Fall,JB,JBO,P,292.722
2016,Fall,BEF,C1,C,319.408
2016,Fall,BEF,C1,N,320.208
2016,Fall,BEF,C1,NP,333.226
2016,Fall,BEF,C1,P,328.714
2016,Fall,BEF,C2,C,333.826
2016,Fall,BEF,C2,N,273.39
2016,Fall,BEF,C2,NP,282.802
2016,Fall,BEF,C2,P,335.4225
2016,Fall,BEF,C4,C,322.298
2016,Fall,BEF,C4,N,322.76
2016,Fall,BEF,C4,NP,335.358
2016,Fall,BEF,C4,P,325.998
2016,Fall,BEF,C5,C,313.94
2016,Fall,BEF,C5,N,348.556
2016,Fall,BEF,C5,NP,366.556
2016,Fall,BEF,C5,P,325.0975
2016,Fall,BEF,C6,C,346.964
2016,Fall,BEF,C6,Ca,339.48
2016,Fall,BEF,C6,N,348.294
2016,Fall,BEF,C6,NP,357.2375
2016,Fall,BEF,C6,P,335.358
2016,Fall,BEF,C7,C,375.764
2016,Fall,BEF,C7,N,340.756
2016,Fall,BEF,C7,NP,273.384
2016,Fall,BEF,C7,P,264.938
2016,Fall,BEF,C8,C,350.398
2016,Fall,BEF,C8,Ca,344.598
2016,Fall,BEF,C8,N,360.288
2016,Fall,BEF,C8,NP,269.14
2016,Fall,BEF,C8,P,351.964
2016,Fall,BEF,C9,C,379.6075
2016,Fall,BEF,C9,N,354.974
2016,Fall,BEF,C9,NP,377.5525
2016,Fall,BEF,C9,P,357.358
2016,Fall,HB,HBM,C,344
2016,Fall,HB,HBM,N,405.184
2016,Fall,HB,HBM,NP,408.272
2016,Fall,HB,HBM,P,355.888
2016,Fall,HB,HBO,C,399.9185714
2016,Fall,HB,HBO,N,378.932
2016,Fall,HB,HBO,NP,356.73
2016,Fall,HB,HBO,P,298.332
2016,Fall,JB,JBM,C,324.408
2016,Fall,JB,JBM,N,328.478
2016,Fall,JB,JBM,NP,306.5033333
2016,Fall,JB,JBM,P,317.052
2016,Fall,JB,JBO,C,344.99
2016,Fall,JB,JBO,N,373.842
2016,Fall,JB,JBO,NP,354.852
2016,Fall,JB,JBO,P,380.468
2017,Fall,BEF,C1,C,369.376
2017,Fall,BEF,C1,N,318.2
2017,Fall,BEF,C1,NP,316.156
2017,Fall,BEF,C1,P,349.828
2017,Fall,BEF,C2,C,312.685
2017,Fall,BEF,C2,N,302.808
2017,Fall,BEF,C2,NP,281.042
2017,Fall,BEF,C2,P,295.582
2017,Fall,BEF,C4,C,320.794
2017,Fall,BEF,C4,N,279.406
2017,Fall,BEF,C4,NP,305.6525
2017,Fall,BEF,C4,P,204.496
2017,Fall,BEF,C5,C,313.59
2017,Fall,BEF,C5,N,349.13
2017,Fall,BEF,C5,NP,320.5833333
2017,Fall,BEF,C5,P,321.3033333
2017,Fall,BEF,C6,C,363.654
2017,Fall,BEF,C6,Ca,340.584
2017,Fall,BEF,C6,N,395.706
2017,Fall,BEF,C6,NP,375.722
2017,Fall,BEF,C6,P,343.33
2017,Fall,BEF,C7,C,317.68
2017,Fall,BEF,C7,N,425.29
2017,Fall,BEF,C7,NP,462.238
2017,Fall,BEF,C7,P,299.906
2017,Fall,BEF,C8,C,340.088
2017,Fall,BEF,C8,Ca,291.782
2017,Fall,BEF,C8,N,328.892
2017,Fall,BEF,C8,NP,320.322
2017,Fall,BEF,C8,P,313.454
2017,Fall,BEF,C9,C,365.626
2017,Fall,BEF,C9,N,376.912
2017,Fall,BEF,C9,NP,415.392
2017,Fall,BEF,C9,P,360.278
2017,Fall,HB,HBM,C,321.772
2017,Fall,HB,HBM,N,362.474
2017,Fall,HB,HBM,NP,371.57
2017,Fall,HB,HBM,P,341.45
2017,Fall,HB,HBO,C,312.0142857
2017,Fall,HB,HBO,N,406.618
2017,Fall,HB,HBO,NP,314.422
2017,Fall,HB,HBO,P,311.2375
2017,Fall,JB,JBM,C,297.176
2017,Fall,JB,JBM,N,292.085
2017,Fall,JB,JBM,NP,216.35
2017,Fall,JB,JBM,P,264.752
2017,Fall,JB,JBO,C,332.7775
2017,Fall,JB,JBO,N,317.516
2017,Fall,JB,JBO,NP,348.706
2017,Fall,JB,JBO,P,374.096
2018,Fall,BEF,C1,C,331.01
2018,Fall,BEF,C1,N,330.546
2018,Fall,BEF,C1,NP,325.154
2018,Fall,BEF,C1,P,349.104
2018,Fall,BEF,C2,C,249.34
2018,Fall,BEF,C2,N,224.722
2018,Fall,BEF,C2,NP,207.852
2018,Fall,BEF,C2,P,250.27
2018,Fall,BEF,C3,C,244.94
2018,Fall,BEF,C3,N,248.018
2018,Fall,BEF,C3,NP,340.05
2018,Fall,BEF,C3,P,311.478
2018,Fall,BEF,C4,C,228.33
2018,Fall,BEF,C4,N,284.73
2018,Fall,BEF,C4,NP,264.828
2018,Fall,BEF,C4,P,165.094
2018,Fall,BEF,C5,C,301.218
2018,Fall,BEF,C5,N,378.174
2018,Fall,BEF,C5,NP,324.216
2018,Fall,BEF,C5,P,285.818
2018,Fall,BEF,C6,C,294.782
2018,Fall,BEF,C6,N,295.886
2018,Fall,BEF,C6,NP,251.782
2018,Fall,BEF,C6,P,292.774
2018,Fall,BEF,C7,C,261.226
2018,Fall,BEF,C7,N,329.46
2018,Fall,BEF,C7,NP,279.362
2018,Fall,BEF,C7,P,254.124
2018,Fall,BEF,C8,C,262.782
2018,Fall,BEF,C8,N,258.016
2018,Fall,BEF,C8,NP,187.312
2018,Fall,BEF,C8,P,253.19
2018,Fall,BEF,C9,C,336.8
2018,Fall,BEF,C9,N,292.166
2018,Fall,BEF,C9,NP,358.834
2018,Fall,BEF,C9,P,307.408
2018,Fall,HB,HBM,C,324.424
2018,Fall,HB,HBM,N,371.912
2018,Fall,HB,HBM,NP,355.28
2018,Fall,HB,HBM,P,319.994
2018,Fall,HB,HBO,C,322.3171429
2018,Fall,HB,HBO,N,309.392
2018,Fall,HB,HBO,NP,277.418
2018,Fall,HB,HBO,P,261.564
2018,Fall,JB,JBM,C,212.124
2018,Fall,JB,JBM,N,207.088
2018,Fall,JB,JBM,NP,181.408
2018,Fall,JB,JBM,P,198.442
2018,Fall,JB,JBO,C,217.592
2018,Fall,JB,JBO,N,209.66
2018,Fall,JB,JBO,NP,248.224
2018,Fall,JB,JBO,P,236.444
2019,Fall,BEF,C1,C,302.9866667
2019,Fall,BEF,C1,N,323.1975
2019,Fall,BEF,C1,NP,279.52
2019,Fall,BEF,C1,P,318.75
2019,Fall,BEF,C2,C,276.53
2019,Fall,BEF,C2,N,237.432
2019,Fall,BEF,C2,NP,241.645
2019,Fall,BEF,C2,P,252.48
2019,Fall,BEF,C3,C,248.2625
2019,Fall,BEF,C3,N,261.9075
2019,Fall,BEF,C3,NP,310.2066667
2019,Fall,BEF,C3,P,198.1625
2019,Fall,BEF,C4,C,317.6475
2019,Fall,BEF,C4,N,306.388
2019,Fall,BEF,C4,NP,370.4433333
2019,Fall,BEF,C4,P,307.9575
2019,Fall,BEF,C5,C,274.572
2019,Fall,BEF,C5,N,329.22
2019,Fall,BEF,C5,NP,192.8266667
2019,Fall,BEF,C5,P,254.062
2019,Fall,BEF,C6,C,327.8225
2019,Fall,BEF,C6,Ca,318.23
2019,Fall,BEF,C6,N,354.0333333
2019,Fall,BEF,C6,NP,373.965
2019,Fall,BEF,C6,P,330.61
2019,Fall,BEF,C7,C,278.94
2019,Fall,BEF,C7,N,398.482
2019,Fall,BEF,C7,NP,374.04
2019,Fall,BEF,C7,P,305.7275
2019,Fall,BEF,C8,C,336.252
2019,Fall,BEF,C8,Ca,254.748
2019,Fall,BEF,C8,N,310.676
2019,Fall,BEF,C8,NP,255.61
2019,Fall,BEF,C8,P,278.434
2019,Fall,BEF,C9,C,326.7966667
2019,Fall,BEF,C9,NP,330.722
2019,Fall,BEF,C9,P,316.6625
2019,Fall,HB,HBM,C,295.88
2019,Fall,HB,HBM,N,337.476
2019,Fall,HB,HBM,NP,361.4
2019,Fall,HB,HBM,P,313.0025
2019,Fall,HB,HBO,C,329.7385714
2019,Fall,HB,HBO,N,333
2019,Fall,HB,HBO,NP,320.3475
2019,Fall,HB,HBO,P,364.12
2019,Fall,JB,JBM,C,240.25
2019,Fall,JB,JBM,N,243.892
2019,Fall,JB,JBM,NP,239.9025
2019,Fall,JB,JBM,P,244.4225
2019,Fall,JB,JBO,C,246.36
2019,Fall,JB,JBO,N,284.4033333
2019,Fall,JB,JBO,NP,285.145
2019,Fall,JB,JBO,P,273.684
2020,Fall,BEF,C1,C,264.495
2020,Fall,BEF,C1,N,292.8775
2020,Fall,BEF,C1,NP,278.73
2020,Fall,BEF,C1,P,296.78
2020,Fall,BEF,C2,C,268.438
2020,Fall,BEF,C2,N,271.804
2020,Fall,BEF,C2,NP,277.012
2020,Fall,BEF,C2,P,270.206
2020,Fall,BEF,C3,C,289.45
2020,Fall,BEF,C3,N,288.265
2020,Fall,BEF,C3,NP,294.325
2020,Fall,BEF,C3,P,254.196
2020,Fall,BEF,C4,C,291.156
2020,Fall,BEF,C4,N,286.49
2020,Fall,BEF,C4,NP,330.02
2020,Fall,BEF,C4,P,203.662
2020,Fall,BEF,C5,C,276.144
2020,Fall,BEF,C5,N,486.146
2020,Fall,BEF,C5,NP,252.768
2020,Fall,BEF,C5,P,300.878
2020,Fall,BEF,C6,C,310.396
2020,Fall,BEF,C6,Ca,308.686
2020,Fall,BEF,C6,N,331.264
2020,Fall,BEF,C6,NP,226.262
2020,Fall,BEF,C6,P,273.226
2020,Fall,BEF,C7,C,271.926
2020,Fall,BEF,C7,N,276.914
2020,Fall,BEF,C7,NP,296.836
2020,Fall,BEF,C7,P,280.834
2020,Fall,BEF,C8,C,254.7433333
2020,Fall,BEF,C8,Ca,263.838
2020,Fall,BEF,C8,N,298.79
2020,Fall,BEF,C8,NP,267.625
2020,Fall,BEF,C8,P,284.83
2020,Fall,BEF,C9,C,320.946
2020,Fall,BEF,C9,N,328.348
2020,Fall,BEF,C9,NP,292.466
2020,Fall,BEF,C9,P,280.628
2020,Fall,HB,HBM,C,277.878
2020,Fall,HB,HBM,N,265.71
2020,Fall,HB,HBM,NP,288.464
2020,Fall,HB,HBM,P,257.186
2020,Fall,HB,HBO,C,266.5871429
2020,Fall,HB,HBO,N,252.328
2020,Fall,HB,HBO,NP,253.916
2020,Fall,HB,HBO,P,216.266
2020,Fall,JB,JBM,C,255.428
2020,Fall,JB,JBM,N,209.83
2020,Fall,JB,JBM,NP,221.672
2020,Fall,JB,JBM,P,234.28
2020,Fall,JB,JBO,C,238.254
2020,Fall,JB,JBO,N,302.642
2020,Fall,JB,JBO,NP,272.664
2020,Fall,JB,JBO,P,292.236
2021,Fall,BEF,C1,C,247.27
2021,Fall,BEF,C1,N,256.524
2021,Fall,BEF,C1,NP,265.908
2021,Fall,BEF,C1,P,252.7
2021,Fall,BEF,C2,C,267.04
2021,Fall,BEF,C2,N,220.474
2021,Fall,BEF,C2,NP,193.956
2021,Fall,BEF,C2,P,251.036
2021,Fall,BEF,C3,C,182.4666667
2021,Fall,BEF,C3,N,224.6625
2021,Fall,BEF,C3,NP,306.13
2021,Fall,BEF,C3,P,196.395
2021,Fall,BEF,C4,C,253.282
2021,Fall,BEF,C4,N,264.876
2021,Fall,BEF,C4,NP,288.344
2021,Fall,BEF,C4,P,196.3075
2021,Fall,BEF,C5,C,249.984
2021,Fall,BEF,C5,N,288.008
2021,Fall,BEF,C5,NP,261.498
2021,Fall,BEF,C5,P,210.305
2021,Fall,BEF,C6,C,260.768
2021,Fall,BEF,C6,Ca,276.01
2021,Fall,BEF,C6,N,279.722
2021,Fall,BEF,C6,NP,263.19
2021,Fall,BEF,C6,P,267.838
2021,Fall,BEF,C7,C,248.046
2021,Fall,BEF,C7,N,263.588
2021,Fall,BEF,C7,NP,256.31
2021,Fall,BEF,C7,P,199.36
2021,Fall,BEF,C8,C,225.926
2021,Fall,BEF,C8,Ca,203.582
2021,Fall,BEF,C8,N,263.268
2021,Fall,BEF,C8,NP,207.508
2021,Fall,BEF,C8,P,234.136
2021,Fall,BEF,C9,C,279.964
2021,Fall,BEF,C9,N,278.6
2021,Fall,BEF,C9,NP,290.358
2021,Fall,BEF,C9,P,252.28
2021,Fall,HB,HBM,C,264.94
2021,Fall,HB,HBM,N,286.38
2021,Fall,HB,HBM,NP,280.204
2021,Fall,HB,HBM,P,267.912
2021,Fall,HB,HBO,C,265.8733333
2021,Fall,HB,HBO,N,291.37
2021,Fall,HB,HBO,NP,294.116
2021,Fall,HB,HBO,P,243.24
2021,Fall,JB,JBM,C,255.7725
2021,Fall,JB,JBM,N,227.98
2021,Fall,JB,JBM,NP,243.042
2021,Fall,JB,JBM,P,228.078
2021,Fall,JB,JBO,C,226.2275
2021,Fall,JB,JBO,N,300.64
2021,Fall,JB,JBO,NP,307.564
2021,Fall,JB,JBO,P,313.966
