Date,Ring,Treatment,Biomass
6/1/1999,1,Cenrich Namb M    ,413.0644
6/1/1999,1,Cenrich Namb S    ,396.6
6/1/1999,1,Cenrich Nenrich M    ,539.3146154
6/1/1999,1,Cenrich Nenrich S    ,628.48
6/1/1999,2,Camb Namb M    ,439.372
6/1/1999,2,Camb Namb S    ,430.92
6/1/1999,2,Camb Nenrich M    ,546.8807692
6/1/1999,2,Camb Nenrich S    ,530.6
6/1/1999,3,Cenrich Namb M    ,533.1769231
6/1/1999,3,Cenrich Namb S    ,415.22
6/1/1999,3,Cenrich Nenrich M    ,577.9630769
6/1/1999,3,Cenrich Nenrich S    ,636.28
6/1/1999,4,Camb Namb M    ,480.5492308
6/1/1999,4,Camb Namb S    ,497.3
6/1/1999,4,Camb Nenrich M    ,581.3944
6/1/1999,4,Camb Nenrich S    ,562.22
6/1/1999,5,Cenrich Namb M    ,438.0948
6/1/1999,5,Cenrich Namb S    ,461.85
6/1/1999,5,Cenrich Nenrich M    ,539.4288
6/1/1999,5,Cenrich Nenrich S    ,710.6
6/1/1999,6,Camb Namb M    ,441.7884615
6/1/1999,6,Camb Namb S    ,469.0033333
6/1/1999,6,Camb Nenrich M    ,461.6465385
6/1/1999,6,Camb Nenrich S    ,551.022
6/1/2002,1,Cenrich Namb M    ,690.4292
6/1/2002,1,Cenrich Namb S    ,228.468
6/1/2002,1,Cenrich Nenrich M    ,715.9546154
6/1/2002,1,Cenrich Nenrich S    ,463.946
6/1/2002,2,Camb Namb M    ,670.064
6/1/2002,2,Camb Namb S    ,260.972
6/1/2002,2,Camb Nenrich M    ,636.84
6/1/2002,2,Camb Nenrich S    ,253.2716667
6/1/2002,3,Cenrich Namb M    ,706.8561538
6/1/2002,3,Cenrich Namb S    ,160.634
6/1/2002,3,Cenrich Nenrich M    ,681.5373077
6/1/2002,3,Cenrich Nenrich S    ,292.664
6/1/2002,4,Camb Namb M    ,707.5976923
6/1/2002,4,Camb Namb S    ,353.4683333
6/1/2002,4,Camb Nenrich M    ,737.8884
6/1/2002,4,Camb Nenrich S    ,329.906
6/1/2002,5,Cenrich Namb M    ,735.3980769
6/1/2002,5,Cenrich Namb S    ,369.778
6/1/2002,5,Cenrich Nenrich M    ,770.2356
6/1/2002,5,Cenrich Nenrich S    ,455.466
6/1/2002,6,Camb Namb M    ,746.7003846
6/1/2002,6,Camb Namb S    ,277.7
6/1/2002,6,Camb Nenrich M    ,785.9453846
6/1/2002,6,Camb Nenrich S    ,489.322
6/1/2004,1,Cenrich Namb M    ,525.4845833
6/1/2004,1,Cenrich Namb S    ,482.72
6/1/2004,1,Cenrich Nenrich M    ,540.6315385
6/1/2004,1,Cenrich Nenrich S    ,580.51
6/1/2004,2,Camb Namb M    ,372.5366667
6/1/2004,2,Camb Namb S    ,366.624
6/1/2004,2,Camb Nenrich M    ,427.5073077
6/1/2004,2,Camb Nenrich S    ,387.2266667
6/1/2004,3,Cenrich Namb M    ,471.7657692
6/1/2004,3,Cenrich Namb S    ,583.54
6/1/2004,3,Cenrich Nenrich M    ,529.8430769
6/1/2004,3,Cenrich Nenrich S    ,551.454
6/1/2004,4,Camb Namb M    ,375.9503846
6/1/2004,4,Camb Namb S    ,447.2266667
6/1/2004,4,Camb Nenrich M    ,416.8233333
6/1/2004,4,Camb Nenrich S    ,422.31
6/1/2004,5,Cenrich Namb M    ,462.5836
6/1/2004,5,Cenrich Namb S    ,347.652
6/1/2004,5,Cenrich Nenrich M    ,908.3504
6/1/2004,5,Cenrich Nenrich S    ,533.062
6/1/2004,6,Camb Namb M    ,400.1396154
6/1/2004,6,Camb Namb S    ,402.9883333
6/1/2004,6,Camb Nenrich M    ,946.2392
6/1/2004,6,Camb Nenrich S    ,511.462
6/1/2005,1,Cenrich Namb M    ,257.2775
6/1/2005,1,Cenrich Namb S    ,204.092
6/1/2005,1,Cenrich Nenrich M    ,376.6046154
6/1/2005,1,Cenrich Nenrich S    ,286.9
6/1/2005,2,Camb Namb M    ,262.0758333
6/1/2005,2,Camb Namb S    ,234.96
6/1/2005,2,Camb Nenrich M    ,257.0988
6/1/2005,2,Camb Nenrich S    ,369.75
6/1/2005,3,Cenrich Namb M    ,344.9554167
6/1/2005,3,Cenrich Namb S    ,166.96
6/1/2005,3,Cenrich Nenrich M    ,335.1356
6/1/2005,3,Cenrich Nenrich S    ,396.84
6/1/2005,4,Camb Namb M    ,274.8192308
6/1/2005,4,Camb Namb S    ,339.485
6/1/2005,4,Camb Nenrich M    ,294.9978261
6/1/2005,4,Camb Nenrich S    ,314.52
6/1/2005,5,Cenrich Namb M    ,347.7408
6/1/2005,5,Cenrich Namb S    ,318.82
6/1/2005,5,Cenrich Nenrich M    ,337.9454545
6/1/2005,5,Cenrich Nenrich S    ,378.32
6/1/2005,6,Camb Namb M    ,262.2807692
6/1/2005,6,Camb Namb S    ,272.5566667
6/1/2005,6,Camb Nenrich M    ,292.95
6/1/2005,6,Camb Nenrich S    ,273.12
6/1/2006,1,Cenrich Namb M    ,553.728
6/1/2006,1,Cenrich Namb S    ,624.2
6/1/2006,1,Cenrich Nenrich M    ,678.4076923
6/1/2006,1,Cenrich Nenrich S    ,652.12
6/1/2006,2,Camb Namb M    ,524.2541667
6/1/2006,2,Camb Namb S    ,335.28
6/1/2006,2,Camb Nenrich M    ,596.732
6/1/2006,2,Camb Nenrich S    ,421.5666667
6/1/2006,3,Cenrich Namb M    ,627.2003846
6/1/2006,3,Cenrich Namb S    ,405.92
6/1/2006,3,Cenrich Nenrich M    ,679.2230769
6/1/2006,3,Cenrich Nenrich S    ,743.86
6/1/2006,4,Camb Namb M    ,524.2164
6/1/2006,4,Camb Namb S    ,624.9666667
6/1/2006,4,Camb Nenrich M    ,502.4288
6/1/2006,4,Camb Nenrich S    ,408.42
6/1/2006,5,Cenrich Namb M    ,623.0461538
6/1/2006,5,Cenrich Namb S    ,652.602
6/1/2006,5,Cenrich Nenrich M    ,801.9913043
6/1/2006,5,Cenrich Nenrich S    ,574.24
6/1/2006,6,Camb Namb M    ,554.892
6/1/2006,6,Camb Namb S    ,439.985
6/1/2006,6,Camb Nenrich M    ,655.26
6/1/2006,6,Camb Nenrich S    ,1032.362
6/1/2007,1,Cenrich Namb M    ,301.1914286
6/1/2007,1,Cenrich Namb M H2Oamb  ,714.4
6/1/2007,1,Cenrich Namb M H2Oneg  ,463.5
6/1/2007,1,Cenrich Namb S    ,412.44
6/1/2007,1,Cenrich Nenrich M    ,359.8318182
6/1/2007,1,Cenrich Nenrich M H2Oamb  ,512.05
6/1/2007,1,Cenrich Nenrich M H2Oneg  ,744.7
6/1/2007,1,Cenrich Nenrich S    ,498.76
6/1/2007,2,Camb Namb M    ,216.42
6/1/2007,2,Camb Namb M H2Oamb  ,411.4333333
6/1/2007,2,Camb Namb M H2Oneg  ,374.85
6/1/2007,2,Camb Namb S    ,245.278
6/1/2007,2,Camb Nenrich M    ,283.043913
6/1/2007,2,Camb Nenrich M H2Oamb  ,491.9
6/1/2007,2,Camb Nenrich M H2Oneg  ,246.55
6/1/2007,2,Camb Nenrich S    ,279.05
6/1/2007,3,Cenrich Namb M    ,324.5381818
6/1/2007,3,Cenrich Namb M H2Oamb  ,427.85
6/1/2007,3,Cenrich Namb M H2Oneg  ,453.65
6/1/2007,3,Cenrich Namb S    ,196.1
6/1/2007,3,Cenrich Nenrich M    ,338.4231818
6/1/2007,3,Cenrich Nenrich M H2Oamb  ,208.85
6/1/2007,3,Cenrich Nenrich M H2Oneg  ,541.9
6/1/2007,3,Cenrich Nenrich S    ,411.16
6/1/2007,4,Camb Namb M    ,277.2521739
6/1/2007,4,Camb Namb M H2Oamb  ,434.6
6/1/2007,4,Camb Namb M H2Oneg  ,219.15
6/1/2007,4,Camb Namb S    ,254.7166667
6/1/2007,4,Camb Nenrich M    ,283.924
6/1/2007,4,Camb Nenrich M H2Oamb  ,350.0666667
6/1/2007,4,Camb Nenrich M H2Oneg  ,254.05
6/1/2007,4,Camb Nenrich S    ,177
6/1/2007,5,Cenrich Namb M    ,314.7045455
6/1/2007,5,Cenrich Namb M H2Oamb  ,441.55
6/1/2007,5,Cenrich Namb M H2Oneg  ,518.6
6/1/2007,5,Cenrich Namb S    ,263.1
6/1/2007,5,Cenrich Nenrich M    ,293.5128571
6/1/2007,5,Cenrich Nenrich M H2Oamb  ,442.95
6/1/2007,5,Cenrich Nenrich M H2Oneg  ,300.3
6/1/2007,5,Cenrich Nenrich S    ,343.282
6/1/2007,6,Camb Namb M    ,268.5318182
6/1/2007,6,Camb Namb M H2Oamb  ,202.2
6/1/2007,6,Camb Namb M H2Oneg  ,300.1
6/1/2007,6,Camb Namb S    ,270.9833333
6/1/2007,6,Camb Nenrich M    ,266.1272727
6/1/2007,6,Camb Nenrich M H2Oamb  ,558.85
6/1/2007,6,Camb Nenrich M H2Oneg  ,434.75
6/1/2007,6,Camb Nenrich S    ,295.1
6/1/2008,1,Cenrich Namb M    ,301.6171429
6/1/2008,1,Cenrich Namb M H2Oamb  ,680.09
6/1/2008,1,Cenrich Namb M H2Oneg  ,508.55
6/1/2008,1,Cenrich Namb S    ,279.078
6/1/2008,1,Cenrich Nenrich M    ,334.9759091
6/1/2008,1,Cenrich Nenrich M H2Oamb  ,843.55
6/1/2008,1,Cenrich Nenrich M H2Oneg  ,598.65
6/1/2008,1,Cenrich Nenrich S    ,231.38
6/1/2008,2,Camb Namb M    ,231.98605
6/1/2008,2,Camb Namb M H2Oamb  ,358.3
6/1/2008,2,Camb Namb M H2Oneg  ,504.5
6/1/2008,2,Camb Namb S    ,209.684
6/1/2008,2,Camb Nenrich M    ,328.6352609
6/1/2008,2,Camb Nenrich M H2Oamb  ,551.07
6/1/2008,2,Camb Nenrich M H2Oneg  ,509.5
6/1/2008,2,Camb Nenrich S    ,306.625
6/1/2008,3,Cenrich Namb M    ,386.6118182
6/1/2008,3,Cenrich Namb M H2Oamb  ,382.955
6/1/2008,3,Cenrich Namb M H2Oneg  ,405.05
6/1/2008,3,Cenrich Namb S    ,346.144
6/1/2008,3,Cenrich Nenrich M    ,469.6918182
6/1/2008,3,Cenrich Nenrich M H2Oamb  ,350.405
6/1/2008,3,Cenrich Nenrich M H2Oneg  ,893.9
6/1/2008,3,Cenrich Nenrich S    ,283.378
6/1/2008,4,Camb Namb M    ,279.6947826
6/1/2008,4,Camb Namb M H2Oamb  ,416
6/1/2008,4,Camb Namb M H2Oneg  ,570.2
6/1/2008,4,Camb Namb S    ,305.7066667
6/1/2008,4,Camb Nenrich M    ,343.361
6/1/2008,4,Camb Nenrich M H2Oamb  ,401.6
6/1/2008,4,Camb Nenrich M H2Oneg  ,369.4
6/1/2008,4,Camb Nenrich S    ,309.016
6/1/2008,5,Cenrich Namb M    ,368.2304545
6/1/2008,5,Cenrich Namb M H2Oamb  ,679.5
6/1/2008,5,Cenrich Namb M H2Oneg  ,594.6
6/1/2008,5,Cenrich Namb S    ,311.51
6/1/2008,5,Cenrich Nenrich M    ,425.1257143
6/1/2008,5,Cenrich Nenrich M H2Oamb  ,776.4
6/1/2008,5,Cenrich Nenrich M H2Oneg  ,665.4
6/1/2008,5,Cenrich Nenrich S    ,509.08
6/1/2008,6,Camb Namb M    ,363.8540909
6/1/2008,6,Camb Namb M H2Oamb  ,368.15
6/1/2008,6,Camb Namb M H2Oneg  ,528.84
6/1/2008,6,Camb Namb S    ,483.3333333
6/1/2008,6,Camb Nenrich M    ,413.3431818
6/1/2008,6,Camb Nenrich M H2Oamb  ,386.8
6/1/2008,6,Camb Nenrich M H2Oneg  ,568.7
6/1/2008,6,Camb Nenrich S    ,330.214
6/1/2009,1,Cenrich Namb M    ,177.8142857
6/1/2009,1,Cenrich Namb M H2Oamb  ,512.55
6/1/2009,1,Cenrich Namb M H2Oneg  ,221.9
6/1/2009,1,Cenrich Namb S    ,169.56
6/1/2009,1,Cenrich Nenrich M    ,241.3881818
6/1/2009,1,Cenrich Nenrich M H2Oamb  ,301.95
6/1/2009,1,Cenrich Nenrich M H2Oneg  ,321.75
6/1/2009,1,Cenrich Nenrich S    ,256.44
6/1/2009,2,Camb Namb M    ,203.055
6/1/2009,2,Camb Namb M H2Oamb  ,342.0333333
6/1/2009,2,Camb Namb M H2Oneg  ,335.2
6/1/2009,2,Camb Namb S    ,223
6/1/2009,2,Camb Nenrich M    ,245.1917391
6/1/2009,2,Camb Nenrich M H2Oamb  ,129
6/1/2009,2,Camb Nenrich M H2Oneg  ,358.45
6/1/2009,2,Camb Nenrich S    ,226.2
6/1/2009,3,Cenrich Namb M    ,249.4668182
6/1/2009,3,Cenrich Namb M H2Oamb  ,227.1
6/1/2009,3,Cenrich Namb M H2Oneg  ,229.45
6/1/2009,3,Cenrich Namb S    ,163.472
6/1/2009,3,Cenrich Nenrich M    ,240.5363636
6/1/2009,3,Cenrich Nenrich M H2Oamb  ,98.05
6/1/2009,3,Cenrich Nenrich M H2Oneg  ,438.2
6/1/2009,3,Cenrich Nenrich S    ,256.058
6/1/2009,4,Camb Namb M    ,343.903913
6/1/2009,4,Camb Namb M H2Oamb  ,620
6/1/2009,4,Camb Namb M H2Oneg  ,630.25
6/1/2009,4,Camb Namb S    ,424.1516667
6/1/2009,4,Camb Nenrich M    ,192.3395
6/1/2009,4,Camb Nenrich M H2Oamb  ,521.5333333
6/1/2009,4,Camb Nenrich M H2Oneg  ,150.5
6/1/2009,4,Camb Nenrich S    ,234.908
6/1/2009,5,Cenrich Namb M    ,257.6404545
6/1/2009,5,Cenrich Namb M H2Oamb  ,340.6
6/1/2009,5,Cenrich Namb M H2Oneg  ,332.85
6/1/2009,5,Cenrich Namb S    ,208.276
6/1/2009,5,Cenrich Nenrich M    ,171.0209524
6/1/2009,5,Cenrich Nenrich M H2Oamb  ,363.2
6/1/2009,5,Cenrich Nenrich M H2Oneg  ,176.705
6/1/2009,5,Cenrich Nenrich S    ,356.5
6/1/2009,6,Camb Namb M    ,243.7822727
6/1/2009,6,Camb Namb M H2Oamb  ,208.8
6/1/2009,6,Camb Namb M H2Oneg  ,323.25
6/1/2009,6,Camb Namb S    ,257.3
6/1/2009,6,Camb Nenrich M    ,279.5727273
6/1/2009,6,Camb Nenrich M H2Oamb  ,686.9
6/1/2009,6,Camb Nenrich M H2Oneg  ,526.25
6/1/2009,6,Camb Nenrich S    ,222.42
6/1/2010,1,Cenrich Namb M    ,259.6328571
6/1/2010,1,Cenrich Namb M H2Oamb  ,456.62
6/1/2010,1,Cenrich Namb M H2Oneg  ,431.75
6/1/2010,1,Cenrich Namb S    ,247.632
6/1/2010,1,Cenrich Nenrich M    ,288.0554545
6/1/2010,1,Cenrich Nenrich M H2Oamb  ,400.055
6/1/2010,1,Cenrich Nenrich M H2Oneg  ,614.55
6/1/2010,1,Cenrich Nenrich S    ,485.502
6/1/2010,2,Camb Namb M    ,241.835
6/1/2010,2,Camb Namb M H2Oamb  ,529.5
6/1/2010,2,Camb Namb M H2Oneg  ,381.95
6/1/2010,2,Camb Namb S    ,354.092
6/1/2010,2,Camb Nenrich M    ,357.4430435
6/1/2010,2,Camb Nenrich M H2Oamb  ,872
6/1/2010,2,Camb Nenrich M H2Oneg  ,332.5
6/1/2010,2,Camb Nenrich S    ,301.2166667
6/1/2010,3,Cenrich Namb M    ,338.6468182
6/1/2010,3,Cenrich Namb M H2Oamb  ,359.55
6/1/2010,3,Cenrich Namb M H2Oneg  ,650.7
6/1/2010,3,Cenrich Namb S    ,193.168
6/1/2010,3,Cenrich Nenrich M    ,365.1731818
6/1/2010,3,Cenrich Nenrich M H2Oamb  ,306.205
6/1/2010,3,Cenrich Nenrich M H2Oneg  ,552.65
6/1/2010,3,Cenrich Nenrich S    ,506.118
6/1/2010,4,Camb Namb M    ,297.4256522
6/1/2010,4,Camb Namb M H2Oamb  ,765.3
6/1/2010,4,Camb Namb M H2Oneg  ,493.75
6/1/2010,4,Camb Namb S    ,311.1983333
6/1/2010,4,Camb Nenrich M    ,312.618
6/1/2010,4,Camb Nenrich M H2Oamb  ,555.02
6/1/2010,4,Camb Nenrich M H2Oneg  ,142.1
6/1/2010,4,Camb Nenrich S    ,380.982
6/1/2010,5,Cenrich Namb M    ,237.9677273
6/1/2010,5,Cenrich Namb M H2Oamb  ,351.82
6/1/2010,5,Cenrich Namb M H2Oneg  ,293.47
6/1/2010,5,Cenrich Namb S    ,403.94
6/1/2010,5,Cenrich Nenrich M    ,263.8685714
6/1/2010,5,Cenrich Nenrich M H2Oamb  ,209.41
6/1/2010,5,Cenrich Nenrich M H2Oneg  ,551.5
6/1/2010,5,Cenrich Nenrich S    ,327.456
6/1/2010,6,Camb Namb M    ,282.3231818
6/1/2010,6,Camb Namb M H2Oamb  ,263.935
6/1/2010,6,Camb Namb M H2Oneg  ,349.195
6/1/2010,6,Camb Namb S    ,344.3116667
6/1/2010,6,Camb Nenrich M    ,374.85
6/1/2010,6,Camb Nenrich M H2Oamb  ,279.25
6/1/2010,6,Camb Nenrich M H2Oneg  ,519.6
6/1/2010,6,Camb Nenrich S    ,261.838
6/1/2011,1,Cenrich Namb M    ,209.227619
6/1/2011,1,Cenrich Namb M H2Oamb  ,395.45
6/1/2011,1,Cenrich Namb M H2Oneg  ,302.455
6/1/2011,1,Cenrich Namb S    ,196.08
6/1/2011,1,Cenrich Nenrich M    ,253.6904545
6/1/2011,1,Cenrich Nenrich M H2Oamb  ,461.74
6/1/2011,1,Cenrich Nenrich M H2Oneg  ,244.1
6/1/2011,1,Cenrich Nenrich S    ,352.634
6/1/2011,2,Camb Namb M    ,268.35
6/1/2011,2,Camb Namb M H2Oamb  ,446.8333333
6/1/2011,2,Camb Namb M H2Oneg  ,329.2
6/1/2011,2,Camb Namb S    ,270.42
6/1/2011,2,Camb Nenrich M    ,381.9508696
6/1/2011,2,Camb Nenrich M H2Oamb  ,540.1
6/1/2011,2,Camb Nenrich M H2Oneg  ,510.025
6/1/2011,2,Camb Nenrich S    ,205.8666667
6/1/2011,3,Cenrich Namb M    ,260.4640909
6/1/2011,3,Cenrich Namb M H2Oamb  ,311.85
6/1/2011,3,Cenrich Namb M H2Oneg  ,420.35
6/1/2011,3,Cenrich Namb S    ,195.62
6/1/2011,3,Cenrich Nenrich M    ,299.2990909
6/1/2011,3,Cenrich Nenrich M H2Oamb  ,227.34
6/1/2011,3,Cenrich Nenrich M H2Oneg  ,451.25
6/1/2011,3,Cenrich Nenrich S    ,256.54
6/1/2011,4,Camb Namb M    ,293.8508696
6/1/2011,4,Camb Namb M H2Oamb  ,580.1
6/1/2011,4,Camb Namb M H2Oneg  ,417.35
6/1/2011,4,Camb Namb S    ,389.5183333
6/1/2011,4,Camb Nenrich M    ,279.329
6/1/2011,4,Camb Nenrich M H2Oamb  ,549.5333333
6/1/2011,4,Camb Nenrich M H2Oneg  ,316.6
6/1/2011,4,Camb Nenrich S    ,211.22
6/1/2011,5,Cenrich Namb M    ,264.7495455
6/1/2011,5,Cenrich Namb M H2Oamb  ,363.8
6/1/2011,5,Cenrich Namb M H2Oneg  ,363.85
6/1/2011,5,Cenrich Namb S    ,276.34
6/1/2011,5,Cenrich Nenrich M    ,244.7404762
6/1/2011,5,Cenrich Nenrich M H2Oamb  ,351.8
6/1/2011,5,Cenrich Nenrich M H2Oneg  ,464.75
6/1/2011,5,Cenrich Nenrich S    ,340.154
6/1/2011,6,Camb Namb M    ,210.7
6/1/2011,6,Camb Namb M H2Oamb  ,182
6/1/2011,6,Camb Namb M H2Oneg  ,152.75
6/1/2011,6,Camb Namb S    ,235.35
6/1/2011,6,Camb Nenrich M    ,305.55
6/1/2011,6,Camb Nenrich M H2Oamb  ,466.33
6/1/2011,6,Camb Nenrich M H2Oneg  ,538.2
6/1/2011,6,Camb Nenrich S    ,262.592
6/16/2003,1,Cenrich Namb M    ,653.312
6/16/2003,1,Cenrich Namb S    ,271.164
6/16/2003,1,Cenrich Nenrich M    ,640.8915385
6/16/2003,1,Cenrich Nenrich S    ,283.02
6/16/2003,2,Camb Namb M    ,634.9908
6/16/2003,2,Camb Namb S    ,107.894
6/16/2003,2,Camb Nenrich M    ,599.1011538
6/16/2003,2,Camb Nenrich S    ,148.4666667
6/16/2003,3,Cenrich Namb M    ,631.4811538
6/16/2003,3,Cenrich Namb S    ,229.28
6/16/2003,3,Cenrich Nenrich M    ,656.1103846
6/16/2003,3,Cenrich Nenrich S    ,189.16
6/16/2003,4,Camb Namb M    ,556.9192308
6/16/2003,4,Camb Namb S    ,161.3933333
6/16/2003,4,Camb Nenrich M    ,589.5964
6/16/2003,4,Camb Nenrich S    ,228.8
6/16/2003,5,Cenrich Namb M    ,630.4084615
6/16/2003,5,Cenrich Namb S    ,190.2
6/16/2003,5,Cenrich Nenrich M    ,661.182
6/16/2003,5,Cenrich Nenrich S    ,305.082
6/16/2003,6,Camb Namb M    ,625.1596154
6/16/2003,6,Camb Namb S    ,213.9833333
6/16/2003,6,Camb Nenrich M    ,612.2342308
6/16/2003,6,Camb Nenrich S    ,188.24
6/18/2001,1,Cenrich Namb M    ,750.5556
6/18/2001,1,Cenrich Namb S    ,397.59
6/18/2001,1,Cenrich Nenrich M    ,421.8992
6/18/2001,1,Cenrich Nenrich S    ,424.012
6/18/2001,2,Camb Namb M    ,709.2476
6/18/2001,2,Camb Namb S    ,156.92
6/18/2001,2,Camb Nenrich M    ,781.1496154
6/18/2001,2,Camb Nenrich S    ,344.875
6/18/2001,3,Cenrich Namb M    ,674.0665385
6/18/2001,3,Cenrich Namb S    ,335.94
6/18/2001,3,Cenrich Nenrich M    ,763.4273077
6/18/2001,3,Cenrich Nenrich S    ,425.818
6/18/2001,4,Camb Namb M    ,323.8161538
6/18/2001,4,Camb Namb S    ,285.89
6/18/2001,4,Camb Nenrich M    ,743.1552
6/18/2001,4,Camb Nenrich S    ,382.032
6/18/2001,5,Cenrich Namb M    ,778.8161538
6/18/2001,5,Cenrich Namb S    ,252.72
6/18/2001,5,Cenrich Nenrich M    ,445.5504
6/18/2001,5,Cenrich Nenrich S    ,347.414
6/18/2001,6,Camb Namb M    ,727.3096154
6/18/2001,6,Camb Namb S    ,282.245
6/18/2001,6,Camb Nenrich M    ,790.8538462
6/18/2001,6,Camb Nenrich S    ,358.486
6/19/2000,1,Cenrich Namb M    ,990.4508
6/19/2000,1,Cenrich Namb S    ,87.546
6/19/2000,1,Cenrich Nenrich M    ,1018.931154
6/19/2000,1,Cenrich Nenrich S    ,224.568
6/19/2000,2,Camb Namb M    ,539.6044
6/19/2000,2,Camb Namb S    ,161.754
6/19/2000,2,Camb Nenrich M    ,977.9561538
6/19/2000,2,Camb Nenrich S    ,135.8633333
6/19/2000,3,Cenrich Namb M    ,928.85
6/19/2000,3,Cenrich Namb S    ,96.494
6/19/2000,3,Cenrich Nenrich M    ,588.5623077
6/19/2000,3,Cenrich Nenrich S    ,161.392
6/19/2000,4,Camb Namb M    ,923.5038462
6/19/2000,4,Camb Namb S    ,122.6566667
6/19/2000,4,Camb Nenrich M    ,556.192
6/19/2000,4,Camb Nenrich S    ,131.68
6/19/2000,5,Cenrich Namb M    ,595.4284615
6/19/2000,5,Cenrich Namb S    ,154.334
6/19/2000,5,Cenrich Nenrich M    ,635.0768
6/19/2000,5,Cenrich Nenrich S    ,209.72
6/19/2000,6,Camb Namb M    ,618.1065385
6/19/2000,6,Camb Namb S    ,136.24
6/19/2000,6,Camb Nenrich M    ,639.8457692
6/19/2000,6,Camb Nenrich S    ,325.478
6/22/1998,1,Cenrich Namb M    ,395.4752
6/22/1998,1,Cenrich Namb S    ,603.834
6/22/1998,1,Cenrich Nenrich M    ,476.0019231
6/22/1998,1,Cenrich Nenrich S    ,449.98
6/22/1998,2,Camb Namb M    ,396.6976
6/22/1998,2,Camb Namb S    ,394.32
6/22/1998,2,Camb Nenrich M    ,444.956
6/22/1998,2,Camb Nenrich S    ,549.2033333
6/22/1998,3,Cenrich Namb M    ,456.5069231
6/22/1998,3,Cenrich Namb S    ,573.808
6/22/1998,3,Cenrich Nenrich M    ,485.8073077
6/22/1998,3,Cenrich Nenrich S    ,489.978
6/22/1998,4,Camb Namb M    ,414.5353846
6/22/1998,4,Camb Namb S    ,640.8183333
6/22/1998,4,Camb Nenrich M    ,469.0864
6/22/1998,4,Camb Nenrich S    ,662.498
6/22/1998,5,Cenrich Namb M    ,359.1769231
6/22/1998,5,Cenrich Namb S    ,530.942
6/22/1998,5,Cenrich Nenrich M    ,456.542
6/22/1998,5,Cenrich Nenrich S    ,672.384
6/22/1998,6,Camb Namb M    ,464.2042308
6/22/1998,6,Camb Namb S    ,382.1233333
6/22/1998,6,Camb Nenrich M    ,437.8603846
6/22/1998,6,Camb Nenrich S    ,555.346
8/1/1999,1,Cenrich Namb M    ,501.4824
8/1/1999,1,Cenrich Namb S    ,616.618
8/1/1999,1,Cenrich Nenrich M    ,707.4380769
8/1/1999,1,Cenrich Nenrich S    ,662.712
8/1/1999,2,Camb Namb M    ,506.6676
8/1/1999,2,Camb Namb S    ,365.24
8/1/1999,2,Camb Nenrich M    ,697.8232
8/1/1999,2,Camb Nenrich S    ,629.915
8/1/1999,3,Cenrich Namb M    ,494.6456
8/1/1999,3,Cenrich Namb S    ,455.374
8/1/1999,3,Cenrich Nenrich M    ,571.0142308
8/1/1999,3,Cenrich Nenrich S    ,806.73
8/1/1999,4,Camb Namb M    ,405.7364
8/1/1999,4,Camb Namb S    ,367.0283333
8/1/1999,4,Camb Nenrich M    ,511.336
8/1/1999,4,Camb Nenrich S    ,517.832
8/1/1999,5,Cenrich Namb M    ,493.7884
8/1/1999,5,Cenrich Namb S    ,383.62
8/1/1999,5,Cenrich Nenrich M    ,557.3192
8/1/1999,5,Cenrich Nenrich S    ,641.344
8/1/1999,6,Camb Namb M    ,451.4030769
8/1/1999,6,Camb Namb S    ,356.05
8/1/1999,6,Camb Nenrich M    ,556.2924
8/1/1999,6,Camb Nenrich S    ,690.07
8/1/2002,1,Cenrich Namb M    ,860.7932
8/1/2002,1,Cenrich Namb S    ,534.752
8/1/2002,1,Cenrich Nenrich M    ,941.7173077
8/1/2002,1,Cenrich Nenrich S    ,444.18
8/1/2002,2,Camb Namb M    ,709.8288
8/1/2002,2,Camb Namb S    ,289.1
8/1/2002,2,Camb Nenrich M    ,747.6634615
8/1/2002,2,Camb Nenrich S    ,434.7366667
8/1/2002,3,Cenrich Namb M    ,735.5069231
8/1/2002,3,Cenrich Namb S    ,344.622
8/1/2002,3,Cenrich Nenrich M    ,883.2534615
8/1/2002,3,Cenrich Nenrich S    ,451.46
8/1/2002,4,Camb Namb M    ,729.6973077
8/1/2002,4,Camb Namb S    ,185.6566667
8/1/2002,4,Camb Nenrich M    ,787.1324
8/1/2002,4,Camb Nenrich S    ,365.706
8/1/2002,5,Cenrich Namb M    ,762.1580769
8/1/2002,5,Cenrich Namb S    ,350.27
8/1/2002,5,Cenrich Nenrich M    ,822.8572
8/1/2002,5,Cenrich Nenrich S    ,506.6
8/1/2002,6,Camb Namb M    ,756.2826923
8/1/2002,6,Camb Namb S    ,361.385
8/1/2002,6,Camb Nenrich M    ,1183.993462
8/1/2002,6,Camb Nenrich S    ,563.44
8/1/2004,1,Cenrich Namb M    ,796.7496
8/1/2004,1,Cenrich Namb S    ,727.54
8/1/2004,1,Cenrich Nenrich M    ,990.4592308
8/1/2004,1,Cenrich Nenrich S    ,643.014
8/1/2004,2,Camb Namb M    ,760.8116
8/1/2004,2,Camb Namb S    ,391.86
8/1/2004,2,Camb Nenrich M    ,811.6034615
8/1/2004,2,Camb Nenrich S    ,449.114
8/1/2004,3,Cenrich Namb M    ,494.7238462
8/1/2004,3,Cenrich Namb S    ,482.5
8/1/2004,3,Cenrich Nenrich M    ,974.2742308
8/1/2004,3,Cenrich Nenrich S    ,572.12
8/1/2004,4,Camb Namb M    ,792.5744
8/1/2004,4,Camb Namb S    ,454.2033333
8/1/2004,4,Camb Nenrich M    ,815.3976
8/1/2004,4,Camb Nenrich S    ,642.618
8/1/2004,5,Cenrich Namb M    ,881.8724
8/1/2004,5,Cenrich Namb S    ,750.746
8/1/2004,5,Cenrich Nenrich M    ,927.602
8/1/2004,5,Cenrich Nenrich S    ,650.26
8/1/2004,6,Camb Namb M    ,349.8919231
8/1/2004,6,Camb Namb S    ,448.9833333
8/1/2004,6,Camb Nenrich M    ,865.2588462
8/1/2004,6,Camb Nenrich S    ,452.52
8/1/2005,1,Cenrich Namb M    ,429.7332
8/1/2005,1,Cenrich Namb S    ,421.54
8/1/2005,1,Cenrich Nenrich M    ,532.8576923
8/1/2005,1,Cenrich Nenrich S    ,501.86
8/1/2005,2,Camb Namb M    ,306.7825
8/1/2005,2,Camb Namb S    ,214.36
8/1/2005,2,Camb Nenrich M    ,387.56
8/1/2005,2,Camb Nenrich S    ,322.6166667
8/1/2005,3,Cenrich Namb M    ,441.2388
8/1/2005,3,Cenrich Namb S    ,403.44
8/1/2005,3,Cenrich Nenrich M    ,504.868
8/1/2005,3,Cenrich Nenrich S    ,420.34
8/1/2005,4,Camb Namb M    ,420.632
8/1/2005,4,Camb Namb S    ,318.7166667
8/1/2005,4,Camb Nenrich M    ,359.3208333
8/1/2005,4,Camb Nenrich S    ,428.56
8/1/2005,5,Cenrich Namb M    ,389.1653846
8/1/2005,5,Cenrich Namb S    ,595.28
8/1/2005,5,Cenrich Nenrich M    ,416.6375
8/1/2005,5,Cenrich Nenrich S    ,399.8
8/1/2005,6,Camb Namb M    ,399.1496
8/1/2005,6,Camb Namb S    ,436.5016667
8/1/2005,6,Camb Nenrich M    ,411.704
8/1/2005,6,Camb Nenrich S    ,537.24
8/1/2006,1,Cenrich Namb M    ,480.6920833
8/1/2006,1,Cenrich Namb S    ,563.44
8/1/2006,1,Cenrich Nenrich M    ,595.8411538
8/1/2006,1,Cenrich Nenrich S    ,743.8
8/1/2006,2,Camb Namb M    ,388.4243478
8/1/2006,2,Camb Namb S    ,310.02
8/1/2006,2,Camb Nenrich M    ,486.928
8/1/2006,2,Camb Nenrich S    ,506.9833333
8/1/2006,3,Cenrich Namb M    ,554.588
8/1/2006,3,Cenrich Namb S    ,487.64
8/1/2006,3,Cenrich Nenrich M    ,732.6333333
8/1/2006,3,Cenrich Nenrich S    ,616.46
8/1/2006,4,Camb Namb M    ,532.58
8/1/2006,4,Camb Namb S    ,701.4266667
8/1/2006,4,Camb Nenrich M    ,693.3826087
8/1/2006,4,Camb Nenrich S    ,849.58
8/1/2006,5,Cenrich Namb M    ,447.4724
8/1/2006,5,Cenrich Namb S    ,478.444
8/1/2006,5,Cenrich Nenrich M    ,792.0047826
8/1/2006,5,Cenrich Nenrich S    ,906.46
8/1/2006,6,Camb Namb M    ,419.5656
8/1/2006,6,Camb Namb S    ,407.15
8/1/2006,6,Camb Nenrich M    ,520.6621739
8/1/2006,6,Camb Nenrich S    ,615.98
8/1/2007,1,Cenrich Namb M    ,226.0619048
8/1/2007,1,Cenrich Namb M H2Oamb  ,526.8
8/1/2007,1,Cenrich Namb M H2Oneg  ,507.035
8/1/2007,1,Cenrich Namb S    ,466.4
8/1/2007,1,Cenrich Nenrich M    ,333.6045455
8/1/2007,1,Cenrich Nenrich M H2Oamb  ,396.55
8/1/2007,1,Cenrich Nenrich M H2Oneg  ,446.55
8/1/2007,1,Cenrich Nenrich S    ,257.44
8/1/2007,2,Camb Namb M    ,250.6255
8/1/2007,2,Camb Namb M H2Oamb  ,296.7633333
8/1/2007,2,Camb Namb M H2Oneg  ,313.55
8/1/2007,2,Camb Namb S    ,369.14
8/1/2007,2,Camb Nenrich M    ,267.1173913
8/1/2007,2,Camb Nenrich M H2Oamb  ,616.5
8/1/2007,2,Camb Nenrich M H2Oneg  ,356
8/1/2007,2,Camb Nenrich S    ,314.3833333
8/1/2007,3,Cenrich Namb M    ,364.6681818
8/1/2007,3,Cenrich Namb M H2Oamb  ,661.25
8/1/2007,3,Cenrich Namb M H2Oneg  ,283.55
8/1/2007,3,Cenrich Namb S    ,439.96
8/1/2007,3,Cenrich Nenrich M    ,396.5181818
8/1/2007,3,Cenrich Nenrich M H2Oamb  ,329.2
8/1/2007,3,Cenrich Nenrich M H2Oneg  ,502.47
8/1/2007,3,Cenrich Nenrich S    ,390.48
8/1/2007,4,Camb Namb M    ,219.3017391
8/1/2007,4,Camb Namb M H2Oamb  ,368.04
8/1/2007,4,Camb Namb M H2Oneg  ,319.45
8/1/2007,4,Camb Namb S    ,353.0233333
8/1/2007,4,Camb Nenrich M    ,237.1755
8/1/2007,4,Camb Nenrich M H2Oamb  ,249.49
8/1/2007,4,Camb Nenrich M H2Oneg  ,181.325
8/1/2007,4,Camb Nenrich S    ,264.898
8/1/2007,5,Cenrich Namb M    ,275.4272727
8/1/2007,5,Cenrich Namb M H2Oamb  ,374.35
8/1/2007,5,Cenrich Namb M H2Oneg  ,436.4
8/1/2007,5,Cenrich Namb S    ,380.7
8/1/2007,5,Cenrich Nenrich M    ,292.49
8/1/2007,5,Cenrich Nenrich M H2Oamb  ,516.05
8/1/2007,5,Cenrich Nenrich M H2Oneg  ,388.15
8/1/2007,5,Cenrich Nenrich S    ,396.82
8/1/2007,6,Camb Namb M    ,241.6681818
8/1/2007,6,Camb Namb M H2Oamb  ,304.5
8/1/2007,6,Camb Namb M H2Oneg  ,197.75
8/1/2007,6,Camb Namb S    ,361.1
8/1/2007,6,Camb Nenrich M    ,237.4590909
8/1/2007,6,Camb Nenrich M H2Oamb  ,234.15
8/1/2007,6,Camb Nenrich M H2Oneg  ,404.45
8/1/2007,6,Camb Nenrich S    ,313.36
8/1/2008,1,Cenrich Namb M    ,302.6104762
8/1/2008,1,Cenrich Namb M H2Oamb  ,552.555
8/1/2008,1,Cenrich Namb M H2Oneg  ,502.85
8/1/2008,1,Cenrich Namb S    ,450.92
8/1/2008,1,Cenrich Nenrich M    ,393.4627273
8/1/2008,1,Cenrich Nenrich M H2Oamb  ,377.1
8/1/2008,1,Cenrich Nenrich M H2Oneg  ,508.45
8/1/2008,1,Cenrich Nenrich S    ,403.12
8/1/2008,2,Camb Namb M    ,279.6505
8/1/2008,2,Camb Namb M H2Oamb  ,431.4
8/1/2008,2,Camb Namb M H2Oneg  ,403.7
8/1/2008,2,Camb Namb S    ,378.186
8/1/2008,2,Camb Nenrich M    ,357.0782609
8/1/2008,2,Camb Nenrich M H2Oamb  ,903.3
8/1/2008,2,Camb Nenrich M H2Oneg  ,327.65
8/1/2008,2,Camb Nenrich S    ,402.17
8/1/2008,3,Cenrich Namb M    ,353.9077727
8/1/2008,3,Cenrich Namb M H2Oamb  ,415.9
8/1/2008,3,Cenrich Namb M H2Oneg  ,464.6
8/1/2008,3,Cenrich Namb S    ,485.66
8/1/2008,3,Cenrich Nenrich M    ,475.68
8/1/2008,3,Cenrich Nenrich M H2Oamb  ,302.05
8/1/2008,3,Cenrich Nenrich M H2Oneg  ,659.85
8/1/2008,3,Cenrich Nenrich S    ,345.636
8/1/2008,4,Camb Namb M    ,304.2991304
8/1/2008,4,Camb Namb M H2Oamb  ,336.4
8/1/2008,4,Camb Namb M H2Oneg  ,411
8/1/2008,4,Camb Namb S    ,303.81
8/1/2008,4,Camb Nenrich M    ,258.127
8/1/2008,4,Camb Nenrich M H2Oamb  ,324.3966667
8/1/2008,4,Camb Nenrich M H2Oneg  ,263.4
8/1/2008,4,Camb Nenrich S    ,277.068
8/1/2008,5,Cenrich Namb M    ,302.5259091
8/1/2008,5,Cenrich Namb M H2Oamb  ,415.365
8/1/2008,5,Cenrich Namb M H2Oneg  ,545.155
8/1/2008,5,Cenrich Namb S    ,238.504
8/1/2008,5,Cenrich Nenrich M    ,416.0242857
8/1/2008,5,Cenrich Nenrich M H2Oamb  ,528.305
8/1/2008,5,Cenrich Nenrich M H2Oneg  ,538.05
8/1/2008,5,Cenrich Nenrich S    ,551.778
8/1/2008,6,Camb Namb M    ,259.6672727
8/1/2008,6,Camb Namb M H2Oamb  ,260.1
8/1/2008,6,Camb Namb M H2Oneg  ,291.95
8/1/2008,6,Camb Namb S    ,263.85
8/1/2008,6,Camb Nenrich M    ,339.4504545
8/1/2008,6,Camb Nenrich M H2Oamb  ,397.18
8/1/2008,6,Camb Nenrich M H2Oneg  ,627.46
8/1/2008,6,Camb Nenrich S    ,411.8
8/1/2009,1,Cenrich Namb M    ,255.2857143
8/1/2009,1,Cenrich Namb M H2Oamb  ,514.55
8/1/2009,1,Cenrich Namb M H2Oneg  ,440.55
8/1/2009,1,Cenrich Namb S    ,342.64
8/1/2009,1,Cenrich Nenrich M    ,337.0363636
8/1/2009,1,Cenrich Nenrich M H2Oamb  ,333
8/1/2009,1,Cenrich Nenrich M H2Oneg  ,538.5
8/1/2009,1,Cenrich Nenrich S    ,341.86
8/1/2009,2,Camb Namb M    ,254.41
8/1/2009,2,Camb Namb M H2Oamb  ,293.2333333
8/1/2009,2,Camb Namb M H2Oneg  ,258.6
8/1/2009,2,Camb Namb S    ,411.78
8/1/2009,2,Camb Nenrich M    ,292.673913
8/1/2009,2,Camb Nenrich M H2Oamb  ,576.8
8/1/2009,2,Camb Nenrich M H2Oneg  ,262.65
8/1/2009,2,Camb Nenrich S    ,338.7833333
8/1/2009,3,Cenrich Namb M    ,303.4
8/1/2009,3,Cenrich Namb M H2Oamb  ,537.65
8/1/2009,3,Cenrich Namb M H2Oneg  ,277.75
8/1/2009,3,Cenrich Namb S    ,352.542
8/1/2009,3,Cenrich Nenrich M    ,430.3363636
8/1/2009,3,Cenrich Nenrich M H2Oamb  ,187.8
8/1/2009,3,Cenrich Nenrich M H2Oneg  ,336.55
8/1/2009,3,Cenrich Nenrich S    ,431.42
8/1/2009,4,Camb Namb M    ,262.2173913
8/1/2009,4,Camb Namb M H2Oamb  ,490
8/1/2009,4,Camb Namb M H2Oneg  ,296.64
8/1/2009,4,Camb Namb S    ,303.65
8/1/2009,4,Camb Nenrich M    ,217.94
8/1/2009,4,Camb Nenrich M H2Oamb  ,347.4333333
8/1/2009,4,Camb Nenrich M H2Oneg  ,193.7
8/1/2009,4,Camb Nenrich S    ,285.66
8/1/2009,5,Cenrich Namb M    ,243.5763636
8/1/2009,5,Cenrich Namb M H2Oamb  ,373.2
8/1/2009,5,Cenrich Namb M H2Oneg  ,243.17
8/1/2009,5,Cenrich Namb S    ,231.7
8/1/2009,5,Cenrich Nenrich M    ,254.3980952
8/1/2009,5,Cenrich Nenrich M H2Oamb  ,353.25
8/1/2009,5,Cenrich Nenrich M H2Oneg  ,273.8
8/1/2009,5,Cenrich Nenrich S    ,298.08
8/1/2009,6,Camb Namb M    ,265.2713636
8/1/2009,6,Camb Namb M H2Oamb  ,231.8
8/1/2009,6,Camb Namb M H2Oneg  ,216.635
8/1/2009,6,Camb Namb S    ,363.0166667
8/1/2009,6,Camb Nenrich M    ,290.925
8/1/2009,6,Camb Nenrich M H2Oamb  ,457.9
8/1/2009,6,Camb Nenrich M H2Oneg  ,515.54
8/1/2009,6,Camb Nenrich S    ,409.76
8/1/2010,1,Cenrich Namb M    ,394.3914286
8/1/2010,1,Cenrich Namb M H2Oamb  ,566.295
8/1/2010,1,Cenrich Namb M H2Oneg  ,765.95
8/1/2010,1,Cenrich Namb S    ,475.836
8/1/2010,1,Cenrich Nenrich M    ,510.4177273
8/1/2010,1,Cenrich Nenrich M H2Oamb  ,1060.885
8/1/2010,1,Cenrich Nenrich M H2Oneg  ,734.14
8/1/2010,1,Cenrich Nenrich S    ,743.636
8/1/2010,2,Camb Namb M    ,466.187
8/1/2010,2,Camb Namb M H2Oamb  ,583.76
8/1/2010,2,Camb Namb M H2Oneg  ,461.45
8/1/2010,2,Camb Namb S    ,367.434
8/1/2010,2,Camb Nenrich M    ,504.4465217
8/1/2010,2,Camb Nenrich M H2Oamb  ,585.81
8/1/2010,2,Camb Nenrich M H2Oneg  ,711.33
8/1/2010,2,Camb Nenrich S    ,570.0983333
8/1/2010,3,Cenrich Namb M    ,427.3281818
8/1/2010,3,Cenrich Namb M H2Oamb  ,847.86
8/1/2010,3,Cenrich Namb M H2Oneg  ,583.995
8/1/2010,3,Cenrich Namb S    ,522.244
8/1/2010,3,Cenrich Nenrich M    ,538.4209091
8/1/2010,3,Cenrich Nenrich M H2Oamb  ,391.98
8/1/2010,3,Cenrich Nenrich M H2Oneg  ,633.57
8/1/2010,3,Cenrich Nenrich S    ,499.29
8/1/2010,4,Camb Namb M    ,384.5508696
8/1/2010,4,Camb Namb M H2Oamb  ,288.2
8/1/2010,4,Camb Namb M H2Oneg  ,632.8
8/1/2010,4,Camb Namb S    ,483.8633333
8/1/2010,4,Camb Nenrich M    ,382.6975
8/1/2010,4,Camb Nenrich M H2Oamb  ,582.02
8/1/2010,4,Camb Nenrich M H2Oneg  ,327.735
8/1/2010,4,Camb Nenrich S    ,497.516
8/1/2010,5,Cenrich Namb M    ,291.3609091
8/1/2010,5,Cenrich Namb M H2Oamb  ,500.4
8/1/2010,5,Cenrich Namb M H2Oneg  ,300.2
8/1/2010,5,Cenrich Namb S    ,315.952
8/1/2010,5,Cenrich Nenrich M    ,356.6980952
8/1/2010,5,Cenrich Nenrich M H2Oamb  ,692.05
8/1/2010,5,Cenrich Nenrich M H2Oneg  ,508.855
8/1/2010,5,Cenrich Nenrich S    ,445.608
8/1/2010,6,Camb Namb M    ,378.5636364
8/1/2010,6,Camb Namb M H2Oamb  ,490.4
8/1/2010,6,Camb Namb M H2Oneg  ,562.96
8/1/2010,6,Camb Namb S    ,395.5666667
8/1/2010,6,Camb Nenrich M    ,463.1636364
8/1/2010,6,Camb Nenrich M H2Oamb  ,391.64
8/1/2010,6,Camb Nenrich M H2Oneg  ,437.65
8/1/2010,6,Camb Nenrich S    ,347.412
8/1/2011,1,Cenrich Namb M    ,321.8552381
8/1/2011,1,Cenrich Namb M H2Oamb  ,345.65
8/1/2011,1,Cenrich Namb M H2Oneg  ,470.12
8/1/2011,1,Cenrich Namb S    ,401.022
8/1/2011,1,Cenrich Nenrich M    ,309.5072727
8/1/2011,1,Cenrich Nenrich M H2Oamb  ,701.1
8/1/2011,1,Cenrich Nenrich M H2Oneg  ,428.2
8/1/2011,1,Cenrich Nenrich S    ,644.4
8/1/2011,2,Camb Namb M    ,280.077
8/1/2011,2,Camb Namb M H2Oamb  ,452
8/1/2011,2,Camb Namb M H2Oneg  ,348.95
8/1/2011,2,Camb Namb S    ,561.52
8/1/2011,2,Camb Nenrich M    ,408.1782609
8/1/2011,2,Camb Nenrich M H2Oamb  ,667.4
8/1/2011,2,Camb Nenrich M H2Oneg  ,472.9
8/1/2011,2,Camb Nenrich S    ,453.75
8/1/2011,3,Cenrich Namb M    ,335.6277273
8/1/2011,3,Cenrich Namb M H2Oamb  ,478.745
8/1/2011,3,Cenrich Namb M H2Oneg  ,426.7
8/1/2011,3,Cenrich Namb S    ,315.334
8/1/2011,3,Cenrich Nenrich M    ,551.2077273
8/1/2011,3,Cenrich Nenrich M H2Oamb  ,438.9
8/1/2011,3,Cenrich Nenrich M H2Oneg  ,659.15
8/1/2011,3,Cenrich Nenrich S    ,545.752
8/1/2011,4,Camb Namb M    ,316.5786957
8/1/2011,4,Camb Namb M H2Oamb  ,532.55
8/1/2011,4,Camb Namb M H2Oneg  ,547.4
8/1/2011,4,Camb Namb S    ,366.8283333
8/1/2011,4,Camb Nenrich M    ,298.1215
8/1/2011,4,Camb Nenrich M H2Oamb  ,487.6666667
8/1/2011,4,Camb Nenrich M H2Oneg  ,387.005
8/1/2011,4,Camb Nenrich S    ,391.282
8/1/2011,5,Cenrich Namb M    ,263.7004545
8/1/2011,5,Cenrich Namb M H2Oamb  ,233.95
8/1/2011,5,Cenrich Namb M H2Oneg  ,278.35
8/1/2011,5,Cenrich Namb S    ,472.04
8/1/2011,5,Cenrich Nenrich M    ,317.9295238
8/1/2011,5,Cenrich Nenrich M H2Oamb  ,430.05
8/1/2011,5,Cenrich Nenrich M H2Oneg  ,477.35
8/1/2011,5,Cenrich Nenrich S    ,666.54
8/1/2011,6,Camb Namb M    ,244.155
8/1/2011,6,Camb Namb M H2Oamb  ,300.65
8/1/2011,6,Camb Namb M H2Oneg  ,343
8/1/2011,6,Camb Namb S    ,300.8516667
8/1/2011,6,Camb Nenrich M    ,282.0104545
8/1/2011,6,Camb Nenrich M H2Oamb  ,460.15
8/1/2011,6,Camb Nenrich M H2Oneg  ,382.15
8/1/2011,6,Camb Nenrich S    ,582.566
8/1/2012,1,Cenrich Namb M    ,217.3457619
8/1/2012,1,Cenrich Namb M H2Oamb HTamb,223.7
8/1/2012,1,Cenrich Namb M H2Oamb HTelv,486
8/1/2012,1,Cenrich Namb M H2Oneg HTamb,344.27
8/1/2012,1,Cenrich Namb M H2Oneg HTelv,282.2
8/1/2012,1,Cenrich Namb S    ,399.08
8/1/2012,1,Cenrich Nenrich M    ,309.91
8/1/2012,1,Cenrich Nenrich M H2Oamb HTamb,639
8/1/2012,1,Cenrich Nenrich M H2Oamb HTelv,1754.6
8/1/2012,1,Cenrich Nenrich M H2Oneg HTamb,629.61
8/1/2012,1,Cenrich Nenrich M H2Oneg HTelv,658.5
8/1/2012,1,Cenrich Nenrich S    ,333.38
8/1/2012,2,Camb Namb M    ,254.5561905
8/1/2012,2,Camb Namb M H2Oamb HTamb,564.2
8/1/2012,2,Camb Namb M H2Oamb HTelv,486.7
8/1/2012,2,Camb Namb M H2Oneg HTamb,285.1
8/1/2012,2,Camb Namb M H2Oneg HTelv,469.5
8/1/2012,2,Camb Namb S    ,357.24
8/1/2012,2,Camb Nenrich M    ,290.8204545
8/1/2012,2,Camb Nenrich M H2Oamb HTamb,321.2
8/1/2012,2,Camb Nenrich M H2Oamb HTelv,658.8
8/1/2012,2,Camb Nenrich M H2Oneg HTamb,486.1
8/1/2012,2,Camb Nenrich M H2Oneg HTelv,309.4
8/1/2012,2,Camb Nenrich S    ,376.1666667
8/1/2012,3,Cenrich Namb M    ,303.4590909
8/1/2012,3,Cenrich Namb M H2Oamb HTamb,305.6
8/1/2012,3,Cenrich Namb M H2Oamb HTelv,784.9
8/1/2012,3,Cenrich Namb M H2Oneg HTamb,331.1
8/1/2012,3,Cenrich Namb M H2Oneg HTelv,408.69
8/1/2012,3,Cenrich Namb S    ,320.662
8/1/2012,3,Cenrich Nenrich M    ,395.1545455
8/1/2012,3,Cenrich Nenrich M H2Oamb HTamb,308.1
8/1/2012,3,Cenrich Nenrich M H2Oamb HTelv,179.1
8/1/2012,3,Cenrich Nenrich M H2Oneg HTamb,361.2
8/1/2012,3,Cenrich Nenrich M H2Oneg HTelv,382.1
8/1/2012,3,Cenrich Nenrich S    ,430.434
8/1/2012,4,Camb Namb M    ,279.2162273
8/1/2012,4,Camb Namb M H2Oamb HTamb,279.8
8/1/2012,4,Camb Namb M H2Oamb HTelv,295.3
8/1/2012,4,Camb Namb M H2Oneg HTamb,368.6
8/1/2012,4,Camb Namb M H2Oneg HTelv,386
8/1/2012,4,Camb Namb S    ,448.8816667
8/1/2012,4,Camb Nenrich M    ,272.5142857
8/1/2012,4,Camb Nenrich M H2Oamb HTamb,251.2
8/1/2012,4,Camb Nenrich M H2Oamb HTelv,463.7
8/1/2012,4,Camb Nenrich M H2Oneg HTamb,326.1
8/1/2012,4,Camb Nenrich M H2Oneg HTelv,324
8/1/2012,4,Camb Nenrich S    ,391.02
8/1/2012,5,Cenrich Namb M    ,238.3727273
8/1/2012,5,Cenrich Namb M H2Oamb HTamb,224.1
8/1/2012,5,Cenrich Namb M H2Oamb HTelv,519.48
8/1/2012,5,Cenrich Namb M H2Oneg HTamb,773.5
8/1/2012,5,Cenrich Namb M H2Oneg HTelv,145.17
8/1/2012,5,Cenrich Namb S    ,337.006
8/1/2012,5,Cenrich Nenrich M    ,423.0966667
8/1/2012,5,Cenrich Nenrich M H2Oamb HTamb,851.37
8/1/2012,5,Cenrich Nenrich M H2Oamb HTelv,553.6
8/1/2012,5,Cenrich Nenrich M H2Oneg HTamb,345.6
8/1/2012,5,Cenrich Nenrich M H2Oneg HTelv,375.56
8/1/2012,5,Cenrich Nenrich S    ,360.848
8/1/2012,6,Camb Namb M    ,239.3272727
8/1/2012,6,Camb Namb M H2Oamb HTamb,258.9
8/1/2012,6,Camb Namb M H2Oamb HTelv,474.3
8/1/2012,6,Camb Namb M H2Oneg HTamb,332
8/1/2012,6,Camb Namb M H2Oneg HTelv,125.8
8/1/2012,6,Camb Namb S    ,174.15
8/1/2012,6,Camb Nenrich M    ,289.2598182
8/1/2012,6,Camb Nenrich M H2Oamb HTamb,67.2
8/1/2012,6,Camb Nenrich M H2Oamb HTelv,482.7
8/1/2012,6,Camb Nenrich M H2Oneg HTamb,321.4
8/1/2012,6,Camb Nenrich M H2Oneg HTelv,547.8
8/1/2012,6,Camb Nenrich S    ,373.98
8/1/2013,1,Cenriched  Namb M    ,379.2624762
8/1/2013,1,Cenriched  Namb M H2Oamb HTamb,261.55
8/1/2013,1,Cenriched  Namb M H2Oamb HTelv,993.7
8/1/2013,1,Cenriched  Namb M H2Oneg HTamb,309.75
8/1/2013,1,Cenriched  Namb M H2Oneg HTelv,624.5
8/1/2013,1,Cenriched  Namb S    ,447.2
8/1/2013,1,Cenriched  Nenrich M    ,450.7672727
8/1/2013,1,Cenriched  Nenrich M H2Oamb HTamb,931.5
8/1/2013,1,Cenriched  Nenrich M H2Oamb HTelv,993.3
8/1/2013,1,Cenriched  Nenrich M H2Oneg HTamb,256.1
8/1/2013,1,Cenriched  Nenrich M H2Oneg HTelv,1094.8
8/1/2013,1,Cenriched  Nenrich S    ,635.662
8/1/2013,2,Camb Namb M    ,338.8655
8/1/2013,2,Camb Namb M H2Oamb  ,347.1
8/1/2013,2,Camb Namb M H2Oamb HTamb,673.1
8/1/2013,2,Camb Namb M H2Oamb HTelv,572.2
8/1/2013,2,Camb Namb M H2Oneg HTamb,491.71
8/1/2013,2,Camb Namb M H2Oneg HTelv,585.5
8/1/2013,2,Camb Namb S    ,342.92
8/1/2013,2,Camb Nenrich M    ,411.0427273
8/1/2013,2,Camb Nenrich M   HTamb,546.31
8/1/2013,2,Camb Nenrich M H2Oamb HTelv,418.7
8/1/2013,2,Camb Nenrich M H2Oneg HTamb,252.3
8/1/2013,2,Camb Nenrich M H2Oneg HTelv,417.5
8/1/2013,2,Camb Nenrich S    ,461.5333333
8/1/2013,3,Cenriched  Namb M    ,368.2759091
8/1/2013,3,Cenriched  Namb M H2Oamb HTamb,817
8/1/2013,3,Cenriched  Namb M H2Oamb HTelv,605.8
8/1/2013,3,Cenriched  Namb M H2Oneg HTamb,584.9
8/1/2013,3,Cenriched  Namb M H2Oneg HTelv,735
8/1/2013,3,Cenriched  Namb S    ,461.44
8/1/2013,3,Cenriched  Nenrich M    ,477.7972727
8/1/2013,3,Cenriched  Nenrich M H2Oamb HTamb,317.7
8/1/2013,3,Cenriched  Nenrich M H2Oamb HTelv,833.4
8/1/2013,3,Cenriched  Nenrich M H2Oneg HTamb,470.2
8/1/2013,3,Cenriched  Nenrich M H2Oneg HTelv,753.6
8/1/2013,3,Cenriched  Nenrich S    ,501.544
8/1/2013,4,Camb Namb M    ,442.1545455
8/1/2013,4,Camb Namb M   HTelv,1190.9
8/1/2013,4,Camb Namb M H2Oamb HTamb,797.7
8/1/2013,4,Camb Namb M H2Oneg HTamb,539.85
8/1/2013,4,Camb Namb M H2Oneg HTelv,559.1
8/1/2013,4,Camb Namb S    ,428.3766667
8/1/2013,4,Camb Nenrich M    ,397.8694737
8/1/2013,4,Camb Nenrich M H2Oamb  ,779.4
8/1/2013,4,Camb Nenrich M H2Oamb HTamb,444.2
8/1/2013,4,Camb Nenrich M H2Oamb HTelv,492.22
8/1/2013,4,Camb Nenrich M H2Oneg HTamb,568.3
8/1/2013,4,Camb Nenrich M H2Oneg HTelv,424.4
8/1/2013,4,Camb Nenrich S    ,567.03
8/1/2013,5,Cenriched  Namb M    ,412.4109091
8/1/2013,5,Cenriched  Namb M H2Oamb HTamb,490.4
8/1/2013,5,Cenriched  Namb M H2Oamb HTelv,737.905
8/1/2013,5,Cenriched  Namb M H2Oneg HTamb,875.2
8/1/2013,5,Cenriched  Namb M H2Oneg HTelv,300.5
8/1/2013,5,Cenriched  Namb S    ,320.48
8/1/2013,5,Cenriched  Nenrich M    ,496.9062857
8/1/2013,5,Cenriched  Nenrich M H2Oamb HTamb,871.8
8/1/2013,5,Cenriched  Nenrich M H2Oamb HTelv,1111.2
8/1/2013,5,Cenriched  Nenrich M H2Oneg HTamb,514.9
8/1/2013,5,Cenriched  Nenrich M H2Oneg HTelv,1089.8
8/1/2013,5,Cenriched  Nenrich S    ,487.62
8/1/2013,6,Camb Namb M    ,380.9943333
8/1/2013,6,Camb Namb M H2Oamb HTamb,537.5
8/1/2013,6,Camb Namb M H2Oamb HTelv,553.1
8/1/2013,6,Camb Namb M H2Oneg HTamb,211
8/1/2013,6,Camb Namb M H2Oneg HTelv,701.9
8/1/2013,6,Camb Namb S    ,440.435
8/1/2013,6,Camb Nenrich M    ,458.0762857
8/1/2013,6,Camb Nenrich M H2Oamb HTamb,305
8/1/2013,6,Camb Nenrich M H2Oamb HTelv,819.2
8/1/2013,6,Camb Nenrich M H2Oneg HTamb,459.047
8/1/2013,6,Camb Nenrich M H2Oneg HTelv,1015.4
8/1/2013,6,Camb Nenrich S    ,508.6624
8/1/2014,1,Cenriched  Namb M    ,224.1147619
8/1/2014,1,Cenriched  Namb M H2Oamb HTamb,144
8/1/2014,1,Cenriched  Namb M H2Oamb HTelv,338.4
8/1/2014,1,Cenriched  Namb M H2Oneg HTamb,305.3
8/1/2014,1,Cenriched  Namb M H2Oneg HTelv,688.2
8/1/2014,1,Cenriched  Namb S    ,327.088
8/1/2014,1,Cenriched  Nenrich M    ,350.2386364
8/1/2014,1,Cenriched  Nenrich M H2Oamb HTamb,305.1
8/1/2014,1,Cenriched  Nenrich M H2Oamb HTelv,773
8/1/2014,1,Cenriched  Nenrich M H2Oneg HTamb,678.7
8/1/2014,1,Cenriched  Nenrich M H2Oneg HTelv,444.6
8/1/2014,1,Cenriched  Nenrich S    ,250.184
8/1/2014,2,Camb Namb M    ,226.3585
8/1/2014,2,Camb Namb M H2Oamb  ,606.91
8/1/2014,2,Camb Namb M H2Oamb HTamb,534.5
8/1/2014,2,Camb Namb M H2Oamb HTelv,638.3
8/1/2014,2,Camb Namb M H2Oneg HTamb,246.2
8/1/2014,2,Camb Namb M H2Oneg HTelv,515
8/1/2014,2,Camb Namb S    ,384.366
8/1/2014,2,Camb Nenrich M    ,364.4595455
8/1/2014,2,Camb Nenrich M   HTamb,265.09
8/1/2014,2,Camb Nenrich M H2Oamb HTelv,623.5
8/1/2014,2,Camb Nenrich M H2Oneg HTamb,433.3
8/1/2014,2,Camb Nenrich M H2Oneg HTelv,216.6
8/1/2014,2,Camb Nenrich S    ,468.14
8/1/2014,3,Cenriched  Namb M    ,356.0268182
8/1/2014,3,Cenriched  Namb M H2Oamb HTamb,202.2
8/1/2014,3,Cenriched  Namb M H2Oamb HTelv,909.3
8/1/2014,3,Cenriched  Namb M H2Oneg HTamb,455.63
8/1/2014,3,Cenriched  Namb M H2Oneg HTelv,365.9
8/1/2014,3,Cenriched  Namb S    ,453.82
8/1/2014,3,Cenriched  Nenrich M    ,500.0186364
8/1/2014,3,Cenriched  Nenrich M H2Oamb HTamb,194.1
8/1/2014,3,Cenriched  Nenrich M H2Oamb HTelv,264.6
8/1/2014,3,Cenriched  Nenrich M H2Oneg HTamb,703
8/1/2014,3,Cenriched  Nenrich M H2Oneg HTelv,448.3
8/1/2014,3,Cenriched  Nenrich S    ,361.82
8/1/2014,4,Camb Namb M    ,333.3018182
8/1/2014,4,Camb Namb M   HTelv,718.2
8/1/2014,4,Camb Namb M H2Oamb HTamb,418.9
8/1/2014,4,Camb Namb M H2Oneg HTamb,818.41
8/1/2014,4,Camb Namb M H2Oneg HTelv,469.3
8/1/2014,4,Camb Namb S    ,376.02
8/1/2014,4,Camb Nenrich M    ,311.627
8/1/2014,4,Camb Nenrich M H2Oamb  ,373.2
8/1/2014,4,Camb Nenrich M H2Oamb HTamb,411.1
8/1/2014,4,Camb Nenrich M H2Oamb HTelv,705.7
8/1/2014,4,Camb Nenrich M H2Oneg HTamb,281
8/1/2014,4,Camb Nenrich M H2Oneg HTelv,339.1
8/1/2014,4,Camb Nenrich S    ,362.602
8/1/2014,5,Cenriched  Namb M    ,316.9672727
8/1/2014,5,Cenriched  Namb M H2Oamb HTamb,149.1
8/1/2014,5,Cenriched  Namb M H2Oamb HTelv,575.6
8/1/2014,5,Cenriched  Namb M H2Oneg HTamb,604.1
8/1/2014,5,Cenriched  Namb M H2Oneg HTelv,419
8/1/2014,5,Cenriched  Namb S    ,362.7
8/1/2014,5,Cenriched  Nenrich M    ,415.68
8/1/2014,5,Cenriched  Nenrich M H2Oamb HTamb,387.3
8/1/2014,5,Cenriched  Nenrich M H2Oamb HTelv,1305.9
8/1/2014,5,Cenriched  Nenrich M H2Oneg HTamb,186.5
8/1/2014,5,Cenriched  Nenrich M H2Oneg HTelv,606.2
8/1/2014,5,Cenriched  Nenrich S    ,546.944
8/1/2014,6,Camb Namb M    ,241.1359091
8/1/2014,6,Camb Namb M H2Oamb HTamb,252.6
8/1/2014,6,Camb Namb M H2Oamb HTelv,877.2
8/1/2014,6,Camb Namb M H2Oneg HTamb,203.16
8/1/2014,6,Camb Namb M H2Oneg HTelv,637
8/1/2014,6,Camb Namb S    ,314.9083333
8/1/2014,6,Camb Nenrich M    ,328.7862273
8/1/2014,6,Camb Nenrich M H2Oamb HTamb,135.3
8/1/2014,6,Camb Nenrich M H2Oamb HTelv,986.3
8/1/2014,6,Camb Nenrich M H2Oneg HTamb,316.9
8/1/2014,6,Camb Nenrich M H2Oneg HTelv,701.4
8/1/2014,6,Camb Nenrich S    ,576.822
8/1/2015,1,Cenrich Namb M    ,372.5304762
8/1/2015,1,Cenrich Namb M H2Oamb HTamb,293.7
8/1/2015,1,Cenrich Namb M H2Oamb HTelv,1044.9
8/1/2015,1,Cenrich Namb M H2Oneg HTamb,810.8
8/1/2015,1,Cenrich Namb M H2Oneg HTelv,602.4
8/1/2015,1,Cenrich Namb S    ,392.234
8/1/2015,1,Cenrich Nenrich M    ,405.9545455
8/1/2015,1,Cenrich Nenrich M H2Oamb HTamb,535.82
8/1/2015,1,Cenrich Nenrich M H2Oamb HTelv,805
8/1/2015,1,Cenrich Nenrich M H2Oneg HTamb,376.1
8/1/2015,1,Cenrich Nenrich M H2Oneg HTelv,912.67
8/1/2015,1,Cenrich Nenrich S    ,479.456
8/1/2015,2,Camb Namb M    ,356.2275
8/1/2015,2,Camb Namb M H2Oamb  ,390.8
8/1/2015,2,Camb Namb M H2Oamb HTamb,836.6
8/1/2015,2,Camb Namb M H2Oamb HTelv,604.5
8/1/2015,2,Camb Namb M H2Oneg HTamb,317.9
8/1/2015,2,Camb Namb M H2Oneg HTelv,619.9
8/1/2015,2,Camb Namb S    ,426.022
8/1/2015,2,Camb Nenrich M    ,360.2054545
8/1/2015,2,Camb Nenrich M   HTamb,294.3
8/1/2015,2,Camb Nenrich M H2Oamb HTelv,762.1
8/1/2015,2,Camb Nenrich M H2Oneg HTamb,266.89
8/1/2015,2,Camb Nenrich M H2Oneg HTelv,379.9
8/1/2015,2,Camb Nenrich S    ,490.9933333
8/1/2015,3,Cenrich Namb M    ,504.6440909
8/1/2015,3,Cenrich Namb M H2Oamb HTamb,925.5
8/1/2015,3,Cenrich Namb M H2Oamb HTelv,1147.8
8/1/2015,3,Cenrich Namb M H2Oneg HTamb,999.13
8/1/2015,3,Cenrich Namb M H2Oneg HTelv,723.3
8/1/2015,3,Cenrich Namb S    ,362.322
8/1/2015,3,Cenrich Nenrich M    ,537.7732273
8/1/2015,3,Cenrich Nenrich M H2Oamb HTamb,874.1
8/1/2015,3,Cenrich Nenrich M H2Oamb HTelv,738.59
8/1/2015,3,Cenrich Nenrich M H2Oneg HTamb,528
8/1/2015,3,Cenrich Nenrich M H2Oneg HTelv,729.4
8/1/2015,3,Cenrich Nenrich S    ,663.6
8/1/2015,4,Camb Namb M    ,356.8036364
8/1/2015,4,Camb Namb M   HTelv,944.2
8/1/2015,4,Camb Namb M H2Oamb HTamb,1063.75
8/1/2015,4,Camb Namb M H2Oneg HTamb,585.07
8/1/2015,4,Camb Namb M H2Oneg HTelv,495.35
8/1/2015,4,Camb Namb S    ,514.9966667
8/1/2015,4,Camb Nenrich M    ,475.1475
8/1/2015,4,Camb Nenrich M H2Oamb  ,250.1
8/1/2015,4,Camb Nenrich M H2Oamb HTamb,414.3
8/1/2015,4,Camb Nenrich M H2Oamb HTelv,477.3
8/1/2015,4,Camb Nenrich M H2Oneg HTamb,263.73
8/1/2015,4,Camb Nenrich M H2Oneg HTelv,253.55
8/1/2015,4,Camb Nenrich S    ,403.74
8/1/2015,5,Cenrich Namb M    ,419.9022727
8/1/2015,5,Cenrich Namb M H2Oamb HTamb,297.5
8/1/2015,5,Cenrich Namb M H2Oamb HTelv,309.7
8/1/2015,5,Cenrich Namb M H2Oneg HTamb,558.6
8/1/2015,5,Cenrich Namb M H2Oneg HTelv,478.1
8/1/2015,5,Cenrich Namb S    ,448.432
8/1/2015,5,Cenrich Nenrich M    ,551.1990476
8/1/2015,5,Cenrich Nenrich M H2Oamb HTamb,179.44
8/1/2015,5,Cenrich Nenrich M H2Oamb HTelv,288.4
8/1/2015,5,Cenrich Nenrich M H2Oneg HTamb,1007.4
8/1/2015,5,Cenrich Nenrich M H2Oneg HTelv,725.8
8/1/2015,5,Cenrich Nenrich S    ,606.52
8/1/2015,6,Camb Namb M    ,585.7281818
8/1/2015,6,Camb Namb M H2Oamb HTamb,520.4
8/1/2015,6,Camb Namb M H2Oamb HTelv,270.26
8/1/2015,6,Camb Namb M H2Oneg HTamb,333.2
8/1/2015,6,Camb Namb M H2Oneg HTelv,266.4
8/1/2015,6,Camb Namb S    ,533.0001667
8/1/2015,6,Camb Nenrich M    ,506.8519091
8/1/2015,6,Camb Nenrich M H2Oamb HTamb,785.4
8/1/2015,6,Camb Nenrich M H2Oamb HTelv,772.5
8/1/2015,6,Camb Nenrich M H2Oneg HTamb,325.32
8/1/2015,6,Camb Nenrich M H2Oneg HTelv,673.9
8/1/2015,6,Camb Nenrich S    ,725.292
8/1/2016,1,Cenrich Namb M    ,345.7309524
8/1/2016,1,Cenrich Namb M H2Oamb HTamb,700.2
8/1/2016,1,Cenrich Namb M H2Oamb HTelv,842.76
8/1/2016,1,Cenrich Namb M H2Oneg HTamb,584
8/1/2016,1,Cenrich Namb M H2Oneg HTelv,1032.5
8/1/2016,1,Cenrich Namb S    ,467.574
8/1/2016,1,Cenrich Nenrich M    ,441.88
8/1/2016,1,Cenrich Nenrich M H2Oamb HTamb,1110.65
8/1/2016,1,Cenrich Nenrich M H2Oamb HTelv,680.2
8/1/2016,1,Cenrich Nenrich M H2Oneg HTamb,508.6
8/1/2016,1,Cenrich Nenrich M H2Oneg HTelv,1309.7
8/1/2016,1,Cenrich Nenrich S    ,399.61
8/1/2016,2,Camb Namb M    ,393.7625
8/1/2016,2,Camb Namb M H2Oamb  ,671.38
8/1/2016,2,Camb Namb M H2Oamb HTamb,384.4
8/1/2016,2,Camb Namb M H2Oamb HTelv,468.4
8/1/2016,2,Camb Namb M H2Oneg HTamb,267.5
8/1/2016,2,Camb Namb M H2Oneg HTelv,246.3
8/1/2016,2,Camb Namb S    ,382.712
8/1/2016,2,Camb Nenrich M    ,383.3309091
8/1/2016,2,Camb Nenrich M   HTamb,311.6
8/1/2016,2,Camb Nenrich M H2Oamb HTelv,646.7
8/1/2016,2,Camb Nenrich M H2Oneg HTamb,177.8
8/1/2016,2,Camb Nenrich M H2Oneg HTelv,675.55
8/1/2016,2,Camb Nenrich S    ,430.7283333
8/1/2016,3,Cenrich Namb M    ,529.7759091
8/1/2016,3,Cenrich Namb M H2Oamb HTamb,376.9
8/1/2016,3,Cenrich Namb M H2Oamb HTelv,1163.8
8/1/2016,3,Cenrich Namb M H2Oneg HTamb,312.7
8/1/2016,3,Cenrich Namb M H2Oneg HTelv,490
8/1/2016,3,Cenrich Namb S    ,382.16
8/1/2016,3,Cenrich Nenrich M    ,491.7909091
8/1/2016,3,Cenrich Nenrich M H2Oamb HTamb,737.8
8/1/2016,3,Cenrich Nenrich M H2Oamb HTelv,495.4
8/1/2016,3,Cenrich Nenrich M H2Oneg HTamb,1303.7
8/1/2016,3,Cenrich Nenrich M H2Oneg HTelv,2017.71
8/1/2016,3,Cenrich Nenrich S    ,525.8
8/1/2016,4,Camb Namb M    ,271.2813636
8/1/2016,4,Camb Namb M   HTelv,647.4
8/1/2016,4,Camb Namb M H2Oamb HTamb,403.2
8/1/2016,4,Camb Namb M H2Oneg HTamb,339.8
8/1/2016,4,Camb Namb M H2Oneg HTelv,257.8
8/1/2016,4,Camb Namb S    ,475.3566667
8/1/2016,4,Camb Nenrich M    ,446.2985
8/1/2016,4,Camb Nenrich M H2Oamb  ,282
8/1/2016,4,Camb Nenrich M H2Oamb HTamb,531.5
8/1/2016,4,Camb Nenrich M H2Oamb HTelv,1201.72
8/1/2016,4,Camb Nenrich M H2Oneg HTamb,1064.4
8/1/2016,4,Camb Nenrich M H2Oneg HTelv,342.4
8/1/2016,4,Camb Nenrich S    ,700.54
8/1/2016,5,Cenrich Namb M    ,407.9409091
8/1/2016,5,Cenrich Namb M H2Oamb HTamb,685.75
8/1/2016,5,Cenrich Namb M H2Oamb HTelv,700.8
8/1/2016,5,Cenrich Namb M H2Oneg HTamb,564.8
8/1/2016,5,Cenrich Namb M H2Oneg HTelv,277
8/1/2016,5,Cenrich Namb S    ,295.46
8/1/2016,5,Cenrich Nenrich M    ,468.8547619
8/1/2016,5,Cenrich Nenrich M H2Oamb HTamb,780
8/1/2016,5,Cenrich Nenrich M H2Oamb HTelv,711.8
8/1/2016,5,Cenrich Nenrich M H2Oneg HTamb,1301.31
8/1/2016,5,Cenrich Nenrich M H2Oneg HTelv,535.5
8/1/2016,5,Cenrich Nenrich S    ,560.758
8/1/2016,6,Camb Namb M    ,344.0890909
8/1/2016,6,Camb Namb M H2Oamb HTamb,765.7
8/1/2016,6,Camb Namb M H2Oamb HTelv,913.1
8/1/2016,6,Camb Namb M H2Oneg HTamb,930.1
8/1/2016,6,Camb Namb M H2Oneg HTelv,544.68
8/1/2016,6,Camb Namb S    ,428.17
8/1/2016,6,Camb Nenrich M    ,431.2963636
8/1/2016,6,Camb Nenrich M H2Oamb HTamb,401.9
8/1/2016,6,Camb Nenrich M H2Oamb HTelv,978.9
8/1/2016,6,Camb Nenrich M H2Oneg HTamb,321
8/1/2016,6,Camb Nenrich M H2Oneg HTelv,794.8
8/1/2016,6,Camb Nenrich S    ,615.08
8/1/2017,1,Cenrich Namb M    ,217.8742857
8/1/2017,1,Cenrich Namb M H2Oamb HTamb,1790.22
8/1/2017,1,Cenrich Namb M H2Oamb HTelv,506.01
8/1/2017,1,Cenrich Namb M H2Oneg HTamb,470.8
8/1/2017,1,Cenrich Namb M H2Oneg HTelv,592.51
8/1/2017,1,Cenrich Namb S    ,398.452
8/1/2017,1,Cenrich Nenrich M    ,272.7090909
8/1/2017,1,Cenrich Nenrich M H2Oamb HTamb,375.8
8/1/2017,1,Cenrich Nenrich M H2Oamb HTelv,597.5
8/1/2017,1,Cenrich Nenrich M H2Oneg HTamb,475.9
8/1/2017,1,Cenrich Nenrich M H2Oneg HTelv,1042.9
8/1/2017,1,Cenrich Nenrich S    ,184.196
8/1/2017,2,Camb Namb M    ,228.535
8/1/2017,2,Camb Namb M H2Oamb  ,434.5
8/1/2017,2,Camb Namb M H2Oamb HTamb,410.3
8/1/2017,2,Camb Namb M H2Oamb HTelv,303.9
8/1/2017,2,Camb Namb M H2Oneg HTamb,304.5
8/1/2017,2,Camb Namb M H2Oneg HTelv,173.4
8/1/2017,2,Camb Namb S    ,200.8
8/1/2017,2,Camb Nenrich M    ,263.9318182
8/1/2017,2,Camb Nenrich M   HTamb,261.2
8/1/2017,2,Camb Nenrich M H2Oamb HTelv,374.5
8/1/2017,2,Camb Nenrich M H2Oneg HTamb,124.6
8/1/2017,2,Camb Nenrich M H2Oneg HTelv,306.4
8/1/2017,2,Camb Nenrich S    ,232.2333333
8/1/2017,3,Cenrich Namb M    ,292.7627273
8/1/2017,3,Cenrich Namb M H2Oamb HTamb,705.1
8/1/2017,3,Cenrich Namb M H2Oamb HTelv,1136.9
8/1/2017,3,Cenrich Namb M H2Oneg HTamb,456.4
8/1/2017,3,Cenrich Namb M H2Oneg HTelv,505.6
8/1/2017,3,Cenrich Namb S    ,204.88
8/1/2017,3,Cenrich Nenrich M    ,362.4863636
8/1/2017,3,Cenrich Nenrich M H2Oamb HTamb,393.95
8/1/2017,3,Cenrich Nenrich M H2Oamb HTelv,493.4
8/1/2017,3,Cenrich Nenrich M H2Oneg HTamb,754.5
8/1/2017,3,Cenrich Nenrich M H2Oneg HTelv,257.4
8/1/2017,3,Cenrich Nenrich S    ,369.96
8/1/2017,4,Camb Namb M    ,189.3104545
8/1/2017,4,Camb Namb M   HTelv,657.3
8/1/2017,4,Camb Namb M H2Oamb HTamb,866.7
8/1/2017,4,Camb Namb M H2Oneg HTamb,593.3
8/1/2017,4,Camb Namb M H2Oneg HTelv,642.5
8/1/2017,4,Camb Namb S    ,275.3516667
8/1/2017,4,Camb Nenrich M    ,194.65255
8/1/2017,4,Camb Nenrich M H2Oamb  ,151.7
8/1/2017,4,Camb Nenrich M H2Oamb HTamb,336.8
8/1/2017,4,Camb Nenrich M H2Oamb HTelv,370.2
8/1/2017,4,Camb Nenrich M H2Oneg HTamb,217.6
8/1/2017,4,Camb Nenrich M H2Oneg HTelv,370.1
8/1/2017,4,Camb Nenrich S    ,250.76
8/1/2017,5,Cenrich Namb M    ,244.5045455
8/1/2017,5,Cenrich Namb M H2Oamb HTamb,282.7
8/1/2017,5,Cenrich Namb M H2Oamb HTelv,512.2
8/1/2017,5,Cenrich Namb M H2Oneg HTamb,507.8
8/1/2017,5,Cenrich Namb M H2Oneg HTelv,183.22
8/1/2017,5,Cenrich Namb S    ,211.54
8/1/2017,5,Cenrich Nenrich M    ,213.7438095
8/1/2017,5,Cenrich Nenrich M H2Oamb HTamb,299.7
8/1/2017,5,Cenrich Nenrich M H2Oamb HTelv,1095.8
8/1/2017,5,Cenrich Nenrich M H2Oneg HTamb,260.1
8/1/2017,5,Cenrich Nenrich M H2Oneg HTelv,1096.1
8/1/2017,5,Cenrich Nenrich S    ,264.46
8/1/2017,6,Camb Namb M    ,207.6236364
8/1/2017,6,Camb Namb M H2Oamb HTamb,335.1
8/1/2017,6,Camb Namb M H2Oamb HTelv,287
8/1/2017,6,Camb Namb M H2Oneg HTamb,174.2
8/1/2017,6,Camb Namb M H2Oneg HTelv,543.8
8/1/2017,6,Camb Namb S    ,164.4583333
8/1/2017,6,Camb Nenrich M    ,211.4077273
8/1/2017,6,Camb Nenrich M H2Oamb HTamb,186.3
8/1/2017,6,Camb Nenrich M H2Oamb HTelv,584.9
8/1/2017,6,Camb Nenrich M H2Oneg HTamb,356.6
8/1/2017,6,Camb Nenrich M H2Oneg HTelv,490.8
8/1/2017,6,Camb Nenrich S    ,430.32
8/1/2018,1,Cenrich Namb M    ,366.9271429
8/1/2018,1,Cenrich Namb M H2Oamb HTamb,254.33
8/1/2018,1,Cenrich Namb M H2Oamb HTelv,251.73
8/1/2018,1,Cenrich Namb M H2Oneg HTamb,422.9
8/1/2018,1,Cenrich Namb M H2Oneg HTelv,634.52
8/1/2018,1,Cenrich Namb S    ,515.278
8/1/2018,1,Cenrich Nenrich M    ,400.6690909
8/1/2018,1,Cenrich Nenrich M H2Oamb HTamb,525.53
8/1/2018,1,Cenrich Nenrich M H2Oamb HTelv,623.28
8/1/2018,1,Cenrich Nenrich M H2Oneg HTamb,462.85
8/1/2018,1,Cenrich Nenrich M H2Oneg HTelv,842.1
8/1/2018,1,Cenrich Nenrich S    ,216.296
8/1/2018,2,Camb Namb M    ,309.91745
8/1/2018,2,Camb Namb M H2Oamb  ,570.12
8/1/2018,2,Camb Namb M H2Oamb HTamb,881.8
8/1/2018,2,Camb Namb M H2Oamb HTelv,692.4
8/1/2018,2,Camb Namb M H2Oneg HTamb,120.18
8/1/2018,2,Camb Namb M H2Oneg HTelv,634.75
8/1/2018,2,Camb Namb S    ,233.672
8/1/2018,2,Camb Nenrich M    ,342.8845455
8/1/2018,2,Camb Nenrich M   HTamb,285.2
8/1/2018,2,Camb Nenrich M H2Oamb HTelv,741.2
8/1/2018,2,Camb Nenrich M H2Oneg HTamb,196.37
8/1/2018,2,Camb Nenrich M H2Oneg HTelv,752.1
8/1/2018,2,Camb Nenrich S    ,359.88
8/1/2018,3,Cenrich Namb M    ,348.4877273
8/1/2018,3,Cenrich Namb M H2Oamb HTamb,164.6
8/1/2018,3,Cenrich Namb M H2Oamb HTelv,1047.16
8/1/2018,3,Cenrich Namb M H2Oneg HTamb,338.65
8/1/2018,3,Cenrich Namb M H2Oneg HTelv,369.93
8/1/2018,3,Cenrich Namb S    ,372.22
8/1/2018,3,Cenrich Nenrich M    ,507.2585909
8/1/2018,3,Cenrich Nenrich M H2Oamb HTamb,449.84
8/1/2018,3,Cenrich Nenrich M H2Oamb HTelv,625.9
8/1/2018,3,Cenrich Nenrich M H2Oneg HTamb,823.48
8/1/2018,3,Cenrich Nenrich M H2Oneg HTelv,731.8
8/1/2018,3,Cenrich Nenrich S    ,337.8
8/1/2018,4,Camb Namb M    ,270.3445455
8/1/2018,4,Camb Namb M   HTelv,509.29
8/1/2018,4,Camb Namb M H2Oamb HTamb,320.4
8/1/2018,4,Camb Namb M H2Oneg HTamb,437.19
8/1/2018,4,Camb Namb M H2Oneg HTelv,418.9
8/1/2018,4,Camb Namb S    ,404.15
8/1/2018,4,Camb Nenrich M    ,320.7475
8/1/2018,4,Camb Nenrich M H2Oamb  ,149.7
8/1/2018,4,Camb Nenrich M H2Oamb HTamb,340.95
8/1/2018,4,Camb Nenrich M H2Oamb HTelv,536.68
8/1/2018,4,Camb Nenrich M H2Oneg HTamb,551.25
8/1/2018,4,Camb Nenrich M H2Oneg HTelv,356.97
8/1/2018,4,Camb Nenrich S    ,313.16
8/1/2018,5,Cenrich Namb M    ,293.84
8/1/2018,5,Cenrich Namb M H2Oamb HTamb,318.7
8/1/2018,5,Cenrich Namb M H2Oamb HTelv,577.95
8/1/2018,5,Cenrich Namb M H2Oneg HTamb,687
8/1/2018,5,Cenrich Namb M H2Oneg HTelv,696.81
8/1/2018,5,Cenrich Namb S    ,286.108
8/1/2018,5,Cenrich Nenrich M    ,423.4895238
8/1/2018,5,Cenrich Nenrich M H2Oamb HTamb,705.6
8/1/2018,5,Cenrich Nenrich M H2Oamb HTelv,770.22
8/1/2018,5,Cenrich Nenrich M H2Oneg HTamb,392.45
8/1/2018,5,Cenrich Nenrich M H2Oneg HTelv,558.46
8/1/2018,5,Cenrich Nenrich S    ,305.326
8/1/2018,6,Camb Namb M    ,361.9836364
8/1/2018,6,Camb Namb M H2Oamb HTamb,464.73
8/1/2018,6,Camb Namb M H2Oamb HTelv,503.08
8/1/2018,6,Camb Namb M H2Oneg HTamb,471.3
8/1/2018,6,Camb Namb M H2Oneg HTelv,271.47
8/1/2018,6,Camb Namb S    ,326.4483333
8/1/2018,6,Camb Nenrich M    ,452.2459091
8/1/2018,6,Camb Nenrich M H2Oamb HTamb,497.3
8/1/2018,6,Camb Nenrich M H2Oamb HTelv,862.95
8/1/2018,6,Camb Nenrich M H2Oneg HTamb,217.88
8/1/2018,6,Camb Nenrich M H2Oneg HTelv,849.11
8/1/2018,6,Camb Nenrich S    ,396.898
8/1/2019,1,Cenrich Namb M    ,320.7800476
8/1/2019,1,Cenrich Namb M H2Oamb HTamb,887.45
8/1/2019,1,Cenrich Namb M H2Oamb HTelv,637
8/1/2019,1,Cenrich Namb M H2Oneg HTamb,342
8/1/2019,1,Cenrich Namb M H2Oneg HTelv,501.4
8/1/2019,1,Cenrich Namb S    ,428.98
8/1/2019,1,Cenrich Nenrich M    ,313.2132273
8/1/2019,1,Cenrich Nenrich M H2Oamb HTamb,541.5
8/1/2019,1,Cenrich Nenrich M H2Oamb HTelv,341.5
8/1/2019,1,Cenrich Nenrich M H2Oneg HTamb,395.2
8/1/2019,1,Cenrich Nenrich M H2Oneg HTelv,1096.1
8/1/2019,1,Cenrich Nenrich S    ,345.84
8/1/2019,2,Camb Namb M    ,230.3905
8/1/2019,2,Camb Namb M H2Oamb  ,785.53
8/1/2019,2,Camb Namb M H2Oamb HTamb,514.1
8/1/2019,2,Camb Namb M H2Oamb HTelv,460.02
8/1/2019,2,Camb Namb M H2Oneg HTamb,338.01
8/1/2019,2,Camb Namb M H2Oneg HTelv,510.3
8/1/2019,2,Camb Namb S    ,277.692
8/1/2019,2,Camb Nenrich M    ,211.0495455
8/1/2019,2,Camb Nenrich M   HTamb,178
8/1/2019,2,Camb Nenrich M H2Oamb HTelv,474.6
8/1/2019,2,Camb Nenrich M H2Oneg HTamb,314.8
8/1/2019,2,Camb Nenrich M H2Oneg HTelv,159
8/1/2019,2,Camb Nenrich S    ,237.2283333
8/1/2019,3,Cenrich Namb M    ,281.0568182
8/1/2019,3,Cenrich Namb M H2Oamb HTamb,335.77
8/1/2019,3,Cenrich Namb M H2Oamb HTelv,248.92
8/1/2019,3,Cenrich Namb M H2Oneg HTamb,476.2
8/1/2019,3,Cenrich Namb M H2Oneg HTelv,333.2
8/1/2019,3,Cenrich Namb S    ,381.72
8/1/2019,3,Cenrich Nenrich M    ,295.6877273
8/1/2019,3,Cenrich Nenrich M H2Oamb HTamb,432.9
8/1/2019,3,Cenrich Nenrich M H2Oamb HTelv,259.22
8/1/2019,3,Cenrich Nenrich M H2Oneg HTamb,741.33
8/1/2019,3,Cenrich Nenrich M H2Oneg HTelv,371.4
8/1/2019,3,Cenrich Nenrich S    ,310.372
8/1/2019,4,Camb Namb M    ,249.1190909
8/1/2019,4,Camb Namb M   HTelv,520.1
8/1/2019,4,Camb Namb M H2Oamb HTamb,853.98
8/1/2019,4,Camb Namb M H2Oneg HTamb,757.5
8/1/2019,4,Camb Namb M H2Oneg HTelv,364.3
8/1/2019,4,Camb Namb S    ,420.175
8/1/2019,4,Camb Nenrich M    ,269.1595
8/1/2019,4,Camb Nenrich M H2Oamb  ,657.2
8/1/2019,4,Camb Nenrich M H2Oamb HTamb,234.8
8/1/2019,4,Camb Nenrich M H2Oamb HTelv,550.9
8/1/2019,4,Camb Nenrich M H2Oneg HTamb,320.37
8/1/2019,4,Camb Nenrich M H2Oneg HTelv,638.65
8/1/2019,4,Camb Nenrich S    ,421.032
8/1/2019,5,Cenrich Namb M    ,322.5818182
8/1/2019,5,Cenrich Namb M H2Oamb HTamb,164.64
8/1/2019,5,Cenrich Namb M H2Oamb HTelv,378.51
8/1/2019,5,Cenrich Namb M H2Oneg HTamb,549.6
8/1/2019,5,Cenrich Namb M H2Oneg HTelv,299.16
8/1/2019,5,Cenrich Namb S    ,366.06
8/1/2019,5,Cenrich Nenrich M    ,349.5852381
8/1/2019,5,Cenrich Nenrich M H2Oamb HTamb,697.2
8/1/2019,5,Cenrich Nenrich M H2Oamb HTelv,554.89
8/1/2019,5,Cenrich Nenrich M H2Oneg HTamb,341.2
8/1/2019,5,Cenrich Nenrich M H2Oneg HTelv,881.05
8/1/2019,5,Cenrich Nenrich S    ,407.356
8/1/2019,6,Camb Namb M    ,275.6731818
8/1/2019,6,Camb Namb M H2Oamb HTamb,276.1
8/1/2019,6,Camb Namb M H2Oamb HTelv,520.07
8/1/2019,6,Camb Namb M H2Oneg HTamb,323.1
8/1/2019,6,Camb Namb M H2Oneg HTelv,239.2
8/1/2019,6,Camb Namb S    ,375.0816667
8/1/2019,6,Camb Nenrich M    ,307.4595455
8/1/2019,6,Camb Nenrich M H2Oamb HTamb,471.7
8/1/2019,6,Camb Nenrich M H2Oamb HTelv,534.2
8/1/2019,6,Camb Nenrich M H2Oneg HTamb,369.5
8/1/2019,6,Camb Nenrich M H2Oneg HTelv,812.7
8/1/2019,6,Camb Nenrich S    ,303.918
8/1/2020,1,Cenrich Namb M    ,213.20602
8/1/2020,1,Cenrich Namb M H2Oamb HTelv,279.2294
8/1/2020,1,Cenrich Nenrich M    ,163.2539167
8/1/2020,2,Camb Namb M    ,260.5020125
8/1/2020,2,Camb Namb M H2Oamb  ,291.6
8/1/2020,2,Camb Namb M H2Oamb HTamb,287
8/1/2020,2,Camb Namb M H2Oamb HTelv,279.6
8/1/2020,2,Camb Nenrich M    ,259.1910444
8/1/2020,2,Camb Nenrich M   HTamb,437.9
8/1/2020,2,Camb Nenrich M H2Oamb HTelv,473.7905
8/1/2020,3,Cenrich Namb M    ,334.036285
8/1/2020,3,Cenrich Namb M H2Oamb HTamb,503.9141
8/1/2020,3,Cenrich Namb M H2Oamb HTelv,545.422
8/1/2020,3,Cenrich Nenrich M    ,308.0630556
8/1/2020,3,Cenrich Nenrich M H2Oamb HTamb,275.8
8/1/2020,3,Cenrich Nenrich M H2Oamb HTelv,266.8
8/1/2020,4,Camb Namb M    ,296.6446278
8/1/2020,4,Camb Namb M   HTelv,491.4
8/1/2020,4,Camb Namb M H2Oamb HTamb,527.98
8/1/2020,4,Camb Nenrich M    ,365.2779875
8/1/2020,4,Camb Nenrich M H2Oamb  ,484.4
8/1/2020,4,Camb Nenrich M H2Oamb HTamb,315.8
8/1/2020,4,Camb Nenrich M H2Oamb HTelv,603.7
8/1/2020,5,Cenrich Namb M    ,297.0763944
8/1/2020,5,Cenrich Namb M H2Oamb HTamb,418.5
8/1/2020,5,Cenrich Namb M H2Oamb HTelv,912.1
8/1/2020,5,Cenrich Nenrich M    ,333.6296529
8/1/2020,5,Cenrich Nenrich M H2Oamb HTamb,684.1
8/1/2020,5,Cenrich Nenrich M H2Oamb HTelv,668.6
8/1/2020,6,Camb Namb M    ,468.1193833
8/1/2020,6,Camb Namb M H2Oamb HTamb,584.6
8/1/2020,6,Camb Namb M H2Oamb HTelv,373.7573
8/1/2020,6,Camb Nenrich M    ,358.1114722
8/1/2020,6,Camb Nenrich M H2Oamb HTamb,238.7
8/1/2020,6,Camb Nenrich M H2Oamb HTelv,636.7
8/1/2021,1,Cenrich Namb M  ,198.9053857
8/1/2021,1,Cenrich Namb M H2Oamb HTamb,205.91
8/1/2021,1,Cenrich Namb M H2Oamb HTelv,154.6349
8/1/2021,1,Cenrich Namb M H2Oneg HTamb,660.8
8/1/2021,1,Cenrich Namb M H2Oneg HTelv,242.1
8/1/2021,1,Cenrich Namb S  ,207.23314
8/1/2021,1,Cenrich Nenrich M  ,165.5354182
8/1/2021,1,Cenrich Nenrich M H2Oamb HTamb,229.1
8/1/2021,1,Cenrich Nenrich M H2Oamb HTelv,307.1
8/1/2021,1,Cenrich Nenrich M H2Oneg HTamb,234.9
8/1/2021,1,Cenrich Nenrich M H2Oneg HTelv,486.7
8/1/2021,1,Cenrich Nenrich S  ,168.6167
8/1/2021,2,Camb Namb M  ,242.687325
8/1/2021,2,Camb Namb M H2Oamb ,244.6
8/1/2021,2,Camb Namb M H2Oamb HTamb,290
8/1/2021,2,Camb Namb M H2Oamb HTelv,184.3
8/1/2021,2,Camb Namb M H2Oneg HTamb,86.7
8/1/2021,2,Camb Namb M H2Oneg HTelv,385.5
8/1/2021,2,Camb Namb S  ,247.56
8/1/2021,2,Camb Nenrich M  ,208.8633045
8/1/2021,2,Camb Nenrich M  HTamb,334.5
8/1/2021,2,Camb Nenrich M H2Oamb HTelv,221.5
8/1/2021,2,Camb Nenrich M H2Oneg HTamb,162
8/1/2021,2,Camb Nenrich M H2Oneg HTelv,372.7
8/1/2021,2,Camb Nenrich S  ,143.0166667
8/1/2021,3,Cenrich Namb M  ,204.4628727
8/1/2021,3,Cenrich Namb M H2Oamb HTamb,149.4336
8/1/2021,3,Cenrich Namb M H2Oamb HTelv,364.3
8/1/2021,3,Cenrich Namb M H2Oneg HTamb,395.4
8/1/2021,3,Cenrich Namb M H2Oneg HTelv,200.9
8/1/2021,3,Cenrich Namb S  ,230.32762
8/1/2021,3,Cenrich Nenrich M  ,188.8518227
8/1/2021,3,Cenrich Nenrich M H2Oamb HTamb,238.2
8/1/2021,3,Cenrich Nenrich M H2Oamb HTelv,189.7
8/1/2021,3,Cenrich Nenrich M H2Oneg HTamb,305
8/1/2021,3,Cenrich Nenrich M H2Oneg HTelv,363.8655
8/1/2021,3,Cenrich Nenrich S  ,219.6804
8/1/2021,4,Camb Namb M  ,151.7929182
8/1/2021,4,Camb Namb M  HTelv,241.2
8/1/2021,4,Camb Namb M H2Oamb HTamb,213.1845
8/1/2021,4,Camb Namb M H2Oneg HTamb,138.3
8/1/2021,4,Camb Namb M H2Oneg HTelv,221.6168
8/1/2021,4,Camb Namb S  ,193.5160333
8/1/2021,4,Camb Nenrich M  ,214.0562
8/1/2021,4,Camb Nenrich M H2Oamb ,316.4
8/1/2021,4,Camb Nenrich M H2Oamb HTamb,168.7533
8/1/2021,4,Camb Nenrich M H2Oamb HTelv,450.3424
8/1/2021,4,Camb Nenrich M H2Oneg HTamb,207.4
8/1/2021,4,Camb Nenrich M H2Oneg HTelv,141.3
8/1/2021,4,Camb Nenrich S  ,300.9365
8/1/2021,5,Cenrich Namb M  ,253.1435636
8/1/2021,5,Cenrich Namb M H2Oamb HTamb,204.2
8/1/2021,5,Cenrich Namb M H2Oamb HTelv,518.4
8/1/2021,5,Cenrich Namb M H2Oneg HTamb,270.9
8/1/2021,5,Cenrich Namb M H2Oneg HTelv,115
8/1/2021,5,Cenrich Namb S  ,278.15918
8/1/2021,5,Cenrich Nenrich M  ,192.5700952
8/1/2021,5,Cenrich Nenrich M H2Oamb HTamb,204.5
8/1/2021,5,Cenrich Nenrich M H2Oamb HTelv,202
8/1/2021,5,Cenrich Nenrich M H2Oneg HTamb,213.8
8/1/2021,5,Cenrich Nenrich M H2Oneg HTelv,613.8603
8/1/2021,5,Cenrich Nenrich S  ,287.71942
8/1/2021,6,Camb Namb M  ,194.4167955
8/1/2021,6,Camb Namb M H2Oamb HTamb,211.3
8/1/2021,6,Camb Namb M H2Oamb HTelv,234
8/1/2021,6,Camb Namb M H2Oneg HTamb,108.9
8/1/2021,6,Camb Namb M H2Oneg HTelv,135.9
8/1/2021,6,Camb Namb S  ,184.2049333
8/1/2021,6,Camb Nenrich M  ,185.1328591
8/1/2021,6,Camb Nenrich M H2Oamb HTamb,166.4
8/1/2021,6,Camb Nenrich M H2Oamb HTelv,426.176
8/1/2021,6,Camb Nenrich M H2Oneg HTamb,107.9
8/1/2021,6,Camb Nenrich M H2Oneg HTelv,241.7
8/1/2021,6,Camb Nenrich S  ,100.73208
8/10/1998,1,Cenrich Namb M    ,420.4666667
8/10/1998,1,Cenrich Namb S    ,423.04
8/10/1998,1,Cenrich Nenrich M    ,513.7384615
8/10/1998,1,Cenrich Nenrich S    ,511.94
8/10/1998,2,Camb Namb M    ,309.324
8/10/1998,2,Camb Namb S    ,324.08
8/10/1998,2,Camb Nenrich M    ,443.7848
8/10/1998,2,Camb Nenrich S    ,425.6833333
8/10/1998,3,Cenrich Namb M    ,348.4724
8/10/1998,3,Cenrich Namb S    ,305
8/10/1998,3,Cenrich Nenrich M    ,456.14
8/10/1998,3,Cenrich Nenrich S    ,597.44
8/10/1998,4,Camb Namb M    ,327.152
8/10/1998,4,Camb Namb S    ,315.2333333
8/10/1998,4,Camb Nenrich M    ,400.285
8/10/1998,4,Camb Nenrich S    ,406.5
8/10/1998,5,Cenrich Namb M    ,358.6836
8/10/1998,5,Cenrich Namb S    ,350.004
8/10/1998,5,Cenrich Nenrich M    ,441.75
8/10/1998,5,Cenrich Nenrich S    ,539.334
8/10/1998,6,Camb Namb M    ,434.8896154
8/10/1998,6,Camb Namb S    ,393.6
8/10/1998,6,Camb Nenrich M    ,502.1607692
8/10/1998,6,Camb Nenrich S    ,572.6
8/4/2003,1,Cenrich Namb M    ,733.2732
8/4/2003,1,Cenrich Namb S    ,281.92
8/4/2003,1,Cenrich Nenrich M    ,695.9673077
8/4/2003,1,Cenrich Nenrich S    ,560.95
8/4/2003,2,Camb Namb M    ,658.4544
8/4/2003,2,Camb Namb S    ,354.344
8/4/2003,2,Camb Nenrich M    ,685.3684615
8/4/2003,2,Camb Nenrich S    ,317.3466667
8/4/2003,3,Cenrich Namb M    ,710.0826923
8/4/2003,3,Cenrich Namb S    ,308
8/4/2003,3,Cenrich Nenrich M    ,854.2169231
8/4/2003,3,Cenrich Nenrich S    ,447.178
8/4/2003,4,Camb Namb M    ,662.4119231
8/4/2003,4,Camb Namb S    ,320.265
8/4/2003,4,Camb Nenrich M    ,671.812
8/4/2003,4,Camb Nenrich S    ,438.58
8/4/2003,5,Cenrich Namb M    ,700.6457692
8/4/2003,5,Cenrich Namb S    ,248.39
8/4/2003,5,Cenrich Nenrich M    ,793.5445833
8/4/2003,5,Cenrich Nenrich S    ,735.894
8/4/2003,6,Camb Namb M    ,664.5446154
8/4/2003,6,Camb Namb S    ,241.07
8/4/2003,6,Camb Nenrich M    ,747.8188
8/4/2003,6,Camb Nenrich S    ,339.26
8/7/2000,1,Cenrich Namb M    ,334.6925
8/7/2000,1,Cenrich Namb S    ,278.746
8/7/2000,1,Cenrich Nenrich M    ,781.0976923
8/7/2000,1,Cenrich Nenrich S    ,244.926
8/7/2000,2,Camb Namb M    ,589.7452
8/7/2000,2,Camb Namb S    ,198.702
8/7/2000,2,Camb Nenrich M    ,299.356
8/7/2000,2,Camb Nenrich S    ,300.485
8/7/2000,3,Cenrich Namb M    ,295.756
8/7/2000,3,Cenrich Namb S    ,135.364
8/7/2000,3,Cenrich Nenrich M    ,693.4057692
8/7/2000,3,Cenrich Nenrich S    ,314.9
8/7/2000,4,Camb Namb M    ,641.9703846
8/7/2000,4,Camb Namb S    ,194.5766667
8/7/2000,4,Camb Nenrich M    ,637.6296
8/7/2000,4,Camb Nenrich S    ,248.52
8/7/2000,5,Cenrich Namb M    ,669.6719231
8/7/2000,5,Cenrich Namb S    ,236.408
8/7/2000,5,Cenrich Nenrich M    ,1088.4992
8/7/2000,5,Cenrich Nenrich S    ,344.66
8/7/2000,6,Camb Namb M    ,613.3692308
8/7/2000,6,Camb Namb S    ,251.0683333
8/7/2000,6,Camb Nenrich M    ,339.0968
8/7/2000,6,Camb Nenrich S    ,291.134
8/7/2001,1,Cenrich Namb M    ,773.5332
8/7/2001,1,Cenrich Namb S    ,394.84
8/7/2001,1,Cenrich Nenrich M    ,909.7361538
8/7/2001,1,Cenrich Nenrich S    ,403.982
8/7/2001,2,Camb Namb M    ,750.1792
8/7/2001,2,Camb Namb S    ,196.06
8/7/2001,2,Camb Nenrich M    ,861.8873077
8/7/2001,2,Camb Nenrich S    ,484.795
8/7/2001,3,Cenrich Namb M    ,719.5846154
8/7/2001,3,Cenrich Namb S    ,299.9
8/7/2001,3,Cenrich Nenrich M    ,968.7953846
8/7/2001,3,Cenrich Nenrich S    ,520.162
8/7/2001,4,Camb Namb M    ,725.5953846
8/7/2001,4,Camb Namb S    ,291.9333333
8/7/2001,4,Camb Nenrich M    ,780.594
8/7/2001,4,Camb Nenrich S    ,423.684
8/7/2001,5,Cenrich Namb M    ,788.1726923
8/7/2001,5,Cenrich Namb S    ,274.12
8/7/2001,5,Cenrich Nenrich M    ,889.9676
8/7/2001,5,Cenrich Nenrich S    ,442.564
8/7/2001,6,Camb Namb M    ,700.3073077
8/7/2001,6,Camb Namb S    ,269.1166667
8/7/2001,6,Camb Nenrich M    ,821.4734615
8/7/2001,6,Camb Nenrich S    ,438.726
