RECYEAR,RECMONTH,RECDAY,PLOT,TREATMENT,BIOMASS
1986,11,15,1,u u n,43.08
1986,11,15,2,u u c,47.39
1986,11,15,3,u u p,54.69
1986,11,15,4,u u n+p,77.55
1986,11,15,5,u m n,27.51
1986,11,15,6,u m c,13.28
1986,11,15,7,u m p,27.14
1986,11,15,8,u m n+p,13.16
1986,11,15,9,b m c,9.69
1986,11,15,10,b m p,3.12
1986,11,15,11,b m n+p,8.04
1986,11,15,12,b m n,31.22
1986,11,15,13,b u c,6.83
1986,11,15,14,b u p,9.99
1986,11,15,15,b u n+p,22.21
1986,11,15,16,b u n,39.02
1986,11,15,17,u u n+p,18.17
1986,11,15,18,u u n,25.28
1986,11,15,19,u u p,14.15
1986,11,15,20,u u c,34.68
1986,11,15,21,u m n+p,0
1986,11,15,22,u m n,4.86
1986,11,15,23,u m p,5.41
1986,11,15,24,u m c,6.61
1986,11,15,25,b u c,23.55
1986,11,15,26,b u n+p,16.37
1986,11,15,27,b u p,30.68
1986,11,15,28,b u n,32.23
1986,11,15,29,b m c,12.58
1986,11,15,30,b m n+p,22.38
1986,11,15,31,b m p,18.65
1986,11,15,32,b m n,20.75
1986,11,15,33,u m n+p,19.46
1986,11,15,34,u m c,24.43
1986,11,15,35,u m p,13.3
1986,11,15,36,u m n,23.59
1986,11,15,37,u u n+p,24.93
1986,11,15,38,u u c,17.75
1986,11,15,39,u u p,24.9
1986,11,15,40,u u n,41.94
1986,11,15,41,b u n,144.29
1986,11,15,42,b u c,52.15
1986,11,15,43,b u p,42.17
1986,11,15,44,b u n+p,66.97
1986,11,15,45,b m n,28.69
1986,11,15,46,b m c,18.98
1986,11,15,47,b m p,18.26
1986,11,15,48,b m n+p,34.13
1986,11,15,49,b m n+p,21.28
1986,11,15,50,b m n,19.18
1986,11,15,51,b m p,20.68
1986,11,15,52,b m c,23.92
1986,11,15,53,b u n+p,43.69
1986,11,15,54,b u n,37.05
1986,11,15,55,b u p,41
1986,11,15,56,b u c,58.42
1986,11,15,57,u u c,48.17
1986,11,15,58,u u n+p,21.45
1986,11,15,59,u u p,61.08
1986,11,15,60,u u n,29.32
1986,11,15,61,u m c,13.56
1986,11,15,62,u m n+p,20.14
1986,11,15,63,u m p,15.12
1986,11,15,64,u m n,14.27
1987,5,27,5,u m n,11.75
1987,5,27,6,u m c,7.61
1987,5,27,7,u m p,7.15
1987,5,27,8,u m n+p,16.2
1987,5,27,9,b m c,12.56
1987,5,27,10,b m p,9.71
1987,5,27,11,b m n+p,17.13
1987,5,27,12,b m n,23.17
1987,5,27,21,u m n+p,14.3
1987,5,27,22,u m n,12.5
1987,5,27,23,u m p,9.06
1987,5,27,24,u m c,7.35
1987,5,27,29,b m c,8.06
1987,5,27,30,b m n+p,14.35
1987,5,27,31,b m p,11.27
1987,5,27,32,b m n,14.39
1987,5,27,33,u m n+p,17.74
1987,5,27,34,u m c,10.27
1987,5,27,35,u m p,11.41
1987,5,27,36,u m n,26.94
1987,5,27,45,b m n,23.58
1987,5,27,46,b m c,12.93
1987,5,27,47,b m p,12.81
1987,5,27,48,b m n+p,25.34
1987,5,27,49,b m n+p,23.78
1987,5,27,50,b m n,19.3
1987,5,27,51,b m p,18.79
1987,5,27,52,b m c,16.18
1987,5,27,61,u m c,15.67
1987,5,27,62,u m n+p,22.51
1987,5,27,63,u m p,7.62
1987,5,27,64,u m n,17.82
1987,6,15,1,u u n,30.6
1987,6,15,2,u u c,25.79
1987,6,15,3,u u p,24.335
1987,6,15,4,u u n+p,68.34
1987,6,15,5,u m n,19.93
1987,6,15,6,u m c,13.045
1987,6,15,7,u m p,15
1987,6,15,8,u m n+p,24.265
1987,6,15,9,b m c,11.905
1987,6,15,10,b m p,12.99
1987,6,15,11,b m n+p,26.045
1987,6,15,12,b m n,21.825
1987,6,15,13,b u c,51.025
1987,6,15,14,b u p,73.36
1987,6,15,15,b u n+p,21.7
1987,6,15,16,b u n,24.71
1987,6,15,17,u u n+p,31.215
1987,6,15,18,u u n,28.325
1987,6,15,19,u u p,34.3
1987,6,15,20,u u c,25.865
1987,6,15,21,u m n+p,39.495
1987,6,15,22,u m n,24.895
1987,6,15,23,u m p,13.71
1987,6,15,24,u m c,16.24
1987,6,15,25,b u c,26.21
1987,6,15,26,b u n+p,45.48
1987,6,15,27,b u p,27.295
1987,6,15,28,b u n,51.525
1987,6,15,29,b m c,15.89
1987,6,15,30,b m n+p,25.43
1987,6,15,31,b m p,17.43
1987,6,15,32,b m n,55.48
1987,6,15,33,u m n+p,42.915
1987,6,15,34,u m c,15.69
1987,6,15,35,u m p,14.705
1987,6,15,36,u m n,41.18
1987,6,15,37,u u n+p,40.765
1987,6,15,38,u u c,44.135
1987,6,15,39,u u p,24.485
1987,6,15,40,u u n,76.945
1987,6,15,41,b u n,60.715
1987,6,15,42,b u c,59.835
1987,6,15,43,b u p,22.64
1987,6,15,44,b u n+p,44.805
1987,6,15,45,b m n,40.485
1987,6,15,46,b m c,19.395
1987,6,15,47,b m p,13.815
1987,6,15,48,b m n+p,20.95
1987,6,15,49,b m n+p,24.01
1987,6,15,50,b m n,31.03
1987,6,15,51,b m p,18.32
1987,6,15,52,b m c,14.595
1987,6,15,53,b u n+p,80.5
1987,6,15,54,b u n,84.105
1987,6,15,55,b u p,47.415
1987,6,15,56,b u c,37.57
1987,6,15,57,u u c,18.685
1987,6,15,58,u u n+p,54.075
1987,6,15,59,u u p,45.485
1987,6,15,60,u u n,49.18
1987,6,15,61,u m c,19.035
1987,6,15,62,u m n+p,32.495
1987,6,15,63,u m p,15.625
1987,6,15,64,u m n,19.275
1987,10,1,1,u u n,25.32
1987,10,1,2,u u c,16.98
1987,10,1,3,u u p,9.265
1987,10,1,4,u u n+p,36.04
1987,10,1,5,u m n,14.86
1987,10,1,6,u m c,8.89
1987,10,1,7,u m p,14.17
1987,10,1,8,u m n+p,17.885
1987,10,1,9,b m c,12.26
1987,10,1,10,b m p,6.52
1987,10,1,11,b m n+p,11
1987,10,1,12,b m n,13.13
1987,10,1,13,b u c,17.5
1987,10,1,14,b u p,16.03
1987,10,1,15,b u n+p,47.99
1987,10,1,16,b u n,32.96
1987,10,2,33,u m n+p,22.45
1987,10,2,34,u m c,15.14
1987,10,2,35,u m p,17.46
1987,10,2,36,u m n,42.99
1987,10,2,37,u u n+p,15.21
1987,10,2,38,u u c,20.645
1987,10,2,39,u u p,26.55
1987,10,2,40,u u n,21.725
1987,10,2,41,b u n,16.53
1987,10,2,42,b u c,36.35
1987,10,2,43,b u p,14.665
1987,10,2,44,b u n+p,42.12
1987,10,2,45,b m n,14.04
1987,10,2,46,b m c,7.825
1987,10,2,47,b m p,11.645
1987,10,2,48,b m n+p,31.19
1987,10,2,49,b m n+p,16.78
1987,10,2,50,b m n,19.825
1987,10,2,51,b m p,14.205
1987,10,2,52,b m c,9.82
1987,10,2,53,b u n+p,42.685
1987,10,2,54,b u n,57.61
1987,10,2,55,b u p,19.155
1987,10,2,56,b u c,24.765
1987,10,2,57,u u c,10.385
1987,10,2,58,u u n+p,8.135
1987,10,2,59,u u p,20.605
1987,10,2,60,u u n,30.165
1987,10,2,61,u m c,10.98
1987,10,2,62,u m n+p,18.2
1987,10,2,63,u m p,8.83
1987,10,2,64,u m n,17.035
1987,10,6,17,u u n+p,23.07
1987,10,6,18,u u n,26.375
1987,10,6,19,u u p,13.37
1987,10,6,20,u u c,11.44
1987,10,6,21,u m n+p,16.38
1987,10,6,22,u m n,12.825
1987,10,6,23,u m p,11.445
1987,10,6,24,u m c,12.13
1987,10,6,25,b u c,41.03
1987,10,6,26,b u n+p,29.5
1987,10,6,27,b u p,47.665
1987,10,6,28,b u n,37.345
1987,10,6,29,b m c,30.01
1987,10,6,30,b m n+p,14.215
1987,10,6,31,b m p,13.725
1987,10,6,32,b m n,11.37
1988,8,10,1,u u n,11.215
1988,8,10,2,u u c,8.515
1988,8,10,3,u u p,20.43
1988,8,10,4,u u n+p,23.33
1988,8,10,5,u m n,5.89
1988,8,10,6,u m c,6.465
1988,8,10,7,u m p,12.215
1988,8,10,8,u m n+p,28.08
1988,8,10,9,b m c,7.285
1988,8,10,10,b m p,10.17
1988,8,10,11,b m n+p,10.715
1988,8,10,12,b m n,49.705
1988,8,10,13,b u c,14.12
1988,8,10,14,b u p,9.635
1988,8,10,15,b u n+p,47.63
1988,8,10,16,b u n,38.53
1988,8,10,17,u u n+p,34.57
1988,8,10,18,u u n,30.03
1988,8,10,19,u u p,18.12
1988,8,10,20,u u c,11.19
1988,8,10,21,u m n+p,25.785
1988,8,10,22,u m n,8.875
1988,8,10,23,u m p,4.15
1988,8,10,24,u m c,10.745
1988,8,10,25,b u c,22.255
1988,8,10,26,b u n+p,50.975
1988,8,10,27,b u p,18.895
1988,8,10,28,b u n,44.28
1988,8,10,29,b m c,10.04
1988,8,10,30,b m n+p,31.35
1988,8,10,31,b m p,19.635
1988,8,10,32,b m n,29.91
1988,8,10,33,u m n+p,23.03
1988,8,10,34,u m c,16.62
1988,8,10,35,u m p,21.58
1988,8,10,36,u m n,46.245
1988,8,10,37,u u n+p,55.045
1988,8,10,38,u u c,44.56
1988,8,10,39,u u p,32.75
1988,8,10,40,u u n,51.07
1988,8,10,41,b u n,55.58
1988,8,10,42,b u c,27.535
1988,8,10,43,b u p,16.315
1988,8,10,44,b u n+p,37.85
1988,8,10,45,b m n,34.04
1988,8,10,46,b m c,13.475
1988,8,10,47,b m p,14.685
1988,8,10,48,b m n+p,41.21
1988,8,10,49,b m n+p,24.64
1988,8,10,50,b m n,27.255
1988,8,10,51,b m p,18.18
1988,8,10,52,b m c,14.615
1988,8,10,53,b u n+p,57.42
1988,8,10,54,b u n,57.39
1988,8,10,55,b u p,47.975
1988,8,10,56,b u c,43.6
1988,8,10,57,u u c,40.9
1988,8,10,58,u u n+p,41.885
1988,8,10,59,u u p,31.58
1988,8,10,60,u u n,64.295
1988,8,10,61,u m c,12.32
1988,8,10,62,u m n+p,27.04
1988,8,10,63,u m p,15.94
1988,8,10,64,u m n,25.975
1989,6,8,1,u u n,12.8
1989,6,8,2,u u c,24.7
1989,6,8,3,u u p,18.9
1989,6,8,4,u u n+p,50.1
1989,6,8,5,u m n,18.7
1989,6,8,6,u m c,7.4
1989,6,8,7,u m p,16.3
1989,6,8,8,u m n+p,27.1
1989,6,8,9,b m c,7.3
1989,6,8,10,b m p,3.7
1989,6,8,11,b m n+p,14
1989,6,8,12,b m n,12.9
1989,6,8,13,b u c,7.5
1989,6,8,14,b u p,6.7
1989,6,8,15,b u n+p,20
1989,6,8,16,b u n,19.5
1989,6,8,17,u u n+p,38
1989,6,8,18,u u n,26.9
1989,6,8,19,u u p,17.8
1989,6,8,20,u u c,14.1
1989,6,8,21,u m n+p,26.7
1989,6,8,22,u m n,34.8
1989,6,8,23,u m p,11.3
1989,6,8,24,u m c,17.9
1989,6,8,25,b u c,10.7
1989,6,8,26,b u n+p,16.9
1989,6,8,27,b u p,16.2
1989,6,8,28,b u n,21.9
1989,6,8,29,b m c,10.3
1989,6,8,30,b m n+p,25
1989,6,8,31,b m p,10.1
1989,6,8,32,b m n,15.8
1989,6,8,33,u m n+p,19.4
1989,6,8,34,u m c,18.8
1989,6,8,35,u m p,11.4
1989,6,8,36,u m n,21.2
1989,6,8,37,u u n+p,37.5
1989,6,8,38,u u c,22.5
1989,6,8,39,u u p,14.4
1989,6,8,40,u u n,23.6
1989,6,8,41,b u n,24
1989,6,8,42,b u c,21.2
1989,6,8,43,b u p,10
1989,6,8,44,b u n+p,29.3
1989,6,8,45,b m n,16.1
1989,6,8,46,b m c,8.9
1989,6,8,47,b m p,7.8
1989,6,8,48,b m n+p,19.6
1989,6,8,49,b m n+p,29.5
1989,6,8,50,b m n,18
1989,6,8,51,b m p,16.4
1989,6,8,52,b m c,10.9
1989,6,8,53,b u n+p,22.3
1989,6,8,54,b u n,17.2
1989,6,8,55,b u p,15.3
1989,6,8,56,b u c,8.9
1989,6,8,57,u u c,25.8
1989,6,8,58,u u n+p,49.2
1989,6,8,59,u u p,60.4
1989,6,8,60,u u n,20
1989,6,8,61,u m c,11.9
1989,6,8,62,u m n+p,25.5
1989,6,8,63,u m p,7.6
1989,6,8,64,u m n,21
1989,7,25,1,u u n,8.55
1989,7,25,2,u u c,8.57
1989,7,25,3,u u p,17.13
1989,7,25,4,u u n+p,24.45
1989,7,25,5,u m n,3.76
1989,7,25,6,u m c,4.57
1989,7,25,7,u m p,4.83
1989,7,25,8,u m n+p,9.16
1989,7,25,9,b m c,1.56
1989,7,25,10,b m p,2.08
1989,7,25,11,b m n+p,5.17
1989,7,25,12,b m n,11.05
1989,7,25,13,b u c,5.54
1989,7,25,14,b u p,7.57
1989,7,25,15,b u n+p,16.57
1989,7,25,16,b u n,20.23
1989,7,25,17,u u n+p,16.63
1989,7,25,18,u u n,16.21
1989,7,25,19,u u p,13.06
1989,7,25,20,u u c,11.8
1989,7,25,21,u m n+p,6.37
1989,7,25,22,u m n,4.31
1989,7,25,23,u m p,7.3
1989,7,25,24,u m c,4.39
1989,7,25,25,b u c,15.06
1989,7,25,26,b u n+p,28.59
1989,7,25,27,b u p,13.78
1989,7,25,28,b u n,12.54
1989,7,25,29,b m c,4.8
1989,7,25,30,b m n+p,5.65
1989,7,25,31,b m p,2.85
1989,7,25,32,b m n,6.23
1989,7,25,33,u m n+p,7.32
1989,7,25,34,u m c,6.05
1989,7,25,35,u m p,4.01
1989,7,25,36,u m n,19.95
1989,7,25,37,u u n+p,24.57
1989,7,25,38,u u c,10.31
1989,7,25,39,u u p,18.81
1989,7,25,40,u u n,16.44
1989,7,25,41,b u n,36.75
1989,7,25,42,b u c,10.72
1989,7,25,43,b u p,14.71
1989,7,25,45,b m n,8.08
1989,7,25,46,b m c,6.88
1989,7,25,47,b m p,3.93
1989,7,25,48,b m n+p,20.61
1989,7,25,49,b m n+p,6.77
1989,7,25,50,b m n,6.69
1989,7,25,51,b m p,4.94
1989,7,25,52,b m c,3.88
1989,7,25,53,b u n+p,31.81
1989,7,25,54,b u n,14.78
1989,7,25,55,b u p,20.58
1989,7,25,56,b u c,21.03
1989,7,25,57,u u c,12.34
1989,7,25,58,u u n+p,28.8
1989,7,25,59,u u p,6.32
1989,7,25,60,u u n,32.6
1989,7,25,61,u m c,2.61
1989,7,25,62,u m n+p,8.38
1989,7,25,63,u m p,6.93
1989,7,25,64,u m n,5.72
1989,9,28,33,u m n+p,24.63
1989,9,28,34,u m c,9.71
1989,9,28,35,u m p,13.4
1989,9,28,36,u m n,101.46
1989,9,28,37,u u n+p,49.71
1989,9,28,38,u u c,15.61
1989,9,28,39,u u p,6.18
1989,9,28,40,u u n,9.79
1989,9,28,41,b u n,16.02
1989,9,28,42,b u c,52.84
1989,9,28,43,b u p,18.05
1989,9,28,44,b u n+p,36.87
1989,9,28,45,b m n,28.49
1989,9,28,46,b m c,15.59
1989,9,28,47,b m p,12.43
1989,9,28,48,b m n+p,63
1989,9,28,49,b m n+p,34.66
1989,9,28,50,b m n,29.81
1989,9,28,51,b m p,11.51
1989,9,28,52,b m c,15.32
1989,9,28,53,b u n+p,62.52
1989,9,28,54,b u n,22.36
1989,9,28,55,b u p,19.69
1989,9,28,56,b u c,22.27
1989,9,28,57,u u c,27.93
1989,9,28,58,u u n+p,61.87
1989,9,28,59,u u p,23.42
1989,9,28,60,u u n,30.77
1989,9,28,61,u m c,7.94
1989,9,28,62,u m n+p,33.65
1989,9,28,63,u m p,17.41
1989,9,28,64,u m n,28.03
1990,6,13,5,u m n,12.75
1990,6,13,6,u m c,4.89
1990,6,13,7,u m p,8.55
1990,6,13,8,u m n+p,33.05
1990,6,13,9,b m c,15.73
1990,6,13,10,b m p,8.14
1990,6,13,11,b m n+p,22.12
1990,6,13,12,b m n,12.49
1990,6,13,21,u m n+p,25.58
1990,6,13,22,u m n,18.4
1990,6,13,23,u m p,8.61
1990,6,13,24,u m c,13.42
1990,6,13,29,b m c,8.1
1990,6,13,30,b m n+p,20.91
1990,6,13,31,b m p,7.42
1990,6,13,32,b m n,21.65
1990,6,13,33,u m n+p,36.68
1990,6,13,34,u m c,12.43
1990,6,13,35,u m p,10.58
1990,6,13,36,u m n,24.02
1990,6,13,45,b m n,28.22
1990,6,13,46,b m c,10.74
1990,6,13,47,b m p,10.92
1990,6,13,48,b m n+p,36.28
1990,6,13,49,b m n+p,17.87
1990,6,13,50,b m n,28.76
1990,6,13,51,b m p,10.12
1990,6,13,52,b m c,11.67
1990,6,13,61,u m c,14.99
1990,6,13,62,u m n+p,36.54
1990,6,13,63,u m p,17.63
1990,6,13,64,u m n,24.69
1990,10,4,1,u u n,26.7
1990,10,4,2,u u c,12.14
1990,10,4,3,u u p,22.85
1990,10,4,4,u u n+p,116.75
1990,10,4,5,u m n,16.34
1990,10,4,6,u m c,16.09
1990,10,4,7,u m p,27.32
1990,10,4,8,u m n+p,17.08
1990,10,4,9,b m c,19.87
1990,10,4,10,b m p,18.06
1990,10,4,11,b m n+p,17.24
1990,10,4,12,b m n,23.38
1990,10,4,13,b u c,17.14
1990,10,4,14,b u p,35.15
1990,10,4,15,b u n+p,50.61
1990,10,4,16,b u n,35.93
1990,10,4,17,u u n+p,34.04
1990,10,4,18,u u n,53.17
1990,10,4,19,u u p,11.29
1990,10,4,20,u u c,10.83
1990,10,4,21,u m n+p,24.97
1990,10,4,22,u m n,22.15
1990,10,4,23,u m p,12.84
1990,10,4,24,u m c,21.21
1990,10,4,25,b u c,24.57
1990,10,4,26,b u n+p,97.47
1990,10,4,27,b u p,27.86
1990,10,4,28,b u n,76.68
1990,10,4,29,b m c,22.6
1990,10,4,30,b m n+p,62.06
1990,10,4,31,b m p,15.4
1990,10,4,32,b m n,64.78
1990,10,4,33,u m n+p,15.33
1990,10,4,34,u m c,22.88
1990,10,4,35,u m p,15.7
1990,10,4,36,u m n,56.83
1990,10,4,37,u u n+p,129.42
1990,10,4,38,u u c,35.05
1990,10,4,39,u u p,34.19
1990,10,4,40,u u n,66.24
1990,10,4,41,b u n,85.87
1990,10,4,42,b u c,19.46
1990,10,4,43,b u p,24.78
1990,10,4,44,b u n+p,39.24
1990,10,4,45,b m n,31.17
1990,10,4,46,b m c,12.61
1990,10,4,47,b m p,11.98
1990,10,4,48,b m n+p,108.71
1990,10,4,49,b m n+p,34.08
1990,10,4,50,b m n,23.84
1990,10,4,51,b m p,17.69
1990,10,4,52,b m c,14.5
1990,10,4,53,b u n+p,90.61
1990,10,4,54,b u n,37.93
1990,10,4,55,b u p,55.01
1990,10,4,56,b u c,46.91
1990,10,4,57,u u c,33.78
1990,10,4,58,u u n+p,33.82
1990,10,4,59,u u p,10.98
1990,10,4,60,u u n,32.52
1990,10,4,61,u m c,14.4
1990,10,4,62,u m n+p,52.03
1990,10,4,63,u m p,17.09
1990,10,4,64,u m n,31.32
1991,6,25,5,u m n,15.1
1991,6,25,6,u m c,19.87
1991,6,25,7,u m p,39.36
1991,6,25,8,u m n+p,40.43
1991,6,25,9,b m c,12.86
1991,6,25,10,b m p,9.2
1991,6,25,11,b m n+p,52.04
1991,6,25,12,b m n,29.56
1991,6,25,21,u m n+p,40.97
1991,6,25,22,u m n,30.56
1991,6,25,23,u m p,26.74
1991,6,25,24,u m c,26.52
1991,6,25,29,b m c,18.15
1991,6,25,30,b m n+p,53.03
1991,6,25,31,b m p,22.21
1991,6,25,32,b m n,51.44
1991,6,25,33,u m n+p,32.29
1991,6,25,34,u m c,22.4
1991,6,25,35,u m p,23.17
1991,6,25,36,u m n,55.35
1991,6,25,45,b m n,37.36
1991,6,25,46,b m c,18.5
1991,6,25,47,b m p,13.25
1991,6,25,48,b m n+p,71.25
1991,6,25,49,b m n+p,46.12
1991,6,25,50,b m n,53
1991,6,25,51,b m p,18.53
1991,6,25,52,b m c,17.74
1991,6,25,61,u m c,21.56
1991,6,25,62,u m n+p,34.24
1991,6,25,63,u m p,28.27
1991,6,25,64,u m n,51.66
1991,9,19,1,u u n,24.02
1991,9,19,2,u u c,11.51
1991,9,19,3,u u p,26.78
1991,9,19,4,u u n+p,34.45
1991,9,19,5,u m n,6.56
1991,9,19,6,u m c,4.89
1991,9,19,7,u m p,12.43
1991,9,19,8,u m n+p,34.64
1991,9,19,9,b m c,2.47
1991,9,19,10,b m p,1.32
1991,9,19,11,b m n+p,11.84
1991,9,19,12,b m n,11.54
1991,9,19,13,b u c,8.81
1991,9,19,14,b u p,20.16
1991,9,19,15,b u n+p,89.37
1991,9,19,16,b u n,20.26
1991,9,19,17,u u n+p,34.36
1991,9,19,18,u u n,29.15
1991,9,19,19,u u p,16.04
1991,9,19,20,u u c,6.91
1991,9,19,21,u m n+p,10.34
1991,9,19,22,u m n,12.92
1991,9,19,23,u m p,5.77
1991,9,19,24,u m c,1.58
1991,9,19,25,b u c,2.47
1991,9,19,26,b u n+p,0.72
1991,9,19,27,b u p,6.79
1991,9,19,28,b u n,0
1991,9,19,29,u m c,0.53
1991,9,19,30,b m n+p,1.45
1991,9,19,31,b m p,3.23
1991,9,19,32,b m n,6.98
1991,9,19,33,u m n+p,18.25
1991,9,19,34,u m c,10.72
1991,9,19,35,u m p,19.46
1991,9,19,36,u m n,51.14
1991,9,19,37,u u n+p,63.75
1991,9,19,38,u u c,14.46
1991,9,19,39,u u p,10.44
1991,9,19,40,u u n,92.14
1991,9,19,41,b u n,102.83
1991,9,19,42,b u c,64.81
1991,9,19,43,b u p,17.93
1991,9,19,44,b u n+p,96.79
1991,9,19,45,b m n,28.18
1991,9,19,46,b m c,11.02
1991,9,19,47,b m p,16.82
1991,9,19,48,b m n+p,36.43
1991,9,19,49,b m n+p,20.58
1991,9,19,50,b m n,16.26
1991,9,19,51,b m p,18.43
1991,9,19,52,b m c,10.88
1991,9,19,53,b u n+p,104.88
1991,9,19,54,b u n,86.82
1991,9,19,55,b u p,28.35
1991,9,19,56,b u c,32.93
1991,9,19,57,u u c,57.98
1991,9,19,58,u u n+p,58.82
1991,9,19,59,u u p,47.82
1991,9,19,60,u u n,51.92
1991,9,19,61,u m c,11.79
1991,9,19,62,u m n+p,21.72
1991,9,19,63,u m p,11.72
1991,9,19,64,u m n,33.53
1992,7,6,5,u m n,15.5
1992,7,6,6,u m c,15.3
1992,7,6,7,u m p,21.5
1992,7,6,8,u m n+p,31.3
1992,7,6,9,b m c,14.7
1992,7,6,10,b m p,13.2
1992,7,6,11,b m n+p,51.7
1992,7,6,12,b m n,32.6
1992,7,6,21,u m n+p,15.9
1992,7,6,22,u m n,37.2
1992,7,6,23,u m p,20.3
1992,7,6,24,u m c,22.5
1992,7,6,29,b m c,20.2
1992,7,6,30,b m n+p,43.4
1992,7,6,31,b m p,28.1
1992,7,6,32,b m n,62
1992,7,6,33,u m n+p,32.6
1992,7,6,34,u m c,26.5
1992,7,6,35,u m p,17.1
1992,7,6,36,u m n,40
1992,7,6,45,b m n,30.4
1992,7,6,46,b m c,17.3
1992,7,6,47,b m p,24.2
1992,7,6,48,b m n+p,23
1992,7,6,49,b m n+p,40.7
1992,7,6,50,b m n,33.75
1992,7,6,51,b m p,17
1992,7,6,52,b m c,21.1
1992,7,6,61,u m c,24.8
1992,7,6,62,u m n+p,41.9
1992,7,6,63,u m p,16
1992,7,6,64,u m n,46.6
1992,9,21,1,u u n,38.05
1992,9,21,2,u u c,21.4
1992,9,21,3,u u p,37.65
1992,9,21,4,u u n+p,62.5
1992,9,21,5,u m n,25.85
1992,9,21,6,u m c,11.7
1992,9,21,7,u m p,28.2
1992,9,21,8,u m n+p,20.255
1992,9,21,9,b m c,15.55
1992,9,21,10,b m p,12.25
1992,9,21,11,b m n+p,23.075
1992,9,21,12,b m n,53.05
1992,9,21,13,b u c,23.35
1992,9,21,14,b u p,51.65
1992,9,21,15,b u n+p,106.35
1992,9,21,16,b u n,78.6
1992,9,23,17,u u n+p,48
1992,9,23,18,u u n,52.9
1992,9,23,19,u u p,13.7
1992,9,23,20,u u c,26.7
1992,9,23,21,u m n+p,25.95
1992,9,23,22,u m n,23.55
1992,9,23,23,u m p,13.45
1992,9,23,24,u m c,9
1992,9,23,25,b u c,35.25
1992,9,23,26,b u n+p,83.65
1992,9,23,27,b u p,29.35
1992,9,23,28,b u n,86.1
1992,9,23,29,b m c,17.6
1992,9,23,30,b m n+p,32.35
1992,9,23,31,b m p,19.85
1992,9,23,32,b m n,34.7
1992,9,23,33,u m n+p,41.15
1992,9,23,34,u m c,10.05
1992,9,23,35,u m p,25.965
1992,9,23,36,u m n,57.95
1992,9,23,37,u u n+p,58.5
1992,9,23,38,u u c,20.65
1992,9,23,39,u u p,23.15
1992,9,23,40,u u n,87.75
1992,9,28,41,b u n,109.8
1992,9,28,42,b u c,28.4
1992,9,28,43,b u p,22.465
1992,9,28,44,b u n+p,64.7
1992,9,28,45,b m n,29.65
1992,9,28,46,b m c,12.3
1992,9,28,47,b m p,13.85
1992,9,28,48,b m n+p,58
1992,9,28,49,b m n+p,25.6
1992,9,28,50,b m n,34.75
1992,9,28,51,b m p,15.2
1992,9,28,52,b m c,16.95
1992,9,28,53,b u n+p,102.2
1992,9,28,54,b u n,166.75
1992,9,28,55,b u p,34.55
1992,9,28,56,b u c,35.45
1992,9,28,57,u u c,14.65
1992,9,28,58,u u n+p,29.65
1992,9,28,59,u u p,18.3
1992,9,28,60,u u n,91.65
1992,9,28,61,u m c,21.65
1992,9,28,62,u m n+p,34.78
1992,9,28,63,u m p,18.7
1992,9,28,64,u m n,33.5
1993,7,8,5,u m n,24.95
1993,7,8,6,u m c,19.3
1993,7,8,7,u m p,26.95
1993,7,8,8,u m n+p,33.75
1993,7,8,9,b m c,21.85
1993,7,8,10,b m p,19.85
1993,7,8,11,b m n+p,56.015
1993,7,8,12,b m n,40.35
1993,7,8,21,u m n+p,34.6
1993,7,8,22,u m n,30.3
1993,7,8,23,u m p,27.05
1993,7,8,24,u m c,20.05
1993,7,8,29,b m c,27.905
1993,7,8,30,b m n+p,61.05
1993,7,8,31,b m p,31.71
1993,7,8,32,b m n,72.65
1993,7,8,33,u m n+p,38.52
1993,7,8,34,u m c,21.1
1993,7,8,35,u m p,19.85
1993,7,8,36,u m n,47.35
1993,7,8,45,b m n,51.6
1993,7,8,46,b m c,19.3
1993,7,8,47,b m p,24.7
1993,7,8,48,b m n+p,52.35
1993,7,8,49,b m n+p,45.65
1993,7,8,50,b m n,46.4
1993,7,8,51,b m p,20.55
1993,7,8,52,b m c,18.7
1993,7,8,61,u m c,19.95
1993,7,8,62,u m n+p,33.91
1993,7,8,63,u m p,16.55
1993,7,8,64,u m n,36.2
1993,9,30,1,u u n,21.535
1993,9,30,2,u u c,27.815
1993,9,30,3,u u p,38.52
1993,9,30,4,u u n+p,59.02
1993,9,30,5,u m n,17.42
1993,9,30,6,u m c,10.43
1993,9,30,7,u m p,27.935
1993,9,30,8,u m n+p,21.625
1993,9,30,9,b m c,26.425
1993,9,30,10,b m p,14.845
1993,9,30,11,b m n+p,31.32
1993,9,30,12,b m n,30.21
1993,9,30,13,b u c,19.435
1993,9,30,14,b u p,24.81
1993,9,30,15,b u n+p,138.775
1993,9,30,16,b u n,134.99
1993,9,30,17,u u n+p,22.385
1993,9,30,18,u u n,34.905
1993,9,30,19,u u p,14.675
1993,9,30,20,u u c,24.165
1993,9,30,21,u m n+p,23.025
1993,9,30,22,u m n,23.525
1993,9,30,23,u m p,13.845
1993,9,30,24,u m c,15.365
1993,9,30,25,b u c,31.87
1993,9,30,26,b u n+p,99.09
1993,9,30,27,b u p,56.38
1993,9,30,28,b u n,145.335
1993,9,30,29,b m c,20.485
1993,9,30,30,b m n+p,18.85
1993,9,30,31,b m p,20.915
1993,9,30,32,b m n,33.34
1993,9,30,33,u m n+p,30.235
1993,9,30,34,u m c,15.335
1993,9,30,35,u m p,23.57
1993,9,30,36,u m n,45.39
1993,9,30,37,u u n+p,91.515
1993,9,30,38,u u c,11.975
1993,9,30,39,u u p,64.22
1993,9,30,40,u u n,19.755
1993,10,1,41,b u n,137.66
1993,10,1,42,b u c,22.695
1993,10,1,43,b u p,38.37
1993,10,1,44,b u n+p,123.37
1993,10,1,45,b m n,28.965
1993,10,1,46,b m c,16.805
1993,10,1,47,b m p,21.73
1993,10,1,48,b m n+p,65.21
1993,10,1,49,b m n+p,34.81
1993,10,1,50,b m n,23.11
1993,10,1,51,b m p,22.025
1993,10,1,52,b m c,33.075
1993,10,1,53,b u n+p,274.63
1993,10,1,54,b u n,86.84
1993,10,1,55,b u p,28.49
1993,10,1,56,b u c,47.595
1993,10,1,57,u u c,33.97
1993,10,1,58,u u n+p,55.685
1993,10,1,59,u u p,28.9
1993,10,1,60,u u n,44.34
1993,10,1,61,u m c,14.09
1993,10,1,62,u m n+p,24.455
1993,10,1,63,u m p,17.675
1993,10,1,64,u m n,22.595
1994,7,5,5,u m n,21.47
1994,7,5,6,u m c,12.415
1994,7,5,7,u m p,27.945
1994,7,5,8,u m n+p,28.92
1994,7,5,9,b m c,16.75
1994,7,5,10,b m p,10.225
1994,7,5,11,b m n+p,22.315
1994,7,5,12,b m n,30.585
1994,7,5,21,u m n+p,18.145
1994,7,5,22,u m n,22.625
1994,7,5,23,u m p,20.885
1994,7,5,24,u m c,19.565
1994,7,5,29,b m c,18.665
1994,7,5,30,b m n+p,36.45
1994,7,5,31,b m p,21.435
1994,7,5,32,b m n,31.685
1994,7,5,33,u m n+p,26.465
1994,7,5,34,u m c,22.735
1994,7,5,35,u m p,28.305
1994,7,5,36,u m n,41.47
1994,7,5,45,b m n,46.28
1994,7,5,46,b m c,21.7
1994,7,5,47,b m p,13.46
1994,7,5,48,b m n+p,39.74
1994,7,5,49,b m n+p,36.02
1994,7,5,50,b m n,33.955
1994,7,5,51,b m p,23.67
1994,7,5,52,b m c,17.635
1994,7,5,61,u m c,20.67
1994,7,5,62,u m n+p,24.845
1994,7,5,63,u m p,14.205
1994,7,5,64,u m n,26.855
1994,9,30,1,u u n,24.93
1994,9,30,2,u u c,16.055
1994,9,30,3,u u p,43.115
1994,9,30,4,u u n+p,54.94
1994,9,30,5,u m n,14.93
1994,9,30,6,u m c,13.21
1994,9,30,7,u m p,21.05
1994,9,30,8,u m n+p,31.19
1994,9,30,9,b m c,13.49
1994,9,30,10,b m p,7.845
1994,9,30,11,b m n+p,23.135
1994,9,30,12,b m n,39.12
1994,9,30,13,b u c,17.465
1994,9,30,14,b u p,25.07
1994,9,30,15,b u n+p,70.9
1994,9,30,16,b u n,49.385
1994,9,30,17,u u n+p,103.31
1994,9,30,18,u u n,139.065
1994,9,30,19,u u p,43.35
1994,9,30,20,u u c,20.72
1994,9,30,21,u m n+p,28.08
1994,9,30,22,u m n,24.12
1994,9,30,23,u m p,12.62
1994,9,30,24,u m c,14.135
1994,9,30,25,b u c,25.115
1994,9,30,26,b u n+p,98.415
1994,9,30,27,b u p,29.35
1994,9,30,28,b u n,67.47
1994,9,30,29,b m c,15.385
1994,9,30,30,b m n+p,47.08
1994,9,30,31,b m p,17.795
1994,9,30,32,b m n,27.245
1994,9,30,33,u m n+p,26.01
1994,9,30,34,u m c,31.125
1994,9,30,35,u m p,14.24
1994,9,30,36,u m n,38.215
1994,9,30,37,u u n+p,106.165
1994,9,30,38,u u c,28.48
1994,9,30,39,u u p,56
1994,9,30,40,u u n,50.36
1994,9,30,41,b u n,69.755
1994,9,30,42,b u c,50.58
1994,9,30,43,b u p,25.495
1994,9,30,44,b u n+p,79.765
1994,9,30,45,b m n,70.675
1994,9,30,46,b m c,19.315
1994,9,30,47,b m p,10.985
1994,9,30,48,b m n+p,52.03
1994,9,30,49,b m n+p,25.355
1994,9,30,50,b m n,26.165
1994,9,30,51,b m p,16.765
1994,9,30,52,b m c,15.665
1994,9,30,53,b u n+p,101.37
1994,9,30,54,b u n,116.355
1994,9,30,55,b u p,25.135
1994,9,30,56,b u c,19.145
1994,9,30,57,u u c,46.65
1994,9,30,58,u u n+p,33.005
1994,9,30,59,u u p,21.555
1994,9,30,60,u u n,59.75
1994,9,30,61,u m c,16.655
1994,9,30,62,u m n+p,27.145
1994,9,30,63,u m p,19.86
1994,9,30,64,u m n,23.48
1994,10,7,6,u m c,6.47
1995,6,26,5,u m n,21.72
1995,6,26,6,u m c,12.085
1995,6,26,7,u m p,11.725
1995,6,26,8,u m n+p,31.94
1995,6,26,9,b m c,7.895
1995,6,26,10,b m p,11.125
1995,6,26,11,b m n+p,33.015
1995,6,26,12,b m n,17.975
1995,6,26,21,u m n+p,29.58
1995,6,26,22,u m n,27.59
1995,6,26,23,u m p,13.32
1995,6,26,24,u m c,21.06
1995,6,26,29,b m c,12.645
1995,6,26,30,b m n+p,38.9
1995,6,26,31,b m p,13.045
1995,6,26,32,b m n,51.78
1995,6,26,33,u m n+p,18.595
1995,6,26,34,u m c,13.155
1995,6,26,35,u m p,18.05
1995,6,26,36,u m n,28.77
1995,6,26,45,b m n,39.86
1995,6,26,46,b m c,14.26
1995,6,26,47,b m p,12.36
1995,6,26,48,b m n+p,28.525
1995,6,26,49,b m n+p,34.44
1995,6,26,50,b m n,25.59
1995,6,26,51,b m p,15.43
1995,6,26,52,b m c,15.47
1995,6,26,61,u m c,17.825
1995,6,26,62,u m n+p,29.01
1995,6,26,63,u m p,12.045
1995,6,26,64,u m n,16.93
1995,9,14,1,u u n,41.08
1995,9,14,2,u u c,20.85
1995,9,14,3,u u p,47.8
1995,9,14,4,u u n+p,51.115
1995,9,14,5,u m n,18.535
1995,9,14,6,u m c,33.395
1995,9,14,7,u m p,34.275
1995,9,14,8,u m n+p,39.745
1995,9,14,9,b m c,35.06
1995,9,14,10,b m p,19.26
1995,9,14,11,b m n+p,44.795
1995,9,14,12,b m n,35.875
1995,9,14,13,b u c,27.44
1995,9,14,14,b u p,33.325
1995,9,14,15,b u n+p,189.825
1995,9,14,16,b u n,100.95
1995,9,14,17,u u n+p,41.9
1995,9,14,18,u u n,45.275
1995,9,14,19,u u p,30.965
1995,9,14,20,u u c,39.91
1995,9,14,21,u m n+p,37.23
1995,9,14,22,u m n,32.85
1995,9,14,23,u m p,20.64
1995,9,14,24,u m c,22.37
1995,9,14,25,b u c,32.405
1995,9,14,26,b u n+p,147.475
1995,9,14,27,b u p,47.34
1995,9,14,28,b u n,87.825
1995,9,14,29,b m c,28.135
1995,9,14,30,b m n+p,45.295
1995,9,14,31,b m p,22.525
1995,9,14,32,b m n,55.63
1995,9,14,33,u m n+p,28.945
1995,9,14,34,u m c,23.515
1995,9,14,35,u m p,32.6
1995,9,14,36,u m n,70.88
1995,9,14,37,u u n+p,72.15
1995,9,14,38,u u c,22.035
1995,9,14,39,u u p,26.895
1995,9,14,40,u u n,106.96
1995,9,14,41,b u n,80.11
1995,9,14,42,b u c,38.08
1995,9,14,43,b u p,31.025
1995,9,14,44,b u n+p,114.615
1995,9,14,45,b m n,40.285
1995,9,14,46,b m c,25.325
1995,9,14,47,b m p,30.94
1995,9,14,48,b m n+p,66.905
1995,9,14,49,b m n+p,42.48
1995,9,14,50,b m n,48.095
1995,9,14,51,b m p,16.675
1995,9,14,52,b m c,36.365
1995,9,14,53,b u n+p,118.56
1995,9,14,54,b u n,137.425
1995,9,14,55,b u p,25.375
1995,9,14,56,b u c,45.805
1995,9,14,57,u u c,45.37
1995,9,14,58,u u n+p,92.67
1995,9,14,59,u u p,26.03
1995,9,14,60,u u n,59.855
1995,9,14,61,u m c,17.05
1995,9,14,62,u m n+p,35.445
1995,9,14,63,u m p,23.19
1995,9,14,64,u m n,33.52
1996,6,25,5,u m n,15.585
1996,6,25,6,u m c,13.5
1996,6,25,7,u m p,15.775
1996,6,25,8,u m n+p,36.905
1996,6,25,9,b m c,5.475
1996,6,25,10,b m p,10.03
1996,6,25,11,b m n+p,40.405
1996,6,25,12,b m n,18.6
1996,6,25,21,u m n+p,39.565
1996,6,25,22,u m n,26.205
1996,6,25,23,u m p,20.13
1996,6,25,24,u m c,19.565
1996,6,25,29,b m c,14.685
1996,6,25,30,b m n+p,32.26
1996,6,25,31,b m p,23.28
1996,6,25,32,b m n,40.505
1996,6,25,33,u m n+p,34.405
1996,6,25,34,u m c,17.815
1996,6,25,35,u m p,19.745
1996,6,25,36,u m n,24.565
1996,6,25,45,b m n,27.975
1996,6,25,46,b m c,15.175
1996,6,25,47,b m p,17.665
1996,6,25,48,b m n+p,33.445
1996,6,25,49,b m n+p,31.845
1996,6,25,50,b m n,33.455
1996,6,25,51,b m p,46.72
1996,6,25,52,b m c,12.295
1996,6,25,61,u m c,20.585
1996,6,25,62,u m n+p,20.51
1996,6,25,63,u m p,26.08
1996,6,25,64,u m n,18.89
1996,9,10,1,u u n,50
1996,9,10,2,u u c,17.075
1996,9,10,3,u u p,72.315
1996,9,10,4,u u n+p,56.61
1996,9,10,5,u m n,19.065
1996,9,10,6,u m c,19.42
1996,9,10,7,u m p,21.97
1996,9,10,8,u m n+p,32.2
1996,9,10,9,b m c,22.8
1996,9,10,10,b m p,15.285
1996,9,10,11,b m n+p,35.125
1996,9,10,12,b m n,61.17
1996,9,10,13,b u c,22.93
1996,9,10,14,b u p,34.255
1996,9,10,15,b u n+p,106.325
1996,9,10,16,b u n,67.91
1996,9,10,17,u u n+p,102.28
1996,9,10,18,u u n,26.445
1996,9,10,19,u u p,21.96
1996,9,10,20,u u c,22.535
1996,9,10,21,u m n+p,31.495
1996,9,10,22,u m n,26.715
1996,9,10,23,u m p,23.765
1996,9,10,24,u m c,19.75
1996,9,10,25,b u c,35.535
1996,9,10,26,b u n+p,104.665
1996,9,10,27,b u p,25.02
1996,9,10,28,b u n,97.39
1996,9,10,29,b m c,40.5
1996,9,10,30,b m n+p,30.38
1996,9,10,31,b m p,47.63
1996,9,10,32,b m n,43.6
1996,9,10,33,u m n+p,48.97
1996,9,10,34,u m c,14.29
1996,9,10,35,u m p,18.34
1996,9,10,36,u m n,98.955
1996,9,10,37,u u n+p,60.78
1996,9,10,38,u u c,49.11
1996,9,10,39,u u p,9.855
1996,9,10,40,u u n,81.89
1996,9,10,41,b u n,83.2
1996,9,10,42,b u c,37.6
1996,9,10,43,b u p,31.665
1996,9,10,44,b u n+p,99.21
1996,9,10,45,b m n,26.61
1996,9,10,46,b m c,22.465
1996,9,10,47,b m p,27.69
1996,9,10,48,b m n+p,77.68
1996,9,10,49,b m n+p,56.9
1996,9,10,50,b m n,33.2
1996,9,10,51,b m p,24.215
1996,9,10,52,b m c,16.14
1996,9,10,53,b u n+p,88.48
1996,9,10,54,b u n,114.4
1996,9,10,55,b u p,37.115
1996,9,10,56,b u c,37.89
1996,9,10,57,u u c,50.22
1996,9,10,58,u u n+p,85.95
1996,9,10,59,u u p,21.05
1996,9,10,60,u u n,41.31
1996,9,10,61,u m c,18.51
1996,9,10,62,u m n+p,42.635
1996,9,10,63,u m p,21.125
1996,9,10,64,u m n,50.41
1997,6,30,5,u m n,26.87
1997,6,30,6,u m c,14.905
1997,6,30,7,u m p,27.71
1997,6,30,8,u m n+p,31.905
1997,6,30,9,b m c,14.375
1997,6,30,10,b m p,11.96
1997,6,30,11,b m n+p,49.69
1997,6,30,12,b m n,41.37
1997,6,30,21,u m n+p,37.615
1997,6,30,22,u m n,25.485
1997,6,30,23,u m p,19.465
1997,6,30,24,u m c,19.93
1997,6,30,29,b m c,17.835
1997,6,30,30,b m n+p,26.65
1997,6,30,31,b m p,18.7
1997,6,30,32,b m n,47.99
1997,6,30,33,u m n+p,22.5
1997,6,30,34,u m c,18.23
1997,6,30,35,u m p,17.425
1997,6,30,36,u m n,21.375
1997,6,30,45,b m n,45.995
1997,6,30,46,b m c,18.64
1997,6,30,47,b m p,20.215
1997,6,30,48,b m n+p,55.2
1997,6,30,49,b m n+p,37.405
1997,6,30,50,b m n,31
1997,6,30,51,b m p,18.83
1997,6,30,52,b m c,25.3
1997,6,30,61,u m c,17.09
1997,6,30,62,u m n+p,20.13
1997,6,30,63,u m p,16.825
1997,6,30,64,u m n,26.41
1997,10,10,1,u u n,18.055
1997,10,10,2,u u c,20.29
1997,10,10,3,u u p,33.3
1997,10,10,4,u u n+p,40.985
1997,10,10,5,u m n,20.095
1997,10,10,6,u m c,18.01
1997,10,10,7,u m p,23.975
1997,10,10,8,u m n+p,40.195
1997,10,10,9,b m c,20.085
1997,10,10,10,b m p,12.495
1997,10,10,11,b m n+p,27.53
1997,10,10,12,b m n,78.2
1997,10,10,13,b u c,55.405
1997,10,10,14,b u p,19.96
1997,10,10,15,b u n+p,28.98
1997,10,10,16,b u n,61.41
1997,10,10,17,u u n+p,123.12
1997,10,10,18,u u n,34.93
1997,10,10,19,u u p,25.035
1997,10,10,20,u u c,23.655
1997,10,10,21,u m n+p,34.145
1997,10,10,22,u m n,28.515
1997,10,10,23,u m p,13.075
1997,10,10,24,u m c,17.25
1997,10,10,25,b u c,20.28
1997,10,10,26,b u n+p,86.445
1997,10,10,27,b u p,18.085
1997,10,10,28,b u n,45.47
1997,10,10,29,b m c,30.24
1997,10,10,30,b m n+p,20.17
1997,10,10,31,b m p,32.105
1997,10,10,32,b m n,29.35
1997,10,10,33,u m n+p,26.94
1997,10,10,34,u m c,17.98
1997,10,10,35,u m p,17.82
1997,10,10,36,u m n,90
1997,10,10,37,u u n+p,48.335
1997,10,10,38,u u c,17.98
1997,10,10,39,u u p,32.41
1997,10,10,40,u u n,29.49
1997,10,10,41,b u n,56.37
1997,10,10,42,b u c,25.415
1997,10,10,43,b u p,17.065
1997,10,10,44,b u n+p,44.535
1997,10,10,45,b m n,29.07
1997,10,10,46,b m c,9.19
1997,10,10,47,b m p,25.165
1997,10,10,48,b m n+p,79.675
1997,10,10,49,b m n+p,27.55
1997,10,10,50,b m n,17.35
1997,10,10,51,b m p,8.545
1997,10,10,52,b m c,32.345
1997,10,10,53,b u n+p,42.185
1997,10,10,54,b u n,74.305
1997,10,10,55,b u p,15.625
1997,10,10,56,b u c,16.74
1997,10,10,57,u u c,32.685
1997,10,10,58,u u n+p,77.355
1997,10,10,59,u u p,17.265
1997,10,10,60,u u n,60.635
1997,10,10,61,u m c,12.365
1997,10,10,62,u m n+p,26.215
1997,10,10,63,u m p,11.61
1997,10,10,64,u m n,26.61
1998,6,29,5,u m n,15.94
1998,6,29,6,u m c,10.265
1998,6,29,7,u m p,16.32
1998,6,29,8,u m n+p,23.725
1998,6,29,9,b m c,9.045
1998,6,29,10,b m p,15.375
1998,6,29,11,b m n+p,47.665
1998,6,29,12,b m n,32.065
1998,6,29,21,u m n+p,18.9
1998,6,29,22,u m n,27.77
1998,6,29,23,u m p,18.555
1998,6,29,24,u m c,15.795
1998,6,29,29,b m c,10.495
1998,6,29,30,b m n+p,38.315
1998,6,29,31,b m p,19.295
1998,6,29,32,b m n,66.39
1998,6,29,33,u m n+p,26.495
1998,6,29,34,u m c,18.985
1998,6,29,35,u m p,10.615
1998,6,29,36,u m n,18.725
1998,6,29,45,b m n,41.215
1998,6,29,46,b m c,16.18
1998,6,29,47,b m p,19.695
1998,6,29,48,b m n+p,64.62
1998,6,29,49,b m n+p,26.18
1998,6,29,50,b m n,24.23
1998,6,29,51,b m p,15.26
1998,6,29,52,b m c,28.25
1998,6,29,61,u m c,16.795
1998,6,29,62,u m n+p,20.74
1998,6,29,63,u m p,14.68
1998,6,29,64,u m n,28.87
1998,10,12,1,u u n,32.245
1998,10,12,2,u u c,16.305
1998,10,12,3,u u p,29.15
1998,10,12,4,u u n+p,23.65
1998,10,12,5,u m n,18.57
1998,10,12,6,u m c,19.2
1998,10,12,7,u m p,17.07
1998,10,12,8,u m n+p,46.66
1998,10,12,9,b m c,13.605
1998,10,12,10,b m p,23.96
1998,10,12,11,b m n+p,39.58
1998,10,12,12,b m n,31.915
1998,10,12,13,b u c,30.325
1998,10,12,14,b u p,17.3
1998,10,12,15,b u n+p,35.335
1998,10,12,16,b u n,40.425
1998,10,12,17,u u n+p,28.195
1998,10,12,18,u u n,41.495
1998,10,12,19,u u p,10.755
1998,10,12,20,u u c,27.77
1998,10,12,21,u m n+p,28.385
1998,10,12,22,u m n,16.96
1998,10,12,23,u m p,16
1998,10,12,24,u m c,16.755
1998,10,12,25,b u c,23.005
1998,10,12,26,b u n+p,52.35
1998,10,12,27,b u p,29.45
1998,10,12,28,b u n,69.105
1998,10,12,29,b m c,20.415
1998,10,12,30,b m n+p,29.61
1998,10,12,31,b m p,25.825
1998,10,12,32,b m n,29.615
1998,10,12,33,u m n+p,30.58
1998,10,12,34,u m c,21.915
1998,10,12,35,u m p,20.105
1998,10,12,36,u m n,71.135
1998,10,12,37,u u n+p,27.035
1998,10,12,38,u u c,17.585
1998,10,12,39,u u p,23.74
1998,10,12,40,u u n,31.68
1998,10,12,41,b u n,75.89
1998,10,12,42,b u c,14.06
1998,10,12,43,b u p,17.35
1998,10,12,44,b u n+p,42.325
1998,10,12,45,b m n,31.51
1998,10,12,46,b m c,13.79
1998,10,12,47,b m p,29.615
1998,10,12,48,b m n+p,46.51
1998,10,13,49,b m n+p,41.285
1998,10,13,50,b m n,26.21
1998,10,13,51,b m p,13.09
1998,10,13,52,b m c,31.3
1998,10,13,53,b u n+p,39.86
1998,10,13,54,b u n,75.14
1998,10,13,55,b u p,19.795
1998,10,13,56,b u c,19.33
1998,10,13,57,u u c,23.46
1998,10,13,58,u u n+p,43.315
1998,10,13,59,u u p,25.19
1998,10,13,60,u u n,81.75
1998,10,13,61,u m c,15.745
1998,10,13,62,u m n+p,20.895
1998,10,13,63,u m p,24.295
1998,10,13,64,u m n,23.07
1999,6,29,5,u m n,29.03
1999,6,29,6,u m c,20.39
1999,6,29,7,u m p,25.69
1999,6,29,8,u m n+p,31.335
1999,6,29,9,b m c,19.82
1999,6,29,10,b m p,20.155
1999,6,29,11,b m n+p,59.565
1999,6,29,12,b m n,38.16
1999,6,29,21,u m n+p,31.075
1999,6,29,22,u m n,30.12
1999,6,29,23,u m p,22.51
1999,6,29,24,u m c,15.46
1999,6,29,29,b m c,30.125
1999,6,29,30,b m n+p,70.045
1999,6,29,31,b m p,34.035
1999,6,29,32,b m n,61.045
1999,6,29,33,u m n+p,26.65
1999,6,29,34,u m c,18.45
1999,6,29,35,u m p,24.49
1999,6,29,36,u m n,26.515
1999,6,29,45,b m n,50.355
1999,6,29,46,b m c,24.41
1999,6,29,47,b m p,27.59
1999,6,29,48,b m n+p,79.025
1999,6,29,49,b m n+p,58.025
1999,6,29,50,b m n,46.25
1999,6,29,51,b m p,21.515
1999,6,29,52,b m c,16.825
1999,6,29,61,u m c,16.855
1999,6,29,62,u m n+p,28.07
1999,6,29,63,u m p,23.015
1999,6,29,64,u m n,20.975
1999,10,4,33,u m n+p,27.44
1999,10,4,34,u m c,21.575
1999,10,4,35,u m p,27.905
1999,10,4,36,u m n,55.675
1999,10,4,37,u u n+p,24.61
1999,10,4,38,u u c,20.43
1999,10,4,39,u u p,6.575
1999,10,4,40,u u n,20.685
1999,10,4,41,b u n,135.825
1999,10,4,42,b u c,16.59
1999,10,4,43,b u p,16.17
1999,10,4,44,b u n+p,38.98
1999,10,4,45,b m n,17.015
1999,10,4,46,b m c,9.79
1999,10,4,47,b m p,12.275
1999,10,4,48,b m n+p,58
1999,10,4,49,b m n+p,35.46
1999,10,4,50,b m n,25.715
1999,10,4,51,b m p,17.865
1999,10,4,52,b m c,33.59
1999,10,4,53,b u n+p,105.81
1999,10,4,54,b u n,77.625
1999,10,4,55,b u p,20.5
1999,10,4,56,b u c,36.57
1999,10,4,57,u u c,14.385
1999,10,4,58,u u n+p,18.295
1999,10,4,59,u u p,23.59
1999,10,4,60,u u n,50.87
1999,10,4,61,u m c,13.045
1999,10,4,62,u m n+p,23.205
1999,10,4,63,u m p,12.53
1999,10,4,64,u m n,20.27
1999,10,5,1,u u n,27.87
1999,10,5,2,u u c,23.025
1999,10,5,3,u u p,17.155
1999,10,5,4,u u n+p,36.145
1999,10,5,5,u m n,18.125
1999,10,5,6,u m c,12.85
1999,10,5,7,u m p,23.74
1999,10,5,8,u m n+p,30.39
1999,10,5,9,b m c,23.94
1999,10,5,10,b m p,12.24
1999,10,5,11,b m n+p,31.145
1999,10,5,12,b m n,44.315
1999,10,5,13,b u c,18.965
1999,10,5,14,b u p,22.695
1999,10,5,15,b u n+p,53.9
1999,10,5,16,b u n,75.585
1999,10,5,17,u u n+p,26.43
1999,10,5,18,u u n,22.835
1999,10,5,19,u u p,18.805
1999,10,5,20,u u c,15.88
1999,10,5,21,u m n+p,24.01
1999,10,5,22,u m n,20.185
1999,10,5,23,u m p,14.025
1999,10,5,24,u m c,11.68
1999,10,5,25,b u c,19.655
1999,10,5,26,b u n+p,29.6
1999,10,5,27,b u p,31.485
1999,10,5,28,b u n,56.545
1999,10,5,29,b m c,21.445
1999,10,5,30,b m n+p,22.53
1999,10,5,31,b m p,17.675
1999,10,5,32,b m n,27.94
2000,6,26,5,u m n,24.615
2000,6,26,6,u m c,12.84
2000,6,26,7,u m p,21.025
2000,6,26,8,u m n+p,45.99
2000,6,26,9,b m c,18.19
2000,6,26,10,b m p,15.16
2000,6,26,11,b m n+p,53.935
2000,6,26,12,b m n,53.93
2000,6,26,21,u m n+p,41.125
2000,6,26,22,u m n,33.835
2000,6,26,23,u m p,28.1
2000,6,26,24,u m c,20.36
2000,6,26,29,b m c,15.385
2000,6,26,30,b m n+p,115.795
2000,6,26,31,b m p,22.94
2000,6,26,32,b m n,56.34
2000,6,26,33,u m n+p,42.79
2000,6,26,34,u m c,23.085
2000,6,26,35,u m p,30.925
2000,6,26,36,u m n,47.44
2000,6,26,45,b m n,50.29
2000,6,26,46,b m c,34.03
2000,6,26,47,b m p,19.465
2000,6,26,48,b m n+p,37.55
2000,6,26,49,b m n+p,55.545
2000,6,26,50,b m n,60.04
2000,6,26,51,b m p,23.725
2000,6,26,52,b m c,17.67
2000,6,26,61,u m c,23.18
2000,6,26,62,u m n+p,43.14
2000,6,26,63,u m p,25.505
2000,6,26,64,u m n,34.25
2000,10,10,1,u u n,10.98
2000,10,10,2,u u c,11.18
2000,10,10,3,u u p,21.665
2000,10,10,4,u u n+p,16.975
2000,10,10,5,u m n,8.94
2000,10,10,6,u m c,2.445
2000,10,10,7,u m p,7.055
2000,10,10,8,u m n+p,19.73
2000,10,10,9,b m c,4.44
2000,10,10,10,b m p,8.21
2000,10,10,11,b m n+p,12.465
2000,10,10,12,b m n,13.79
2000,10,10,13,b u c,12.49
2000,10,10,14,b u p,19.165
2000,10,10,15,b u n+p,66.07
2000,10,10,16,b u n,41.98
2000,10,10,17,u u n+p,18.675
2000,10,10,18,u u n,54.32
2000,10,10,19,u u p,10.025
2000,10,10,20,u u c,15.685
2000,10,10,21,u m n+p,17.795
2000,10,10,22,u m n,23.115
2000,10,10,23,u m p,10.605
2000,10,10,24,u m c,10.31
2000,10,10,25,b u c,17.985
2000,10,10,26,b u n+p,94.58
2000,10,10,27,b u p,38.815
2000,10,10,28,b u n,84.2
2000,10,10,29,b m c,10.545
2000,10,10,30,b m n+p,19.035
2000,10,10,31,b m p,17.54
2000,10,10,32,b m n,20.02
2000,10,10,33,u m n+p,11.79
2000,10,10,34,u m c,7.42
2000,10,10,35,u m p,3.325
2000,10,10,36,u m n,34.685
2000,10,10,37,u u n+p,56.19
2000,10,10,38,u u c,12.265
2000,10,10,39,u u p,6.23
2000,10,10,40,u u n,59.12
2000,10,10,41,b u n,81.8
2000,10,10,42,b u c,12.16
2000,10,10,43,b u p,15.045
2000,10,10,44,b u n+p,36.875
2000,10,10,45,b m n,22.25
2000,10,10,46,b m c,8.855
2000,10,10,47,b m p,15.805
2000,10,10,48,b m n+p,38.38
2000,10,12,49,b m n+p,11.885
2000,10,12,50,b m n,10.84
2000,10,12,51,b m p,3.02
2000,10,12,52,b m c,9.725
2000,10,12,53,b u n+p,83.285
2000,10,12,54,b u n,128.005
2000,10,12,55,b u p,19.9
2000,10,12,56,b u c,26.395
2000,10,12,57,u u c,326.45
2000,10,12,58,u u n+p,35.035
2000,10,12,59,u u p,18.395
2000,10,12,60,u u n,60.18
2000,10,12,61,u m c,7.46
2000,10,12,62,u m n+p,16.265
2000,10,12,63,u m p,4.14
2000,10,12,64,u m n,23.085
2001,6,25,5,u m n,23.97
2001,6,25,6,u m c,11.905
2001,6,25,7,u m p,24.56
2001,6,25,8,u m n+p,32.685
2001,6,25,9,b m c,10.84
2001,6,25,10,b m p,14.32
2001,6,25,11,b m n+p,42.655
2001,6,25,12,b m n,30.765
2001,6,25,21,u m n+p,32.795
2001,6,25,22,u m n,32.64
2001,6,25,23,u m p,21.48
2001,6,25,24,u m c,22.17
2001,6,25,29,b m c,16.475
2001,6,25,30,b m n+p,58.44
2001,6,25,31,b m p,17.495
2001,6,25,32,b m n,48.34
2001,6,25,33,u m n+p,45.585
2001,6,25,34,u m c,21.865
2001,6,25,35,u m p,20.145
2001,6,25,36,u m n,15.315
2001,6,25,45,b m n,45.235
2001,6,25,46,b m c,19.855
2001,6,25,47,b m p,23.775
2001,6,25,48,b m n+p,41.845
2001,6,25,49,b m n+p,39.765
2001,6,25,50,b m n,47.905
2001,6,25,51,b m p,17.185
2001,6,25,52,b m c,15.935
2001,6,25,61,u m c,19.31
2001,6,25,62,u m n+p,51.625
2001,6,25,63,u m p,14.32
2001,6,25,64,u m n,32.1
2001,10,16,1,u u n,32.165
2001,10,16,2,u u c,14.525
2001,10,16,3,u u p,53.465
2001,10,16,4,u u n+p,70.36
2001,10,16,5,u m n,25.165
2001,10,16,6,u m c,19.16
2001,10,16,7,u m p,30.115
2001,10,16,8,u m n+p,34.73
2001,10,16,9,b m c,39.755
2001,10,16,10,b m p,15.65
2001,10,16,11,b m n+p,43.135
2001,10,16,12,b m n,47.65
2001,10,16,17,u u n+p,34.25
2001,10,16,18,u u n,49.735
2001,10,16,19,u u p,20.505
2001,10,16,20,u u c,21.65
2001,10,16,21,u m n+p,43.335
2001,10,16,22,u m n,27.625
2001,10,16,23,u m p,22.22
2001,10,16,24,u m c,18.615
2001,10,16,25,b u c,31.885
2001,10,16,26,b u n+p,71.58
2001,10,16,27,b u p,30.695
2001,10,16,28,b u n,91.29
2001,10,16,29,b m c,40.045
2001,10,16,30,b m n+p,50.575
2001,10,16,31,b m p,12.5
2001,10,16,32,b m n,54.065
2001,10,17,13,b u c,14.555
2001,10,17,14,b u p,19.245
2001,10,17,15,b u n+p,94.785
2001,10,17,16,b u n,70.85
2001,10,17,33,u m n+p,30.855
2001,10,17,34,u m c,23.685
2001,10,17,35,u m p,34.02
2001,10,17,36,u m n,51.83
2001,10,17,37,u u n+p,95.29
2001,10,17,38,u u c,23.875
2001,10,17,39,u u p,33.59
2001,10,17,40,u u n,60.255
2001,10,17,41,b u n,121.76
2001,10,17,42,b u c,18.255
2001,10,17,43,b u p,10.79
2001,10,17,44,b u n+p,118.925
2001,10,17,45,b m n,45.26
2001,10,17,46,b m c,12.14
2001,10,17,47,b m p,35.83
2001,10,17,48,b m n+p,46.845
2001,10,17,49,b m n+p,34.63
2001,10,17,50,b m n,36.89
2001,10,17,51,b m p,10.44
2001,10,17,52,b m c,19.14
2001,10,17,53,b u n+p,95.125
2001,10,17,54,b u n,101.415
2001,10,17,55,b u p,9.805
2001,10,17,56,b u c,10.32
2001,10,17,57,u u c,30.735
2001,10,17,58,u u n+p,28.135
2001,10,17,59,u u p,21.99
2001,10,17,60,u u n,114.865
2001,10,17,61,u m c,11.72
2001,10,17,62,u m n+p,34.95
2001,10,17,63,u m p,21.495
2001,10,17,64,u m n,60.615
2002,6,27,5,u m n,28.49
2002,6,27,6,u m c,16.83
2002,6,27,7,u m p,33
2002,6,27,8,u m n+p,51.005
2002,6,27,9,b m c,19.32
2002,6,27,10,b m p,15.86
2002,6,27,11,b m n+p,36.255
2002,6,27,12,b m n,27.7
2002,6,27,21,u m n+p,54.23
2002,6,27,22,u m n,48.735
2002,6,27,23,u m p,28.47
2002,6,27,24,u m c,21.78
2002,6,27,29,b m c,23.645
2002,6,27,30,b m n+p,54.915
2002,6,27,31,b m p,17.455
2002,6,27,32,b m n,49.34
2002,6,27,33,u m n+p,50.51
2002,6,27,34,u m c,24.655
2002,6,27,35,u m p,27.81
2002,6,27,36,u m n,40.92
2002,6,27,45,b m n,54.04
2002,6,27,46,b m c,24.39
2002,6,27,47,b m p,35.725
2002,6,27,48,b m n+p,39.14
2002,6,27,49,b m n+p,51.56
2002,6,27,50,b m n,44.675
2002,6,27,51,b m p,29.05
2002,6,27,52,b m c,17.815
2002,6,27,61,u m c,21.13
2002,6,27,62,u m n+p,40.23
2002,6,27,63,u m p,26.105
2002,6,27,64,u m n,38.02
2002,11,6,41,b u n,71.375
2002,11,6,42,b u c,39.38
2002,11,6,43,b u p,29.9
2002,11,6,44,b u n+p,62.355
2002,11,6,45,b m n,67.145
2002,11,6,46,b m c,19.23
2002,11,6,47,b m p,35.33
2002,11,6,48,b m n+p,29.565
2002,11,6,49,b m n+p,36.93
2002,11,6,50,b m n,45.895
2002,11,6,51,b m p,19.07
2002,11,6,52,b m c,28.465
2002,11,6,53,b u n+p,13.515
2002,11,6,54,b u n,38.05
2002,11,6,55,b u p,41.56
2002,11,6,56,b u c,35.745
2002,11,7,1,u u n,15.015
2002,11,7,2,u u c,16.815
2002,11,7,3,u u p,42.58
2002,11,7,4,u u n+p,52.495
2002,11,7,5,u m n,24.88
2002,11,7,6,u m c,24.26
2002,11,7,7,u m p,33.495
2002,11,7,8,u m n+p,33.995
2002,11,7,9,b m c,28.7
2002,11,7,10,b m p,17.835
2002,11,7,11,b m n+p,36.21
2002,11,7,12,b m n,71.685
2002,11,7,13,b u c,18.99
2002,11,7,14,b u p,31.06
2002,11,7,15,b u n+p,60.745
2002,11,7,16,b u n,55.005
2002,11,7,17,u u n+p,123.12
2002,11,7,18,u u n,6.7
2002,11,7,19,u u p,22.835
2002,11,7,20,u u c,26.54
2002,11,7,21,u m n+p,28.62
2002,11,7,22,u m n,30.45
2002,11,7,23,u m p,32.53
2002,11,7,24,u m c,27.2
2002,11,7,25,b u c,29.535
2002,11,7,26,b u n+p,67.645
2002,11,7,27,b u p,36.325
2002,11,7,28,b u n,81.225
2002,11,7,29,b m c,43.88
2002,11,7,30,b m n+p,29.34
2002,11,7,31,b m p,32.725
2002,11,7,32,b m n,46.885
2002,11,7,33,u m n+p,36.2
2002,11,7,34,u m c,21.32
2002,11,7,35,u m p,31.44
2002,11,7,36,u m n,47.775
2002,11,7,37,u u n+p,79.085
2002,11,7,38,u u c,35.44
2002,11,7,39,u u p,37.825
2002,11,7,40,u u n,17.915
2002,11,7,57,u u c,21.45
2002,11,7,58,u u n+p,15.615
2002,11,7,59,u u p,42.015
2002,11,7,60,u u n,74.825
2002,11,7,61,u m c,20.595
2002,11,7,62,u m n+p,26.315
2002,11,7,63,u m p,21.91
2002,11,7,64,u m n,49.08
2003,6,20,5,u m n,28.07
2003,6,20,6,u m c,21.985
2003,6,20,7,u m p,21.27
2003,6,20,8,u m n+p,38.825
2003,6,20,9,b m c,15.98
2003,6,20,10,b m p,12.425
2003,6,20,11,b m n+p,46.11
2003,6,20,12,b m n,37.11
2003,6,20,21,u m n+p,29.93
2003,6,20,22,u m n,29.535
2003,6,20,23,u m p,24.545
2003,6,20,24,u m c,36.63
2003,6,20,29,b m c,21.015
2003,6,20,30,b m n+p,39.94
2003,6,20,31,b m p,15.605
2003,6,20,32,b m n,35.71
2003,6,20,33,u m n+p,37.19
2003,6,20,34,u m c,18.87
2003,6,20,35,u m p,13.2
2003,6,20,36,u m n,17.88
2003,6,20,45,b m n,52.335
2003,6,20,46,b m c,24.185
2003,6,20,47,b m p,20.54
2003,6,20,48,b m n+p,38.215
2003,6,20,49,b m n+p,38.4
2003,6,20,50,b m n,44.535
2003,6,20,51,b m p,14.67
2003,6,20,52,b m c,14.675
2003,6,20,61,u m c,25.31
2003,6,20,62,u m n+p,48.675
2003,6,20,63,u m p,20.84
2003,6,20,64,u m n,37.06
2003,9,19,1,u u n,23.965
2003,9,19,2,u u c,31.57
2003,9,19,3,u u p,29.81
2003,9,19,4,u u n+p,63.58
2003,9,19,5,u m n,21.56
2003,9,19,6,u m c,16.425
2003,9,19,7,u m p,48.01
2003,9,19,8,u m n+p,52.36
2003,9,19,9,b m c,18.52
2003,9,19,10,b m p,11.845
2003,9,19,11,b m n+p,23.28
2003,9,19,12,b m n,50.23
2003,9,19,13,b u c,15.29
2003,9,19,14,b u p,50.3
2003,9,19,15,b u n+p,95.52
2003,9,19,16,b u n,94.485
2003,9,19,17,u u n+p,71.52
2003,9,19,18,u u n,74.475
2003,9,19,19,u u p,33.425
2003,9,19,20,u u c,36.9
2003,9,19,21,u m n+p,30.57
2003,9,19,22,u m n,34.295
2003,9,19,23,u m p,20.975
2003,9,19,24,u m c,23.38
2003,9,19,25,b u c,25.91
2003,9,19,26,b u n+p,99.62
2003,9,19,27,b u p,67.45
2003,9,19,28,b u n,108.715
2003,9,19,29,b m c,23.775
2003,9,19,30,b m n+p,32.13
2003,9,19,31,b m p,26.995
2003,9,19,32,b m n,35.275
2003,9,22,33,u m n+p,41.4
2003,9,22,34,u m c,19.21
2003,9,22,35,u m p,65.015
2003,9,22,36,u m n,25.595
2003,9,22,37,u u n+p,160.275
2003,9,22,38,u u c,29.82
2003,9,22,39,u u p,31.52
2003,9,22,40,u u n,82.515
2003,9,22,41,b u n,116.08
2003,9,22,42,b u c,36.755
2003,9,22,43,b u p,32.225
2003,9,22,44,b u n+p,43.48
2003,9,22,45,b m n,40.135
2003,9,22,46,b m c,19.515
2003,9,22,47,b m p,22.725
2003,9,22,48,b m n+p,73.26
2003,9,22,49,b m n+p,35.18
2003,9,22,50,b m n,38.31
2003,9,22,51,b m p,22.73
2003,9,22,52,b m c,29.28
2003,9,22,53,b u n+p,121.085
2003,9,22,54,b u n,168.4
2003,9,22,55,b u p,40.715
2003,9,22,56,b u c,37.93
2003,9,22,57,u u c,46.82
2003,9,22,58,u u n+p,75.56
2003,9,22,59,u u p,63.61
2003,9,22,60,u u n,76.67
2003,9,22,61,u m c,19.075
2003,9,22,62,u m n+p,29.185
2003,9,22,63,u m p,18.31
2003,9,22,64,u m n,25.5
2004,9,1,49,b m n+p,98.945
2004,9,1,50,b m n,157.335
2004,9,1,51,b m p,42.155
2004,9,1,52,b m c,42.57
2004,9,1,53,b u n+p,140.185
2004,9,1,54,b u n,124.03
2004,9,1,55,b u p,85.135
2004,9,1,56,b u c,66.565
2004,9,2,33,u m n+p,120.895
2004,9,2,34,u m c,53.01
2004,9,2,35,u m p,58.81
2004,9,2,36,u m n,70.685
2004,9,2,37,u u n+p,114.545
2004,9,2,38,u u c,62.995
2004,9,2,39,u u p,57.15
2004,9,2,40,u u n,41.42
2004,9,2,41,b u n,92.365
2004,9,2,42,b u c,48.635
2004,9,2,43,b u p,45.445
2004,9,2,44,b u n+p,87.67
2004,9,2,45,b m n,150.115
2004,9,2,46,b m c,46.9
2004,9,2,47,b m p,44.875
2004,9,2,48,b m n+p,184.255
2004,9,2,57,u u c,58.435
2004,9,2,58,u u n+p,63.055
2004,9,2,59,u u p,45.005
2004,9,2,60,u u n,94.59
2004,9,2,61,u m c,33.395
2004,9,2,62,u m n+p,38.035
2004,9,2,63,u m p,91.925
2004,9,2,64,u m n,108.065
2004,9,3,1,u u n,90.775
2004,9,3,2,u u c,50.695
2004,9,3,3,u u p,38.49
2004,9,3,4,u u n+p,86.54
2004,9,3,5,u m n,45.84
2004,9,3,6,u m c,29.47
2004,9,3,7,u m p,78.62
2004,9,3,8,u m n+p,121.035
2004,9,3,9,b m c,42.46
2004,9,3,10,b m p,32.13
2004,9,3,11,b m n+p,84.07
2004,9,3,12,b m n,157.64
2004,9,3,13,b u c,53.355
2004,9,3,14,b u p,45.05
2004,9,3,15,b u n+p,116.755
2004,9,3,16,b u n,97.715
2004,9,3,17,u u n+p,58.32
2004,9,3,18,u u n,38.43
2004,9,3,19,u u p,45.12
2004,9,3,20,u u c,65.71
2004,9,3,21,u m n+p,109.67
2004,9,3,22,u m n,57.22
2004,9,3,23,u m p,50.86
2004,9,3,24,u m c,59.2
2004,9,3,25,b u c,69.085
2004,9,3,26,b u n+p,102.705
2004,9,3,27,b u p,103.755
2004,9,3,28,b u n,100.13
2004,9,3,29,b m c,50.82
2004,9,3,30,b m n+p,128.025
2004,9,3,31,b m p,65.925
2004,9,3,32,b m n,168.8
2005,9,6,1,u u n,27.455
2005,9,6,2,u u c,24.765
2005,9,6,3,u u p,38.78
2005,9,6,4,u u n+p,37.74
2005,9,6,5,u m n,27.08
2005,9,6,6,u m c,28.295
2005,9,6,7,u m p,53.405
2005,9,6,8,u m n+p,38.34
2005,9,6,9,b m c,21.89
2005,9,6,10,b m p,25.925
2005,9,6,11,b m n+p,66.475
2005,9,6,12,b m n,65.535
2005,9,6,13,b u c,34.545
2005,9,6,14,b u p,32.01
2005,9,6,15,b u n+p,73.395
2005,9,6,16,b u n,57.245
2005,9,6,17,u u n+p,18.56
2005,9,6,18,u u n,43.165
2005,9,6,19,u u p,26.165
2005,9,6,20,u u c,29.35
2005,9,6,21,u m n+p,51.035
2005,9,6,22,u m n,28.02
2005,9,6,23,u m p,43.855
2005,9,6,24,u m c,37.345
2005,9,6,25,b u c,26.12
2005,9,6,26,b u n+p,84.75
2005,9,6,27,b u p,44.705
2005,9,6,28,b u n,70.79
2005,9,6,29,b m c,73.175
2005,9,6,30,b m n+p,129.165
2005,9,6,31,b m p,58.045
2005,9,6,32,b m n,73.715
2005,9,6,41,b u n,78.285
2005,9,6,42,b u c,36.76
2005,9,6,43,b u p,40.13
2005,9,6,44,b u n+p,65.415
2005,9,6,45,b m n,76.65
2005,9,6,46,b m c,37.175
2005,9,6,47,b m p,68.385
2005,9,6,48,b m n+p,81.795
2005,9,6,49,b m n+p,60.915
2005,9,6,50,b m n,61.645
2005,9,6,51,b m p,34.955
2005,9,6,52,b m c,37.315
2005,9,7,33,u m n+p,64.03
2005,9,7,34,u m c,35.845
2005,9,7,35,u m p,48.17
2005,9,7,36,u m n,78.985
2005,9,7,37,u u n+p,76.57
2005,9,7,38,u u c,22.095
2005,9,7,39,u u p,58.815
2005,9,7,40,u u n,127.59
2005,9,7,53,b u n+p,149.96
2005,9,7,54,b u n,87.075
2005,9,7,55,b u p,40.265
2005,9,7,56,b u c,50.33
2005,9,7,57,u u c,15.62
2005,9,7,58,u u n+p,27.56
2005,9,7,59,u u p,30.1
2005,9,7,60,u u n,54.395
2005,9,7,61,u m c,40.94
2005,9,7,62,u m n+p,48.895
2005,9,7,63,u m p,34.5
2005,9,7,64,u m n,58.005
2006,10,12,33,u m n+p,21.315
2006,10,12,34,u m c,30.325
2006,10,12,35,u m p,43.235
2006,10,12,36,u m n,51.18
2006,10,12,37,u u n+p,59.86
2006,10,12,38,u u c,20.895
2006,10,12,39,u u p,29.95
2006,10,12,40,u u n,3.59
2006,10,12,41,b u n,64.945
2006,10,12,42,b u c,32.71
2006,10,12,43,b u p,42.335
2006,10,12,44,b u n+p,73.195
2006,10,12,45,b m n,83.445
2006,10,12,46,b m c,23.91
2006,10,12,47,b m p,39.385
2006,10,12,48,b m n+p,109.63
2006,10,12,49,b m n+p,64.685
2006,10,12,50,b m n,79.805
2006,10,12,51,b m p,35.69
2006,10,12,52,b m c,50.18
2006,10,12,53,b u n+p,42.6
2006,10,12,54,b u n,95.44
2006,10,12,55,b u p,45.135
2006,10,12,56,b u c,29.295
2006,10,12,57,u u c,264.61
2006,10,12,58,u u n+p,35.775
2006,10,12,59,u u p,43.15
2006,10,12,60,u u n,38.62
2006,10,12,61,u m c,30.695
2006,10,12,62,u m n+p,49.89
2006,10,12,63,u m p,53.055
2006,10,12,64,u m n,24.1
2006,10,13,1,u u n,28.135
2006,10,13,2,u u c,32.245
2006,10,13,3,u u p,18.16
2006,10,13,4,u u n+p,11.515
2006,10,13,5,u m n,28.3
2006,10,13,6,u m c,21.21
2006,10,13,7,u m p,69.665
2006,10,13,8,u m n+p,47.635
2006,10,13,9,b m c,28.965
2006,10,13,10,b m p,18.03
2006,10,13,11,b m n+p,56.02
2006,10,13,12,b m n,68.465
2006,10,13,13,b u c,26.755
2006,10,13,14,b u p,34.235
2006,10,13,15,b u n+p,59.36
2006,10,13,16,b u n,68.165
2006,10,13,17,u u n+p,52.08
2006,10,13,18,u u n,100.725
2006,10,13,19,u u p,61.465
2006,10,13,20,u u c,93.905
2006,10,13,21,u m n+p,66.44
2006,10,13,22,u m n,74.315
2006,10,13,23,u m p,50.96
2006,10,13,24,u m c,52.29
2006,10,13,25,b u c,26.56
2006,10,13,26,b u n+p,49.57
2006,10,13,27,b u p,45.395
2006,10,13,28,b u n,94.095
2006,10,13,29,b m c,64.445
2006,10,13,30,b m n+p,85.63
2006,10,13,31,b m p,41.73
2006,10,13,32,b m n,108.47
2007,10,16,1,u u n,25.585
2007,10,16,2,u u c,23.82
2007,10,16,3,u u p,22.48
2007,10,16,4,u u n+p,31.97
2007,10,16,5,u m n,20.825
2007,10,16,6,u m c,35.08
2007,10,16,7,u m p,50.87
2007,10,16,8,u m n+p,81.06
2007,10,16,9,b m c,46.195
2007,10,16,10,b m p,30.47
2007,10,16,11,b m n+p,73.035
2007,10,16,12,b m n,94.995
2007,10,16,13,b u c,50.07
2007,10,16,14,b u p,44.49
2007,10,16,15,b u n+p,71.995
2007,10,16,16,b u n,53.115
2007,10,16,17,u u n+p,38.675
2007,10,16,18,u u n,31.51
2007,10,16,19,u u p,27.54
2007,10,16,20,u u c,14.115
2007,10,16,21,u m n+p,81.765
2007,10,16,22,u m n,38.95
2007,10,16,23,u m p,36.185
2007,10,16,24,u m c,22.55
2007,10,16,25,b u c,50.935
2007,10,16,26,b u n+p,92.045
2007,10,16,27,b u p,41.685
2007,10,16,28,b u n,31.19
2007,10,16,29,b m c,143.95
2007,10,16,30,b m n+p,115.72
2007,10,16,31,b m p,105.15
2007,10,16,32,b m n,71.435
2007,10,16,33,u m n+p,50.295
2007,10,16,34,u m c,34.09
2007,10,16,35,u m p,79.335
2007,10,16,36,u m n,24.78
2007,10,16,37,u u n+p,24.705
2007,10,16,38,u u c,32.625
2007,10,16,39,u u p,30.645
2007,10,16,40,u u n,57.065
2007,10,16,41,b u n,139.19
2007,10,16,42,b u c,43.8
2007,10,16,43,b u p,49.59
2007,10,16,44,b u n+p,91.135
2007,10,16,45,b m n,100.68
2007,10,16,46,b m c,30.065
2007,10,16,47,b m p,71.25
2007,10,16,48,b m n+p,120.555
2007,10,16,49,b m n+p,130.37
2007,10,16,50,b m n,78.51
2007,10,16,51,b m p,36.74
2007,10,16,52,b m c,77.1
2007,10,16,53,b u n+p,123.96
2007,10,16,54,b u n,111.615
2007,10,16,55,b u p,54.24
2007,10,16,56,b u c,35.415
2007,10,16,57,u u c,12.94
2007,10,16,58,u u n+p,95.215
2007,10,16,59,u u p,57.415
2007,10,16,60,u u n,38
2007,10,16,61,u m c,21.465
2007,10,16,62,u m n+p,22.29
2007,10,16,63,u m p,37.94
2007,10,16,64,u m n,90.875
2008,9,10,33,u m n+p,46.59
2008,9,10,34,u m c,29.835
2008,9,10,35,u m p,22.175
2008,9,10,36,u m n,78.845
2008,9,10,37,u u n+p,71.235
2008,9,10,38,u u c,37.275
2008,9,10,39,u u p,98.285
2008,9,10,40,u u n,62.605
2008,9,10,41,b u n,134.875
2008,9,10,42,b u c,55.405
2008,9,10,43,b u p,42.77
2008,9,10,44,b u n+p,221.035
2008,9,10,45,b m n,125.55
2008,9,10,46,b m c,38.425
2008,9,10,47,b m p,69.43
2008,9,10,48,b m n+p,143.195
2008,9,10,49,b m n+p,131.92
2008,9,10,50,b m n,181.405
2008,9,10,51,b m p,19.375
2008,9,10,52,b m c,75.4
2008,9,10,53,b u n+p,132.09
2008,9,10,54,b u n,195.97
2008,9,10,55,b u p,73.685
2008,9,10,56,b u c,52.14
2008,9,10,57,u u c,31.975
2008,9,10,58,u u n+p,20.065
2008,9,10,59,u u p,35.325
2008,9,10,60,u u n,289.48
2008,9,10,61,u m c,39.6
2008,9,10,62,u m n+p,55.565
2008,9,10,63,u m p,40.905
2008,9,10,64,u m n,77.065
2008,9,11,1,u u n,40.05
2008,9,11,2,u u c,38.55
2008,9,11,3,u u p,54.09
2008,9,11,4,u u n+p,43.355
2008,9,11,5,u m n,41.645
2008,9,11,6,u m c,24.77
2008,9,11,7,u m p,30.655
2008,9,11,8,u m n+p,53.715
2008,9,11,9,b m c,38.06
2008,9,11,10,b m p,43.95
2008,9,11,11,b m n+p,106.255
2008,9,11,12,b m n,166.885
2008,9,16,13,b u c,43.715
2008,9,16,14,b u p,40.285
2008,9,16,15,b u n+p,145.915
2008,9,16,16,b u n,119.73
2008,9,16,17,u u n+p,88.95
2008,9,16,18,u u n,68.15
2008,9,16,19,u u p,25.085
2008,9,16,20,u u c,24.58
2008,9,16,21,u m n+p,94.82
2008,9,16,22,u m n,51.84
2008,9,16,23,u m p,62.005
2008,9,16,24,u m c,52.585
2008,9,16,25,b u c,68.565
2008,9,16,26,b u n+p,176.04
2008,9,16,27,b u p,53.395
2008,9,16,28,b u n,171.48
2008,9,16,29,b m c,84.755
2008,9,16,30,b m n+p,148.38
2008,9,16,31,b m p,77.7
2008,9,16,32,b m n,183.71
2009,9,14,33,u m n+p,40.495
2009,9,14,34,u m c,33.155
2009,9,14,35,u m p,23.7
2009,9,14,36,u m n,31.925
2009,9,14,37,u u n+p,30.665
2009,9,14,38,u u c,22.54
2009,9,14,39,u u p,20.785
2009,9,14,40,u u n,23.105
2009,9,14,41,b u n,72.865
2009,9,14,42,b u c,57.73
2009,9,14,43,b u p,34.88
2009,9,14,44,b u n+p,92.69
2009,9,14,45,b m n,103.395
2009,9,14,46,b m c,37.185
2009,9,14,47,b m p,58.45
2009,9,14,48,b m n+p,201.475
2009,9,14,49,b m n+p,131.21
2009,9,14,50,b m n,105.475
2009,9,14,51,b m p,57.605
2009,9,14,52,b m c,50.155
2009,9,14,53,b u n+p,102.625
2009,9,14,54,b u n,179.48
2009,9,14,55,b u p,67.05
2009,9,14,56,b u c,71.17
2009,9,14,57,u u c,66.19
2009,9,14,58,u u n+p,27.29
2009,9,14,59,u u p,28.79
2009,9,14,60,u u n,15.83
2009,9,14,61,u m c,28.4
2009,9,14,62,u m n+p,40.87
2009,9,14,63,u m p,18.35
2009,9,14,64,u m n,53.73
2009,9,15,1,u u n,26.45
2009,9,15,2,u u c,26.615
2009,9,15,3,u u p,20.155
2009,9,15,4,u u n+p,27.175
2009,9,15,5,u m n,18.92
2009,9,15,6,u m c,43.495
2009,9,15,7,u m p,54.5
2009,9,15,8,u m n+p,63.355
2009,9,15,9,b m c,52.93
2009,9,15,10,b m p,33.965
2009,9,15,11,b m n+p,113.25
2009,9,15,12,b m n,130.845
2009,9,15,13,b u c,36.78
2009,9,15,14,b u p,52.7
2009,9,15,15,b u n+p,187.18
2009,9,15,16,b u n,122.915
2009,9,15,17,u u n+p,57.365
2009,9,15,18,u u n,38.02
2009,9,15,19,u u p,35.29
2009,9,15,20,u u c,27.575
2009,9,15,21,u m n+p,78.585
2009,9,15,22,u m n,106.77
2009,9,15,23,u m p,29.925
2009,9,15,24,u m c,33.49
2009,9,15,25,b u c,50.93
2009,9,15,26,b u n+p,148.06
2009,9,15,27,b u p,70.115
2009,9,15,28,b u n,93.015
2009,9,15,29,b m c,71.35
2009,9,15,30,b m n+p,88.35
2009,9,15,31,b m p,67.8
2009,9,15,32,b m n,184.425
2010,9,27,49,b m n+p,139.165
2010,9,27,50,b m n,112.815
2010,9,27,51,b m p,62.56
2010,9,27,52,b m c,54.895
2010,9,27,53,b u n+p,88.805
2010,9,27,54,b u n,115.75
2010,9,27,55,b u p,68.885
2010,9,27,56,b u c,73.765
2010,9,27,57,u u c,27.035
2010,9,27,58,u u n+p,15.145
2010,9,27,59,u u p,9.92
2010,9,27,60,u u n,21.605
2010,9,27,61,u m c,23.28
2010,9,27,62,u m n+p,34.45
2010,9,27,63,u m p,29.765
2010,9,27,64,u m n,77.755
2010,9,28,9,b m c,76.13
2010,9,28,10,b m p,69.43
2010,9,28,11,b m n+p,163.915
2010,9,28,12,b m n,58.24
2010,9,28,13,b u c,49.085
2010,9,28,14,b u p,39.3
2010,9,28,15,b u n+p,109.705
2010,9,28,16,b u n,106.205
2010,9,28,17,u u n+p,61.54
2010,9,28,18,u u n,66.715
2010,9,28,19,u u p,43.625
2010,9,28,20,u u c,26.81
2010,9,28,21,u m n+p,29.295
2010,9,28,22,u m n,37.79
2010,9,28,23,u m p,41.23
2010,9,28,24,u m c,40.98
2010,9,28,25,b u c,67.49
2010,9,28,26,b u n+p,133.105
2010,9,28,27,b u p,52.45
2010,9,28,28,b u n,66.835
2010,9,28,29,b m c,46.3
2010,9,28,30,b m n+p,208.9
2010,9,28,31,b m p,98.43
2010,9,28,32,b m n,124.445
2010,9,28,33,u m n+p,27.41
2010,9,28,34,u m c,48.265
2010,9,28,35,u m p,61.33
2010,9,28,36,u m n,84.805
2010,9,28,37,u u n+p,28.61
2010,9,28,38,u u c,147.3
2010,9,28,39,u u p,24.64
2010,9,28,40,u u n,69.93
2010,9,28,41,b u n,142.47
2010,9,28,42,b u c,57.425
2010,9,28,43,b u p,63.545
2010,9,28,44,b u n+p,160.39
2010,9,28,45,b m n,138.255
2010,9,28,46,b m c,40.06
2010,9,28,47,b m p,87.885
2010,9,28,48,b m n+p,103.755
2010,9,30,1,u u n,46.165
2010,9,30,2,u u c,32.805
2010,9,30,3,u u p,16.315
2010,9,30,4,u u n+p,62.02
2010,9,30,5,u m n,62.985
2010,9,30,6,u m c,73.11
2010,9,30,7,u m p,64.775
2010,9,30,8,u m n+p,30.01
2011,9,23,1,u u n,17.425
2011,9,23,2,u u c,24.54
2011,9,23,3,u u p,11.35
2011,9,23,4,u u n+p,16.135
2011,9,23,5,u m n,32.925
2011,9,23,6,u m c,18.96
2011,9,23,7,u m p,41.945
2011,9,23,8,u m n+p,84.185
2011,9,23,9,b m c,25.27
2011,9,23,10,b m p,16.08
2011,9,23,11,b m n+p,64.725
2011,9,23,12,b m n,150.375
2011,9,23,13,b u c,83.24
2011,9,23,14,b u p,25.48
2011,9,23,15,b u n+p,82.35
2011,9,23,16,b u n,87.62
2011,9,23,17,u u n+p,88.25
2011,9,23,18,u u n,31.925
2011,9,23,19,u u p,34.095
2011,9,23,20,u u c,27.495
2011,9,23,21,u m n+p,83.905
2011,9,23,22,u m n,38.04
2011,9,23,23,u m p,48.76
2011,9,23,24,u m c,33.64
2011,9,23,25,b u c,33.565
2011,9,23,26,b u n+p,127.375
2011,9,23,27,b u p,53.35
2011,9,23,28,b u n,114.285
2011,9,23,29,b m c,79.86
2011,9,23,30,b m n+p,71.985
2011,9,23,31,b m p,53.56
2011,9,23,32,b m n,78.095
2011,9,23,33,u m n+p,18.77
2011,9,23,34,u m c,29.73
2011,9,23,35,u m p,33.735
2011,9,23,36,u m n,29.345
2011,9,23,37,u u n+p,41.58
2011,9,23,38,u u c,128.51
2011,9,23,39,u u p,34.705
2011,9,23,40,u u n,94.515
2011,9,23,41,b u n,84.685
2011,9,23,42,b u c,54.28
2011,9,23,43,b u p,41.35
2011,9,23,44,b u n+p,99.98
2011,9,23,45,b m n,93.485
2011,9,23,46,b m c,24.42
2011,9,23,47,b m p,43.565
2011,9,23,48,b m n+p,138.6
2011,9,23,49,b m n+p,81.44
2011,9,23,50,b m n,84.39
2011,9,23,51,b m p,34.375
2011,9,23,52,b m c,65.82
2011,9,23,53,b u n+p,100.725
2011,9,23,54,b u n,102.955
2011,9,23,55,b u p,45.64
2011,9,23,56,b u c,60.155
2011,9,23,57,u u c,31.515
2011,9,23,58,u u n+p,8.34
2011,9,23,59,u u p,20.96
2011,9,23,60,u u n,10.75
2011,9,23,61,u m c,21.72
2011,9,23,62,u m n+p,38.6
2011,9,23,63,u m p,37.04
2011,9,23,64,u m n,25.225
2012,9,11,33,u m n+p,52.84
2012,9,11,34,u m c,20.49
2012,9,11,35,u m p,31.595
2012,9,11,36,u m n,35.55
2012,9,11,37,u u n+p,37.6
2012,9,11,38,u u c,4.455
2012,9,11,39,u u p,224.87
2012,9,11,40,u u n,18.27
2012,9,11,41,b u n,83.215
2012,9,11,42,b u c,38.725
2012,9,11,43,b u p,26.65
2012,9,11,44,b u n+p,60.29
2012,9,11,45,b m n,86.705
2012,9,11,46,b m c,19.92
2012,9,11,47,b m p,45.045
2012,9,11,48,b m n+p,72.92
2012,9,11,49,b m n+p,72.05
2012,9,11,50,b m n,79.55
2012,9,11,51,b m p,30.46
2012,9,11,52,b m c,65.925
2012,9,11,53,b u n+p,113.345
2012,9,11,54,b u n,109.305
2012,9,11,55,b u p,34.125
2012,9,11,56,b u c,43.575
2012,9,11,57,u u c,27.645
2012,9,11,58,u u n+p,2.355
2012,9,11,59,u u p,18.63
2012,9,11,60,u u n,70.9
2012,9,11,61,u m c,114.635
2012,9,11,62,u m n+p,37.25
2012,9,11,63,u m p,31.76
2012,9,11,64,u m n,11.93
2012,9,12,1,u u n,14.72
2012,9,12,2,u u c,13.38
2012,9,12,3,u u p,13.57
2012,9,12,4,u u n+p,14.255
2012,9,12,5,u m n,26.2
2012,9,12,6,u m c,28.66
2012,9,12,7,u m p,35.71
2012,9,12,8,u m n+p,20.095
2012,9,12,9,b m c,35.08
2012,9,12,10,b m p,21.48
2012,9,12,11,b m n+p,49.5
2012,9,12,12,b m n,44.255
2012,9,12,13,b u c,24.475
2012,9,12,14,b u p,26.95
2012,9,12,15,b u n+p,83.13
2012,9,12,16,b u n,44.305
2012,9,12,17,u u n+p,45.285
2012,9,12,18,u u n,34.31
2012,9,12,19,u u p,19.295
2012,9,12,20,u u c,26.62
2012,9,12,21,u m n+p,54.65
2012,9,12,22,u m n,45.025
2012,9,12,23,u m p,12.685
2012,9,12,24,u m c,29.84
2012,9,12,25,b u c,31.32
2012,9,12,26,b u n+p,80.83
2012,9,12,27,b u p,42.955
2012,9,12,28,b u n,86.525
2012,9,12,29,b m c,51.225
2012,9,12,30,b m n+p,40.14
2012,9,12,31,b m p,30.785
2012,9,12,32,b m n,30.94
2013,9,20,1,u u n,19.79
2013,9,20,2,u u c,24.67
2013,9,20,3,u u p,68.985
2013,9,20,4,u u n+p,57.54
2013,9,20,5,u m n,33.505
2013,9,20,6,u m c,41.98
2013,9,20,7,u m p,34.005
2013,9,20,8,u m n+p,62.835
2013,9,20,9,b m c,37.75
2013,9,20,10,b m p,22.38
2013,9,20,11,b m n+p,113.565
2013,9,20,12,b m n,111.11
2013,9,20,13,b u c,26.015
2013,9,20,14,b u p,30.245
2013,9,20,15,b u n+p,96.095
2013,9,20,16,b u n,92.94
2013,9,20,17,u u n+p,40.125
2013,9,20,18,u u n,43.875
2013,9,20,19,u u p,59.905
2013,9,20,20,u u c,28.665
2013,9,20,21,u m n+p,104.61
2013,9,20,22,u m n,47.655
2013,9,20,23,u m p,30.515
2013,9,20,24,u m c,56.06
2013,9,20,25,b u c,52.31
2013,9,20,26,b u n+p,135.42
2013,9,20,27,b u p,55.12
2013,9,20,28,b u n,118.08
2013,9,20,29,b m c,75.315
2013,9,20,30,b m n+p,170.205
2013,9,20,31,b m p,66.275
2013,9,20,32,b m n,102.485
2013,9,20,33,u m n+p,19.65
2013,9,20,34,u m c,18.205
2013,9,20,35,u m p,75.09
2013,9,20,36,u m n,75.73
2013,9,20,37,u u n+p,13.745
2013,9,20,38,u u c,44.92
2013,9,20,39,u u p,337.905
2013,9,20,40,u u n,28.91
2013,9,20,41,b u n,81.695
2013,9,20,42,b u c,54.275
2013,9,20,43,b u p,58.91
2013,9,20,44,b u n+p,89.305
2013,9,20,45,b m n,88.63
2013,9,20,46,b m c,20.005
2013,9,20,47,b m p,67.875
2013,9,20,48,b m n+p,149.565
2013,9,20,49,b m n+p,57.02
2013,9,20,50,b m n,124.775
2013,9,20,51,b m p,47.685
2013,9,20,52,b m c,62.24
2013,9,20,53,b u n+p,153.015
2013,9,20,54,b u n,78.48
2013,9,20,55,b u p,42.3
2013,9,20,56,b u c,51.965
2013,9,20,57,u u c,168.36
2013,9,20,58,u u n+p,9.49
2013,9,20,59,u u p,41.425
2013,9,20,60,u u n,158.745
2013,9,20,61,u m c,32.695
2013,9,20,62,u m n+p,28.795
2013,9,20,63,u m p,37.245
2013,9,20,64,u m n,64.675
2014,9,3,41,b u n,42.24
2014,9,3,42,b u c,70.07
2014,9,3,43,b u p,31.39
2014,9,3,44,b u n+p,94.025
2014,9,3,45,b m n,118.42
2014,9,3,46,b m c,57.32
2014,9,3,47,b m p,31.975
2014,9,3,48,b m n+p,123.26
2014,9,3,49,b m n+p,72.87
2014,9,3,50,b m n,93.985
2014,9,3,51,b m p,42.03
2014,9,3,52,b m c,34.1
2014,9,3,53,b u n+p,119.215
2014,9,3,54,b u n,130.37
2014,9,3,55,b u p,39.73
2014,9,3,56,b u c,34.255
2014,9,5,1,u u n,6.185
2014,9,5,2,u u c,4.305
2014,9,5,3,u u p,271.165
2014,9,5,4,u u n+p,7.48
2014,9,5,5,u m n,12.565
2014,9,5,6,u m c,61.025
2014,9,5,7,u m p,27.325
2014,9,5,8,u m n+p,41.35
2014,9,5,9,b m c,31.425
2014,9,5,10,b m p,22.665
2014,9,5,11,b m n+p,102.49
2014,9,5,12,b m n,103.62
2014,9,5,13,b u c,35.915
2014,9,5,14,b u p,41.375
2014,9,5,15,b u n+p,87.805
2014,9,5,16,b u n,77.07
2014,9,5,17,u u n+p,26.185
2014,9,5,18,u u n,41.455
2014,9,5,19,u u p,32.885
2014,9,5,20,u u c,10.905
2014,9,5,21,u m n+p,80.775
2014,9,5,22,u m n,49.115
2014,9,5,23,u m p,20.94
2014,9,5,24,u m c,26.995
2014,9,5,25,b u c,38.835
2014,9,5,26,b u n+p,74.65
2014,9,5,27,b u p,34.745
2014,9,5,28,b u n,90.425
2014,9,5,29,b m c,25.87
2014,9,5,30,b m n+p,89.87
2014,9,5,31,b m p,61.475
2014,9,5,32,b m n,72.47
2014,9,8,33,u m n+p,19.49
2014,9,8,34,u m c,30.795
2014,9,8,35,u m p,38.43
2014,9,8,36,u m n,29.53
2014,9,8,37,u u n+p,52.08
2014,9,8,38,u u c,33.04
2014,9,8,39,u u p,20.9
2014,9,8,40,u u n,17.805
2014,9,8,57,u u c,8.99
2014,9,8,58,u u n+p,11.48
2014,9,8,59,u u p,26.09
2014,9,8,60,u u n,13.88
2014,9,8,61,u m c,17.52
2014,9,8,62,u m n+p,54.925
2014,9,8,63,u m p,33.095
2014,9,8,64,u m n,37.945
2015,10,23,41,b u n,94.93
2015,10,23,42,b u c,52.66
2015,10,23,43,b u p,41.9
2015,10,23,44,b u n+p,97.76
2015,10,23,45,b m n,148.41
2015,10,23,46,b m c,59.8
2015,10,23,47,b m p,70.22
2015,10,23,48,b m n+p,137.295
2015,10,23,49,b m n+p,102.575
2015,10,23,50,b m n,118.095
2015,10,23,51,b m p,62.445
2015,10,23,52,b m c,67.13
2015,10,23,53,b u n+p,180.83
2015,10,23,54,b u n,185.675
2015,10,23,55,b u p,64.22
2015,10,23,56,b u c,66.4
2015,10,23,57,u u c,18.14
2015,10,23,58,u u n+p,41.19
2015,10,23,59,u u p,66.545
2015,10,23,60,u u n,221.6
2015,10,23,61,u m c,36.695
2015,10,23,62,u m n+p,32.64
2015,10,23,63,u m p,42.945
2015,10,23,64,u m n,78.205
2015,10,26,1,u u n,34.845
2015,10,26,2,u u c,11.015
2015,10,26,3,u u p,38.105
2015,10,26,4,u u n+p,50.375
2015,10,26,5,u m n,22.755
2015,10,26,6,u m c,32.5
2015,10,26,7,u m p,55.215
2015,10,26,8,u m n+p,92.165
2015,10,26,9,b m c,66.85
2015,10,26,10,b m p,93.45
2015,10,26,11,b m n+p,95.04
2015,10,26,12,b m n,92.495
2015,10,26,13,b u c,45.46
2015,10,26,14,b u p,37.795
2015,10,26,15,b u n+p,99.085
2015,10,26,16,b u n,102.275
2015,10,26,17,u u n+p,30.325
2015,10,26,18,u u n,34.865
2015,10,26,19,u u p,58.245
2015,10,26,20,u u c,15.07
2015,10,26,21,u m n+p,32.07
2015,10,26,22,u m n,43.1
2015,10,26,23,u m p,9.34
2015,10,26,24,u m c,51.995
2015,10,26,25,b u c,35.96
2015,10,26,26,b u n+p,99.58
2015,10,26,27,b u p,39.27
2015,10,26,28,b u n,214.005
2015,10,26,29,b m c,57.185
2015,10,26,30,b m n+p,128.23
2015,10,26,31,b m p,54.145
2015,10,26,32,b m n,98.66
2015,10,26,33,u m n+p,41.185
2015,10,26,34,u m c,16.925
2015,10,26,35,u m p,35.72
2015,10,26,36,u m n,71.26
2015,10,26,37,u u n+p,16.51
2015,10,26,38,u u c,28.48
2015,10,26,39,u u p,456.51
2015,10,26,40,u u n,30.16
2016,9,27,41,b u n,168.37
2016,9,27,42,b u c,55.245
2016,9,27,43,b u p,55.37
2016,9,27,44,b u n+p,94.6
2016,9,27,45,b m n,56.155
2016,9,27,49,b m n+p,85.88
2016,9,27,50,b m n,51.43
2016,9,27,53,b u n+p,66.475
2016,9,27,54,b u n,119.4
2016,9,27,55,b u p,60.51
2016,9,27,56,b u c,57.485
2016,9,27,57,u u c,207.575
2016,9,27,58,u u n+p,39.905
2016,9,27,59,u u p,118.84
2016,9,27,60,u u n,191.99
2016,9,27,61,u m c,34.385
2016,9,27,62,u m n+p,170.18
2016,9,27,63,u m p,32.1
2016,9,27,64,u m n,35.285
2016,9,28,21,u m n+p,39.29
2016,9,28,22,u m n,66.27
2016,9,28,23,u m p,48.435
2016,9,28,24,u m c,26.775
2016,9,28,25,b u c,69.68
2016,9,28,26,b u n+p,128.615
2016,9,28,27,b u p,86.905
2016,9,28,28,b u n,133.42
2016,9,28,33,u m n+p,17.79
2016,9,28,34,u m c,32.335
2016,9,28,35,u m p,24.85
2016,9,28,36,u m n,40.9
2016,9,28,37,u u n+p,32.07
2016,9,28,38,u u c,354.64
2016,9,28,39,u u p,93.19
2016,9,28,40,u u n,72.765
2016,9,29,1,u u n,30.725
2016,9,29,2,u u c,29.71
2016,9,29,3,u u p,0.26
2016,9,29,4,u u n+p,61.275
2016,9,29,5,u m n,30.31
2016,9,29,6,u m c,21.405
2016,9,29,7,u m p,8.79
2016,9,29,8,u m n+p,51.275
2016,9,29,11,b m n+p,45.31
2016,9,29,13,b u c,40.7
2016,9,29,14,b u p,58.48
2016,9,29,15,b u n+p,131.22
2016,9,29,16,b u n,92.59
2016,9,29,17,u u n+p,115.47
2016,9,29,18,u u n,55.6
2016,9,29,19,u u p,115.195
2016,9,29,20,u u c,23.27
2017,10,20,1,u u n,26.955
2017,10,20,2,u u c,18.05
2017,10,20,3,u u p,5.225
2017,10,20,4,u u n+p,109.92
2017,10,20,5,u m n,11.315
2017,10,20,6,u m c,52.52
2017,10,20,7,u m p,102.59
2017,10,20,8,u m n+p,41.775
2017,10,20,9,b m c,63.01
2017,10,20,10,b m p,106.98
2017,10,20,11,b m n+p,81.805
2017,10,20,12,b m n,110.87
2017,10,20,13,b u c,30.37
2017,10,20,14,b u p,37.465
2017,10,20,15,b u n+p,103.3
2017,10,20,16,b u n,101.52
2017,10,20,17,u u n+p,29.145
2017,10,20,18,u u n,22.835
2017,10,20,19,u u p,72.08
2017,10,20,20,u u c,9.165
2017,10,20,21,u m n+p,29.03
2017,10,20,22,u m n,13.435
2017,10,20,23,u m p,40.36
2017,10,20,24,u m c,30.015
2017,10,20,25,b u c,38.97
2017,10,20,26,b u n+p,61.285
2017,10,20,27,b u p,55.925
2017,10,20,28,b u n,103.93
2017,10,20,29,b m c,101.705
2017,10,20,30,b m n+p,58.59
2017,10,20,31,b m p,49.235
2017,10,20,32,b m n,106.96
2017,10,20,33,u m n+p,24.865
2017,10,20,34,u m c,21.925
2017,10,20,35,u m p,24.3
2017,10,20,36,u m n,58.15
2017,10,20,37,u u n+p,66.715
2017,10,20,38,u u c,3.225
2017,10,20,39,u u p,37.725
2017,10,20,40,u u n,0.91
2017,10,20,41,b u n,93.105
2017,10,20,42,b u c,42.775
2017,10,20,43,b u p,41.94
2017,10,20,44,b u n+p,59.26
2017,10,20,45,b m n,71.815
2017,10,20,46,b m c,54.405
2017,10,20,47,b m p,94.93
2017,10,20,48,b m n+p,108.82
2017,10,20,49,b m n+p,66.5
2017,10,20,50,b m n,59.25
2017,10,20,51,b m p,56.295
2017,10,20,52,b m c,122.5
2017,10,20,53,b u n+p,150.81
2017,10,20,54,b u n,81.045
2017,10,20,55,b u p,40.615
2017,10,20,56,b u c,54.725
2017,10,20,57,u u c,7.29
2017,10,20,58,u u n+p,50.75
2017,10,20,59,u u p,20.95
2017,10,20,60,u u n,47.595
2017,10,20,61,u m c,119.105
2017,10,20,62,u m n+p,41.11
2017,10,20,63,u m p,37.07
2017,10,20,64,u m n,52.445
2018,10,4,1,u u n,13.055
2018,10,4,2,u u c,11.745
2018,10,4,3,u u p,0.41
2018,10,4,4,u u n+p,46.425
2018,10,4,5,u m n,14.56
2018,10,4,6,u m c,5.89
2018,10,4,7,u m p,69.93
2018,10,4,8,u m n+p,21.775
2018,10,4,11,b m n+p,43.84
2018,10,4,13,b u c,14.305
2018,10,4,14,b u p,43.515
2018,10,4,15,b u n+p,50.815
2018,10,4,16,b u n,62.72
2018,10,4,17,u u n+p,23.365
2018,10,4,18,u u n,26.545
2018,10,4,19,u u p,22.715
2018,10,4,20,u u c,35.515
2018,10,4,21,u m n+p,32.17
2018,10,4,22,u m n,11.765
2018,10,4,23,u m p,14.705
2018,10,4,24,u m c,74.01
2018,10,4,25,b u c,44.03
2018,10,4,26,b u n+p,33.245
2018,10,4,27,b u p,58.795
2018,10,4,28,b u n,68.455
2018,10,4,32,b m n,66.47
2018,10,4,33,u m n+p,10.25
2018,10,4,34,u m c,58.34
2018,10,4,35,u m p,55.78
2018,10,4,36,u m n,9.615
2018,10,4,37,u u n+p,52.36
2018,10,4,38,u u c,5.785
2018,10,4,39,u u p,52.985
2018,10,4,40,u u n,28.575
2018,10,4,41,b u n,71.71
2018,10,4,42,b u c,47.945
2018,10,4,43,b u p,33.32
2018,10,4,44,b u n+p,39.4
2018,10,4,45,b m n,79.595
2018,10,4,51,b m p,28.205
2018,10,4,52,b m c,41.66
2018,10,4,53,b u n+p,84.61
2018,10,4,54,b u n,85.27
2018,10,4,55,b u p,46.265
2018,10,4,56,b u c,39.5
2018,10,4,57,u u c,15.74
2018,10,4,58,u u n+p,12.2
2018,10,4,59,u u p,13.495
2018,10,4,60,u u n,30.445
2018,10,4,61,u m c,74.6
2018,10,4,62,u m n+p,22.74
2018,10,4,63,u m p,18.69
2018,10,4,64,u m n,21.075
2018,10,10,9,b m c,204.94
2018,10,10,10,b m p,20.915
2018,10,10,12,b m n,114.615
2018,10,10,29,b m c,199.2
2018,10,10,30,b m n+p,75.59
2018,10,10,31,b m p,64.98
2018,10,10,32,b m n,66.04
2018,10,10,46,b m c,86.17
2018,10,10,47,b m p,79.12
2018,10,10,48,b m n+p,109.305
2018,10,10,49,b m n+p,40.07
2018,10,10,50,b m n,68.26
2019,9,16,1,u u n,17.025
2019,9,16,2,u u c,20.4
2019,9,16,3,u u p,2.585
2019,9,16,4,u u n+p,45.485
2019,9,16,5,u m n,17.025
2019,9,16,6,u m c,65.145
2019,9,16,7,u m p,134.905
2019,9,16,8,u m n+p,37.91
2019,9,16,13,b u c,52.735
2019,9,16,14,b u p,69.89
2019,9,16,15,b u n+p,103.34
2019,9,16,16,b u n,96.615
2019,9,16,17,u u n+p,49.57
2019,9,16,18,u u n,47.73
2019,9,16,19,u u p,125.905
2019,9,16,20,u u c,6.06
2019,9,16,21,u m n+p,65.86
2019,9,16,22,u m n,51.32
2019,9,16,23,u m p,23.33
2019,9,16,24,u m c,9.005
2019,9,16,25,b u c,57.19
2019,9,16,26,b u n+p,89.06
2019,9,16,27,b u p,105.11
2019,9,16,28,b u n,140.135
2019,9,16,33,u m n+p,10.885
2019,9,16,34,u m c,44.54
2019,9,16,35,u m p,13.85
2019,9,16,36,u m n,54.315
2019,9,16,37,u u n+p,40.38
2019,9,16,38,u u c,16.98
2019,9,16,39,u u p,14.725
2019,9,16,40,u u n,5.225
2019,9,16,41,b u n,175.025
2019,9,16,42,b u c,51.75
2019,9,16,43,b u p,53.715
2019,9,16,44,b u n+p,153.945
2019,9,17,9,b m c,191.185
2019,9,17,10,b m p,180.29
2019,9,17,11,b m n+p,89.45
2019,9,17,12,b m n,118.63
2019,9,17,29,b m c,126.37
2019,9,17,30,b m n+p,131.49
2019,9,17,31,b m p,98.745
2019,9,17,32,b m n,261.37
2019,9,17,45,b m n,90.22
2019,9,17,46,b m c,25.975
2019,9,17,47,b m p,123.025
2019,9,17,48,b m n+p,149.82
2019,9,17,49,b m n+p,58.495
2019,9,17,50,b m n,82.51
2019,9,17,51,b m p,66.395
2019,9,17,52,b m c,202.66
2019,9,17,53,b u n+p,148.82
2019,9,17,54,b u n,124.245
2019,9,17,55,b u p,59.34
2019,9,17,56,b u c,49.005
2019,9,17,57,u u c,385.925
2019,9,17,58,u u n+p,11.215
2019,9,17,59,u u p,117.93
2019,9,17,60,u u n,22.39
2019,9,17,61,u m c,28.695
2019,9,17,62,u m n+p,98.765
2019,9,17,63,u m p,59.5
2019,9,17,64,u m n,134.535
2020,9,30,1,u u n,30.535
2020,9,30,2,u u c,9.295
2020,9,30,3,u u p,0.155
2020,9,30,4,u u n+p,42.27
2020,9,30,5,u m n,20.96
2020,9,30,6,u m c,78.545
2020,9,30,7,u m p,102.78
2020,9,30,8,u m n+p,29.01
2020,9,30,9,b m c,92.015
2020,9,30,10,b m p,75.685
2020,9,30,11,b m n+p,103.675
2020,9,30,12,b m n,142.7
2020,9,30,13,b u c,46.585
2020,9,30,14,b u p,69.245
2020,9,30,15,b u n+p,82.95
2020,9,30,16,b u n,74.89
2020,9,30,17,u u n+p,28.015
2020,9,30,18,u u n,19.39
2020,9,30,19,u u p,5.495
2020,9,30,20,u u c,6.955
2020,9,30,21,u m n+p,69.11
2020,9,30,22,u m n,35.525
2020,9,30,23,u m p,14.95
2020,9,30,24,u m c,12.64
2020,9,30,25,b u c,51.8
2020,9,30,26,b u n+p,145.875
2020,9,30,27,b u p,56.81
2020,9,30,28,b u n,85.585
2020,9,30,29,b m c,75.305
2020,9,30,30,b m n+p,127.385
2020,9,30,31,b m p,88.12
2020,9,30,32,b m n,318.46
2020,9,30,33,u m n+p,58.55
2020,9,30,34,u m c,28.895
2020,9,30,35,u m p,94.12
2020,9,30,36,u m n,173.12
2020,9,30,37,u u n+p,3.16
2020,9,30,38,u u c,71.095
2020,9,30,39,u u p,1.555
2020,9,30,40,u u n,16.795
2020,9,30,41,b u n,60.135
2020,9,30,42,b u c,81.855
2020,9,30,43,b u p,75.865
2020,9,30,44,b u n+p,186.025
2020,9,30,45,b m n,73.5
2020,9,30,46,b m c,111.765
2020,9,30,47,b m p,87.81
2020,9,30,48,b m n+p,96.125
2020,10,1,49,b m n+p,67.45
2020,10,1,50,b m n,75.44
2020,10,1,51,b m p,93.245
2020,10,1,52,b m c,125.46
2020,10,1,53,b u n+p,112.115
2020,10,1,54,b u n,76.49
2020,10,1,55,b u p,52.515
2020,10,1,56,b u c,59.6
2020,10,1,57,u u c,48.78
2020,10,1,58,u u n+p,17.845
2020,10,1,59,u u p,0.66
2020,10,1,60,u u n,29.085
2020,10,1,61,u m c,34.975
2020,10,1,62,u m n+p,17.105
2020,10,1,63,u m p,95.945
2020,10,1,64,u m n,30.51
2021,9,13,33,u m n+p,24.695
2021,9,13,34,u m c,30.91
2021,9,13,35,u m p,20.18
2021,9,13,36,u m n,83.505
2021,9,13,37,u u n+p,7.315
2021,9,13,38,u u c,8.825
2021,9,13,39,u u p,232.465
2021,9,13,40,u u n,3.535
2021,9,13,41,b u n,63.415
2021,9,13,42,b u c,46.38
2021,9,13,43,b u p,38.95
2021,9,13,44,b u n+p,49.51
2021,9,13,45,b m n,75.15
2021,9,13,49,b m n+p,45.24
2021,9,13,50,b m n,75.03
2021,9,13,53,b u n+p,59.345
2021,9,13,54,b u n,125.185
2021,9,13,55,b u p,47.13
2021,9,13,56,b u c,31.265
2021,9,13,57,u u c,86.97
2021,9,13,58,u u n+p,13.405
2021,9,13,59,u u p,33.1
2021,9,13,60,u u n,37.81
2021,9,13,61,u m c,24.48
2021,9,13,62,u m n+p,4.78
2021,9,13,63,u m p,28.945
2021,9,13,64,u m n,17.6
2021,9,14,1,u u n,11.18
2021,9,14,2,u u c,4.12
2021,9,14,3,u u p,0.41
2021,9,14,4,u u n+p,37.415
2021,9,14,5,u m n,13.575
2021,9,14,6,u m c,24.595
2021,9,14,7,u m p,52.395
2021,9,14,8,u m n+p,61.33
2021,9,14,11,b m n+p,49.99
2021,9,14,13,b u c,27.085
2021,9,14,14,b u p,61.3
2021,9,14,15,b u n+p,71.8
2021,9,14,16,b u n,58.09
2021,9,14,17,u u n+p,23.385
2021,9,14,18,u u n,17.49
2021,9,14,19,u u p,55.995
2021,9,14,20,u u c,1.915
2021,9,14,21,u m n+p,57.805
2021,9,14,22,u m n,14.77
2021,9,14,23,u m p,20.695
2021,9,14,24,u m c,23.405
2021,9,14,25,b u c,50.46
2021,9,14,26,b u n+p,72.09
2021,9,14,27,b u p,52.67
2021,9,14,28,b u n,62.705
