,Year,Creek,Treatment,Replicate,shoot_mass
1,2004,CL,Control,L 1,4.692309474
2,2004,CL,Control,L 2,6.858701739
3,2004,CL,Control,L 3,6.9898
4,2004,CL,Control,R 1,8.595518528
5,2004,CL,Control,R 2,7.51424
6,2004,CL,Control,R 3,8.899450435
7,2004,NE,Enriched,L 1,8.032241667
8,2004,NE,Enriched,L 2,8.418125217
9,2004,NE,Enriched,L 3,5.899769638
10,2004,NE,Enriched,R 1,8.86724
11,2004,NE,Enriched,R 2,7.08396
12,2004,NE,Enriched,R 3,9.75024
13,2004,SW,Enriched,L 1,8.064169091
14,2004,SW,Enriched,L 2,6.844426087
15,2004,SW,Enriched,L 3,6.7868
16,2004,SW,Enriched,R 1,10.08099238
17,2004,SW,Enriched,R 2,10.1092
18,2004,SW,Enriched,R 3,6.843182971
19,2004,WE,Control,L 1,6.521952569
20,2004,WE,Control,L 2,4.83643
21,2004,WE,Control,L 3,6.661810766
22,2004,WE,Control,R 1,4.919437879
23,2004,WE,Control,R 2,4.726020523
24,2004,WE,Control,R 3,6.575179876
25,2005,CL,Control,L 1,7.334465
26,2005,CL,Control,L 2,8.743213913
27,2005,CL,Control,L 3,9.587662609
28,2005,CL,Control,R 1,9.712903077
29,2005,CL,Control,R 2,9.90950963
30,2005,CL,Control,R 3,10.67633123
31,2005,NE,Enriched,L 1,8.142805
32,2005,NE,Enriched,L 2,10.30623826
33,2005,NE,Enriched,L 3,8.115481667
34,2005,NE,Enriched,R 1,10.45840348
35,2005,NE,Enriched,R 2,8.501745
36,2005,NE,Enriched,R 3,10.75768
37,2005,SW,Enriched,L 1,8.05184
38,2005,SW,Enriched,L 2,7.495439599
39,2005,SW,Enriched,L 3,7.042329815
40,2005,SW,Enriched,R 1,8.891066154
41,2005,SW,Enriched,R 2,9.209783077
42,2005,SW,Enriched,R 3,6.238194164
43,2005,WE,Control,L 1,7.31708
44,2005,WE,Control,L 2,8.899776484
45,2005,WE,Control,L 3,7.563231322
46,2005,WE,Control,R 1,6.022856561
47,2005,WE,Control,R 2,8.374121739
48,2005,WE,Control,R 3,7.467156923
49,2006,CL,Control,L 1,7.500482324
50,2006,CL,Control,L 2,5.509823678
51,2006,CL,Control,L 3,6.678192821
52,2006,CL,Control,R 1,9.01253023
53,2006,CL,Control,R 2,6.796942482
54,2006,CL,Control,R 3,10.30520899
55,2006,NE,Enriched,L 1,8.449701675
56,2006,NE,Enriched,L 2,10.57254346
57,2006,NE,Enriched,L 3,5.757423619
58,2006,NE,Enriched,R 1,11.08420833
59,2006,NE,Enriched,R 2,8.849688062
60,2006,NE,Enriched,R 3,0.968104883
61,2006,SW,Enriched,L 1,8.554869306
62,2006,SW,Enriched,L 2,7.80528239
63,2006,SW,Enriched,L 3,9.268419619
64,2006,SW,Enriched,R 1,9.608421366
65,2006,SW,Enriched,R 2,6.982894545
66,2006,SW,Enriched,R 3,8.962553757
67,2006,WE,Control,L 1,7.429461461
68,2006,WE,Control,L 2,10.23538645
69,2006,WE,Control,L 3,8.361154965
70,2006,WE,Control,R 1,7.006889683
71,2006,WE,Control,R 2,9.720880904
72,2006,WE,Control,R 3,8.402118542
73,2007,SW,Enriched,L 1,8.647525217
74,2007,SW,Enriched,L 2,8.488038519
75,2007,SW,Enriched,L 3,7.586956667
76,2007,SW,Enriched,R 1,8.972513618
77,2007,SW,Enriched,R 2,8.96594
78,2007,SW,Enriched,R 3,7.96576
79,2007,WE,Control,L 1,7.31794
80,2007,WE,Control,L 2,8.898
81,2007,WE,Control,L 3,7.95172
82,2007,WE,Control,R 1,4.914325783
83,2007,WE,Control,R 2,6.999653913
84,2007,WE,Control,R 3,7.997078333
85,2008,SW,Enriched,L 1,7.951258958
86,2008,SW,Enriched,L 2,10.05384
87,2008,SW,Enriched,L 3,6.854312692
88,2008,SW,Enriched,R 1,8.346216667
89,2008,SW,Enriched,R 2,5.950135
90,2008,SW,Enriched,R 3,6.294947692
91,2008,WE,Control,L 1,6.607582609
92,2008,WE,Control,L 2,5.806745
93,2008,WE,Control,L 3,5.440575
94,2008,WE,Control,R 1,4.30648119
95,2008,WE,Control,R 2,6.071813986
96,2008,WE,Control,R 3,4.328419048
97,2009,CL,Control,L 1,6.707791667
98,2009,CL,Control,L 2,6.52312
99,2009,CL,Control,L 3,6.83152
100,2009,CL,Control,L 4,7.33468
101,2009,NE,Enriched,R 1,5.874686132
102,2009,NE,Enriched,R 2,9.05672
103,2009,NE,Enriched,R 3,6.672798261
104,2009,NE,Enriched,R 4,7.18948
105,2009,SW,Enriched,L 1,9.098
106,2009,SW,Enriched,L 2,7.4388
107,2009,SW,Enriched,L 3,6.608390769
108,2009,SW,Enriched,L 4,8.97588
109,2009,SW,Enriched,R 1,8.408401905
110,2009,SW,Enriched,R 2,6.97608
111,2009,SW,Enriched,R 3,7.52572
112,2009,SW,Enriched,R 4,6.353873333
113,2009,WE,Control,L 1,5.59240197
114,2009,WE,Control,L 2,6.43
115,2009,WE,Control,L 3,6.88832
116,2009,WE,Control,L 4,6.92556
117,2009,WE,Control,R 1,5.63456
118,2009,WE,Control,R 2,7.20788
119,2009,WE,Control,R 3,7.05748
120,2009,WE,Control,R 4,5.95056
121,2010,CL,Control,R 1,9.10584
122,2010,CL,Control,R 2,6.454504242
123,2010,CL,Control,R 3,8.10628
124,2010,NE,Enriched,L 1,6.992616667
125,2010,NE,Enriched,L 2,5.54524
126,2010,NE,Enriched,L 3,7.517593684
127,2010,SW,Enriched,L 1,8.059431667
128,2010,SW,Enriched,L 2,7.180406667
129,2010,SW,Enriched,L 3,7.346958333
130,2010,SW,Enriched,R 1,10.8577882
131,2010,SW,Enriched,R 2,8.475857029
132,2010,SW,Enriched,R 3,8.067641667
133,2010,WE,Control,L 1,7.302751522
134,2010,WE,Control,L 2,7.993427273
135,2010,WE,Control,L 3,6.793321159
136,2010,WE,Control,R 1,7.368058333
137,2010,WE,Control,R 2,0.870912381
138,2010,WE,Control,R 3,8.471679654
139,2011,CL,Control,R 1,8.573685
140,2011,CL,Control,R 2,6.94464
141,2011,CL,Control,R 3,6.896
142,2011,NE,Enriched,L 1,7.836658333
143,2011,NE,Enriched,L 2,7.84004
144,2011,NE,Enriched,L 3,7.905981667
145,2011,SW,Enriched,L 1,6.56728
146,2011,SW,Enriched,L 2,6.96432
147,2011,SW,Enriched,L 3,8.49008
148,2011,SW,Enriched,R 1,8.995
149,2011,SW,Enriched,R 2,8.337313043
150,2011,SW,Enriched,R 3,7.08892
151,2011,WE,Control,L 1,6.79548
152,2011,WE,Control,L 2,7.884621667
153,2011,WE,Control,L 3,6.94068
154,2011,WE,Control,R 1,7.0896
155,2011,WE,Control,R 2,6.75524
156,2011,WE,Control,R 3,6.30044
157,2012,CL,Control,R 1,5.60244
158,2012,CL,Control,R 2,5.489228333
159,2012,CL,Control,R 3,5.83256
160,2012,NE,Enriched,L 1,5.2884
161,2012,NE,Enriched,L 2,5.408366667
162,2012,NE,Enriched,L 3,5.61312
163,2012,SW,Enriched,L 1,6.1236
164,2012,SW,Enriched,L 2,6.19944
165,2012,SW,Enriched,L 3,5.69188
166,2012,SW,Enriched,R 1,6.24092
167,2012,SW,Enriched,R 2,4.55916
168,2012,SW,Enriched,R 3,6.723
169,2012,WE,Control,L  1,6.41832
170,2012,WE,Control,L  2,5.70096
171,2012,WE,Control,L  3,5.13976
172,2012,WE,Control,R 1,4.52
173,2012,WE,Control,R 2,5.66996
174,2012,WE,Control,R 3,6.27528
175,2013,CL,Control,R 1,6.393526818
176,2013,CL,Control,R 2,6.614582899
177,2013,CL,Control,R 3,8.033667424
178,2013,NE,Enriched,L 1,8.449785064
179,2013,NE,Enriched,L 2,7.63912303
180,2013,NE,Enriched,L 3,5.328791667
181,2013,SW,Enriched,L 1,4.887368182
182,2013,SW,Enriched,L 2,6.609478623
183,2013,SW,Enriched,L 3,4.625714286
184,2013,SW,Enriched,R 1,4.942653913
185,2013,SW,Enriched,R 2,5.341771111
186,2013,SW,Enriched,R 3,4.701724762
187,2013,WE,Control,L 1,6.376513333
188,2013,WE,Control,L 2,5.729654545
189,2013,WE,Control,L 3,4.564041739
190,2013,WE,Control,R 1,5.328735404
191,2013,WE,Control,R 2,5.827479825
192,2013,WE,Control,R 3,6.413102857
193,2014,CL,Control,R 1,7.15764
194,2014,CL,Control,R 2,6.09672
195,2014,CL,Control,R 3,6.74528
196,2014,NE,Enriched,L 1,8.69592
197,2014,NE,Enriched,L 2,6.95228
198,2014,NE,Enriched,L 3,5.04516
199,2014,SW,Enriched,L 1,6.87632
200,2014,SW,Enriched,L 2,7.429376667
201,2014,SW,Enriched,L 3,5.96296
202,2014,SW,Enriched,R 1,6.251025
203,2014,SW,Enriched,R 2,6.82648
204,2014,SW,Enriched,R 3,5.15772
205,2014,WE,Control,L 1,6.21536
206,2014,WE,Control,L 2,6.29238
207,2014,WE,Control,L 3,4.25692
208,2014,WE,Control,R 1,5.12535
209,2014,WE,Control,R 2,6.57228
210,2014,WE,Control,R 3,5.82996
211,2015,CL,Control,R 1,6.78828
212,2015,CL,Control,R 2,4.87868
213,2015,CL,Control,R 3,7.89148
214,2015,NE,Enriched,L 1,6.75352
215,2015,NE,Enriched,L 2,4.98824
216,2015,NE,Enriched,L 3,5.14056
217,2015,SW,Enriched,L 1,6.7744
218,2015,SW,Enriched,L 2,5.9094
219,2015,SW,Enriched,L 3,6.6408
220,2015,SW,Enriched,R 1,8.93476
221,2015,SW,Enriched,R 2,5.18512
222,2015,SW,Enriched,R 3,7.11284
223,2015,WE,Control,L 1,6.11976
224,2015,WE,Control,L 2,7.0798
225,2015,WE,Control,L 3,7.55832
226,2015,WE,Control,R 1,5.16748
227,2015,WE,Control,R 2,6.05284
228,2015,WE,Control,R 3,6.54568
229,2016,CL,Control,R 1,7.4062
230,2016,CL,Control,R 2,6.59808
231,2016,CL,Control,R 3,7.989855
232,2016,NE,Enriched,L 1,5.325344348
233,2016,NE,Enriched,L 2,4.4662
234,2016,NE,Enriched,L 3,4.27752
235,2016,SW,Enriched,L 1,11.30765895
236,2016,SW,Enriched,L 2,5.392586667
237,2016,SW,Enriched,L 3,8.56124
238,2016,SW,Enriched,R 1,8.06536
239,2016,SW,Enriched,R 2,5.02428
240,2016,SW,Enriched,R 3,6.01416
241,2016,WE,Control,L 1,5.085035
242,2016,WE,Control,L 2,4.12136
243,2016,WE,Control,L 3,5.667163333
244,2016,WE,Control,R 1,4.37552
245,2016,WE,Control,R 2,6.01988
246,2016,WE,Control,R 3,5.62288
247,2016,WE ,Control,L 1,0.076208333
248,2016,WE ,Control,L 2,0.07276
249,2016,WE ,Control,L 3,0.09212
250,2016,WE ,Control,R 1,0.0594
251,2016,WE ,Control,R 2,0.03756
252,2016,WE ,Control,R 3,0.10504
253,2017,CL,Control,R 1,7.1604
254,2017,CL,Control,R 2,5.33544
255,2017,CL,Control,R 3,6.66916
256,2017,NE,Enriched,L 1,8.61732
257,2017,NE,Enriched,L 2,4.63076
258,2017,NE,Enriched,L 3,4.41752
259,2017,SW,Enriched,L 1,7.79636
260,2017,SW,Enriched,L 2,7.00716
261,2017,SW,Enriched,L 3,7.01848
262,2017,SW,Enriched,R 1,8.1216
263,2017,SW,Enriched,R 2,6.47624
264,2017,SW,Enriched,R 3,8.5922
265,2017,WE,Control,L 1,5.60164
266,2017,WE,Control,L 2,7.05848
267,2017,WE,Control,L 3,6.7824
268,2017,WE,Control,R 1,5.0426
269,2017,WE,Control,R 2,4.64308
270,2017,WE,Control,R 3,5.03964
271,2018,CL,Control,R 1,5.33132
272,2018,CL,Control,R 2,5.18672
273,2018,CL,Control,R 3,5.85232
274,2018,NE,Enriched,L 1,3.64832
275,2018,NE,Enriched,L 2,3.39884
276,2018,NE,Enriched,L 3,4.5082
277,2018,SW,Enriched,L 1,4.67808
278,2018,SW,Enriched,L 2,5.4002
279,2018,SW,Enriched,L 3,4.91616
280,2018,SW,Enriched,R 1,9.494455758
281,2018,SW,Enriched,R 2,4.58096
282,2018,SW,Enriched,R 3,4.69556
283,2018,WE,Control,L 1,6.29116
284,2018,WE,Control,L 2,6.42176
285,2018,WE,Control,L 3,7.20464
286,2018,WE,Control,R 1,2.75936
287,2018,WE,Control,R 2,4.22804
288,2018,WE,Control,R 3,4.65016
289,2019,CL,Control,R 1,5.897
290,2019,CL,Control,R 2,5.85212
291,2019,CL,Control,R 3,6.30644
292,2019,NE,Enriched,L 1,5.94048
293,2019,NE,Enriched,L 2,5.26132
294,2019,NE,Enriched,L 3,5.00484
295,2019,SW,Enriched,L 1,5.95824
296,2019,SW,Enriched,L 2,6.77376
297,2019,SW,Enriched,L 3,7.6298
298,2019,SW,Enriched,R 1,8.2386
299,2019,SW,Enriched,R 2,5.93952
300,2019,SW,Enriched,R 3,7.19704
301,2019,WE,Control,L 1,5.788
302,2019,WE,Control,L 2,5.7778
303,2019,WE,Control,L 3,4.54552
304,2019,WE,Control,R 1,5.43136
305,2019,WE,Control,R 2,5.64744
306,2019,WE,Control,R 3,5.1568
307,2020,CL,Control,R 1,5.47776
308,2020,CL,Control,R 2,5.31432
309,2020,CL,Control,R 3,6.0104
310,2020,NE,Enriched,L 1,6.17072
311,2020,NE,Enriched,L 2,5.88976
312,2020,NE,Enriched,L 3,4.5516
313,2020,SW,Enriched,L 1,6.51136
314,2020,SW,Enriched,L 2,5.71712
315,2020,SW,Enriched,L 3,5.37796
316,2020,SW,Enriched,R 1,7.04332
317,2020,SW,Enriched,R 2,3.8956
318,2020,SW,Enriched,R 3,4.79424
319,2020,WE,Control,R 1,4.42384
320,2020,WE,Control,R 2,6.47532
321,2020,WE,Control,R 3,5.09944
