"Date","Plot","Grazed","total_mass"
"2004",1,"g",84.802
"2004",2,"ug",145
"2004",8,"ug",79.08
"2004",10,"ug",93.53
"2004",11,"g",92.832
"2004",11,"ug",77.732
"2004",13,"ug",161.518
"2004",15,"ug",148.696
"2004",19,"ug",129.8
"2004",21,"ug",35.034
"2004",23,"ug",129.366
"2004",27,"g",60.334
"2004",29,"ug",137.6
"2004",31,"ug",176.036
"2004",32,"ug",111.268
"2004",42,"g",69.634
"2004",42,"ug",98.698
"2004",44,"ug",129.622
"2004",45,"ug",62.766
"2004",52,"ug",87.502
"2004",54,"g",100.98
"2004",55,"g",27.518
"2004",55,"ug",63.234
"2004",56,"ug",226.234
"2004",59,"ug",246.33
"2004",62,"ug",83.602
"2004",68,"ug",91.9
"2004",70,"ug",65.632
"2004",71,"g",73.368
"2004",71,"ug",114.132
"2004",73,"g",64.234
"2004",74,"g",94.334
"2004",77,"g",18.868
"2004",79,"g",39.006
"2004",79,"ug",31.002
"2004",81,"g",88.766
"2004",82,"g",146.734
"2004",83,"g",97.67
"2004",83,"ug",127.502
"2004",85,"g",72.218
"2004",86,"g",149.718
"2004",89,"ug",144.332
"2004",94,"ug",167.002
"2004",95,"g",119.424
"2004",100,"g",69.798
"2004",102,"g",78.134
"2004",102,"ug",190.93
"2004",103,"g",114.4
"2004",103,"ug",155.698
"2004",109,"g",98.436
"2004",109,"ug",102.274
"2004",110,"g",119.5
"2004",111,"g",102.498
"2004",115,"g",48.93
"2004",115,"ug",88.302
"2004",116,"ug",124.868
"2004",118,"ug",110.764
"2004",120,"g",83.406
"2004",120,"ug",86.866
"2004",122,"ug",169.198
"2004",123,"g",158.366
"2004",124,"ug",142.3
"2004",126,"g",56.466
"2004",134,"g",112.798
"2004",135,"g",127.702
"2004",137,"ug",125.4
"2004",138,"ug",40.032
"2004",139,"ug",98.668
"2004",140,"g",126.166
"2004",141,"g",5.31
"2004",141,"ug",63.366
"2004",142,"ug",101.558
"2004",143,"g",26
"2004",143,"ug",74.066
"2004",144,"g",41.936
"2004",4,"g",188.202
"2004",6,"g",59.172
"2004",7,"g",192.03
"2004",13,"g",154.002
"2004",14,"g",94.7
"2004",25,"g",64.766
"2004",38,"g",79.158
"2004",45,"g",71.264
"2004",47,"g",61.966
"2004",50,"g",30.068
"2004",51,"g",63.868
"2004",52,"g",43.032
"2004",53,"g",48.498
"2004",56,"g",206.834
"2004",72,"g",48.6
"2004",75,"g",99.4
"2004",76,"g",76.32
"2004",78,"g",210.5
"2004",80,"g",55.636
"2004",84,"g",175.964
"2004",89,"g",131.332
"2004",96,"g",74.934
"2004",99,"g",49.934
"2004",101,"g",100.914
"2004",104,"g",103.634
"2004",105,"g",50.902
"2004",106,"g",139.232
"2004",107,"g",138.502
"2004",112,"g",53.932
"2004",113,"g",29.17
"2004",114,"g",113.004
"2004",116,"g",184.548
"2004",117,"g",96.996
"2004",118,"g",67
"2004",119,"g",38.964
"2004",121,"g",115.866
"2004",124,"g",136.432
"2004",125,"g",56.734
"2004",136,"g",63.934
"2004",139,"g",87.168
"2004",145,"g",75.802
"2004",146,"g",68.464
"2004",16,"g",108.1
"2004",19,"g",126.094
"2004",20,"g",19.07
"2004",22,"g",19.336
"2004",23,"g",34.566
"2004",24,"g",53.7
"2004",26,"g",140.736
"2004",28,"g",87.7
"2004",87,"g",75.95
"2004",88,"g",176.932
"2004",90,"g",38.834
"2004",92,"g",19.566
"2004",93,"g",182.636
"2004",94,"g",88.058
"2004",97,"g",94.816
"2004",122,"g",189.198
"2004",127,"g",74.984
"2004",137,"g",93.034
"2004",138,"g",78.3
"2004",142,"g",114.868
"2004",147,"g",83.534
"2004",8,"g",17.114
"2004",10,"g",60.528
"2004",29,"g",48.324
"2004",33,"g",70.598
"2004",40,"g",89.028
"2004",43,"g",155.048
"2004",48,"g",80.076
"2004",61,"g",55.222
"2004",70,"g",112.998
"2004",129,"g",44.8
"2004",2,"g",0.69
"2004",3,"g",0.102
"2004",5,"g",0.248
"2004",12,"g",0.968
"2004",15,"g",0.056
"2004",17,"g",0.65
"2004",21,"g",1.422
"2004",35,"g",128.898
"2004",37,"g",0.448
"2004",39,"g",0.828
"2004",49,"g",0.95
"2004",57,"g",126.586
"2004",60,"g",169.304
"2004",63,"g",99.892
"2004",64,"g",114.182
"2004",67,"g",0.56
"2004",69,"g",107.346
"2004",98,"g",0.606
"2004",132,"g",0.424
"2004",9,"g",0.07
"2004",30,"g",0.738
"2004",32,"g",0.656
"2004",41,"g",0.03
"2004",59,"g",0.586
"2004",62,"g",0.366
"2004",65,"g",0.09
"2004",130,"g",0.696
"2004",34,"g",163.03
"2004",66,"g",69.016
"2004",108,"g",88.904
"2005",1,"g",451.08
"2005",2,"g",415.44
"2005",3,"g",114.38
"2005",4,"g",347.56
"2005",5,"g",356
"2005",6,"g",159.72
"2005",7,"g",318
"2005",8,"g",244.81
"2005",9,"g",209.2
"2005",10,"g",393.1
"2005",12,"g",450
"2005",15,"g",451.9
"2005",16,"g",327.7
"2005",17,"g",429.7
"2005",18,"g",164.5
"2005",19,"g",470.46
"2005",20,"g",156.78
"2005",21,"g",60.2
"2005",22,"g",131
"2005",23,"g",219.3
"2005",24,"g",187.7
"2005",27,"g",317.02
"2005",28,"g",293.38
"2005",29,"g",258.6
"2005",30,"g",305.9
"2005",31,"g",497.2
"2005",32,"g",489.4
"2005",33,"g",462.4
"2005",34,"g",379
"2005",35,"g",449.3
"2005",36,"g",111.4
"2005",37,"g",128.5
"2005",38,"g",415.7
"2005",40,"g",363.92
"2005",42,"g",324.52
"2005",43,"g",194.52
"2005",45,"g",202.3
"2005",46,"g",622.6
"2005",50,"g",112.64
"2005",51,"g",87.88
"2005",62,"g",426.2
"2005",63,"g",170.1
"2005",2,"ug",410.94
"2005",4,"ug",238.8
"2005",5,"ug",685.7
"2005",6,"ug",481.06
"2005",7,"ug",265.34
"2005",8,"ug",381
"2005",9,"ug",258.1
"2005",10,"ug",785.2
"2005",11,"g",544.26
"2005",11,"ug",191.4
"2005",12,"ug",215.3
"2005",13,"g",750.26
"2005",13,"ug",523.2
"2005",14,"g",424
"2005",15,"ug",556.5
"2005",16,"ug",436.6
"2005",18,"ug",222.62
"2005",19,"ug",568.1
"2005",20,"ug",153.1
"2005",21,"ug",92.2
"2005",23,"ug",504
"2005",24,"ug",238.2
"2005",25,"g",188.88
"2005",25,"ug",101.8
"2005",26,"g",293.71
"2005",26,"ug",823.6
"2005",29,"ug",202.9
"2005",31,"ug",298.9
"2005",32,"ug",445.1
"2005",33,"ug",301.9
"2005",34,"ug",126.2
"2005",35,"ug",257.36
"2005",36,"ug",168.5
"2005",37,"ug",425.46
"2005",38,"ug",245.1
"2005",39,"g",505.64
"2005",40,"ug",483.8
"2005",41,"g",256.7
"2005",41,"ug",204.8
"2005",42,"ug",141.9
"2005",44,"g",377.3
"2005",47,"g",466.06
"2005",48,"g",219.3
"2005",49,"g",155.3
"2005",52,"g",292
"2005",53,"g",151.8
"2005",54,"g",86.4
"2005",54,"ug",275.6
"2005",55,"g",132.3
"2005",56,"g",234.56
"2005",57,"g",282.2
"2005",58,"g",345.92
"2005",59,"g",233.9
"2005",60,"g",783.08
"2005",61,"g",285.4
"2005",64,"g",456.6
"2005",65,"g",185.7
"2005",66,"g",357.2
"2005",68,"g",208.38
"2005",69,"g",211.1
"2005",70,"g",250.3
"2005",71,"g",118.2
"2005",72,"g",153.1
"2005",73,"g",139.56
"2005",74,"g",272.9
"2005",75,"g",192.7
"2005",76,"g",233.4
"2005",77,"g",137.1
"2005",78,"g",376.3
"2005",79,"g",72.36
"2005",80,"g",193.84
"2005",81,"g",191
"2005",82,"g",313.74
"2005",83,"g",294.2
"2005",84,"g",293.6
"2005",85,"g",380.1
"2005",86,"g",120.3
"2005",87,"g",203
"2005",88,"g",307.34
"2005",89,"g",261.08
"2005",90,"g",79.64
"2005",91,"g",277.3
"2005",92,"g",71.8
"2005",93,"g",271.5
"2005",94,"g",329.5
"2005",95,"g",243.8
"2005",96,"g",270.2
"2005",97,"g",132.1
"2005",98,"g",155.8
"2005",99,"g",451.5
"2005",100,"g",180.4
"2005",101,"g",460.1
"2005",102,"g",865.4
"2005",103,"g",156.1
"2005",104,"g",350.6
"2005",105,"g",105.38
"2005",106,"g",257.2
"2005",107,"g",326.8
"2005",108,"g",172.9
"2005",109,"g",246.6
"2005",110,"g",333.78
"2005",111,"g",239
"2005",112,"g",135.96
"2005",113,"g",237.26
"2005",114,"g",44.9
"2005",116,"g",358
"2005",118,"g",207.14
"2005",119,"g",115.94
"2005",120,"g",233.1
"2005",121,"g",206.58
"2005",122,"g",314.96
"2005",123,"g",446.8
"2005",124,"g",494.4
"2005",125,"g",251.6
"2005",126,"g",380
"2005",127,"g",488.26
"2005",128,"g",160.7
"2005",129,"g",515.5
"2005",130,"g",288.1
"2005",131,"g",306.8
"2005",132,"g",262.1
"2005",133,"g",424.16
"2005",134,"g",300.1
"2005",135,"g",183.8
"2005",136,"g",301.3
"2005",137,"g",520.7
"2005",138,"g",372.6
"2005",139,"g",261.5
"2005",140,"g",167.4
"2005",141,"g",134.9
"2005",142,"g",237.28
"2005",143,"g",257.4
"2005",144,"g",275
"2005",145,"g",225
"2005",146,"g",210.8
"2005",147,"g",259.8
"1996",1,"pre",824.1
"1996",2,"pre",766.6
"1996",3,"pre",156
"1996",4,"pre",526.4
"1996",5,"pre",768.2
"1996",6,"pre",305.7
"1996",7,"pre",351.3
"1996",8,"pre",625.7
"1996",9,"pre",80.1
"1996",10,"pre",22.7
"1996",11,"pre",251.7
"1996",12,"pre",146.1
"1996",13,"pre",234.7
"1996",14,"pre",1741.5
"1996",15,"pre",587.8
"1996",16,"pre",924.2
"1996",17,"pre",699.6
"1996",18,"pre",209.8
"1996",19,"pre",272
"1996",20,"pre",143.7
"1996",21,"pre",146.3
"1996",22,"pre",241.2
"1996",23,"pre",358.4
"1996",24,"pre",326.7
"1996",25,"pre",34.4
"1996",26,"pre",702.9
"1996",27,"pre",938
"1996",28,"pre",718.8
"1996",29,"pre",503.4
"1996",30,"pre",432.6
"1996",31,"pre",240.1
"1996",32,"pre",1373.8
"1996",33,"pre",901.4
"1996",34,"pre",827.9
"1996",35,"pre",413.2
"1996",36,"pre",61
"1996",37,"pre",298.7
"1996",38,"pre",122.8
"1996",39,"pre",273.9
"1996",40,"pre",367.2
"1996",41,"pre",432.3
"1996",42,"pre",340.5
"1996",43,"pre",27.2
"1996",44,"pre",384.9
"1996",45,"pre",933.5
"1996",46,"pre",617.7
"1996",47,"pre",711.2
"1996",48,"pre",1190.2
"1996",49,"pre",442.9
"1996",50,"pre",285.8
"1996",51,"pre",282.9
"1996",52,"pre",177.2
"1996",53,"pre",408
"1996",54,"pre",365.2
"1996",55,"pre",1228.4
"1996",56,"pre",243.7
"1996",57,"pre",709.1
"1996",58,"pre",473
"1996",59,"pre",134.5
"1996",60,"pre",765.9
"1996",61,"pre",578.3
"1996",62,"pre",579.8
"1996",63,"pre",364.5
"1996",64,"pre",250.3
"1996",65,"pre",94
"1996",66,"pre",103.9
"1996",67,"pre",623
"1996",68,"pre",509.1
"1996",69,"pre",298.5
"1996",70,"pre",899.2
"1996",71,"pre",406.3
"2004",12,"g",94.612
"2004",30,"g",93.168
"2004",31,"g",206.034
"2004",36,"g",24.562
"2004",41,"g",146.3
"2004",62,"g",43.868
"2004",68,"g",70.4
"2004",91,"g",110.692
"2004",128,"g",18.138
"2004",133,"g",70
"1998",1,"pre",1172.1
"1998",2,"pre",808.8
"1998",3,"pre",359.95
"1998",4,"pre",431.1
"1998",5,"pre",1655.1
"1998",6,"pre",703.7
"1998",7,"pre",1040.25
"1998",8,"pre",418.7
"1998",9,"pre",501.69
"1998",10,"pre",981
"1998",11,"pre",252.852
"1998",12,"pre",289.166
"1998",13,"pre",573.056
"1998",14,"pre",1651.2
"1998",15,"pre",1013.6
"1998",16,"pre",560.85
"1998",17,"pre",1176.05
"1998",18,"pre",1029.9
"1998",19,"pre",868.85
"1998",20,"pre",510.244
"1998",21,"pre",159.2
"1998",22,"pre",172.65
"1998",23,"pre",256.3
"1998",24,"pre",1063.16
"1998",25,"pre",288.738
"1998",26,"pre",1683.816
"1998",27,"pre",685.324
"1998",28,"pre",1401.446
"1998",29,"pre",814.53
"1998",30,"pre",860.2
"1998",31,"pre",958.55
"1998",32,"pre",1659
"1998",33,"pre",1187.27
"1998",34,"pre",1373.576
"1998",35,"pre",542.25
"1998",36,"pre",64.462
"1998",37,"pre",698.55
"1998",38,"pre",466.05
"1998",39,"pre",348.566
"1998",40,"pre",767.7
"1998",41,"pre",745.55
"1998",42,"pre",988
"1998",43,"pre",291.9
"1998",44,"pre",649.75
"1998",45,"pre",1220.236
"1998",46,"pre",1056.602
"1998",47,"pre",1539.75
"1998",48,"pre",771.75
"1998",49,"pre",534.496
"1998",51,"pre",296.35
"1998",52,"pre",1062.15
"1998",53,"pre",713.6
"1998",54,"pre",469.7
"1998",62,"pre",466.86
"1998",63,"pre",451.3
"1998",64,"pre",503.75
"1998",65,"pre",240.46
"1998",66,"pre",99.6
"1998",67,"pre",1720.1
"1998",69,"pre",1599.15
"1998",70,"pre",1605.806
"1998",75,"pre",1060.35
"1998",76,"pre",1099.636
"1998",77,"pre",345.5
"1998",78,"pre",1991.75
"2005",67,"g",254.4
"2005",115,"g",222.46
"2005",117,"g",468.5
"1996",72,"pre",652.5
"1996",73,"pre",257.7
"1996",74,"pre",299.9
"1996",75,"pre",423.2
"1996",76,"pre",631
"1996",77,"pre",376.3
"1996",78,"pre",391
"1996",79,"pre",81.2
"1996",80,"pre",751.4
"1996",81,"pre",117.9
"1996",82,"pre",1167
"1996",83,"pre",343.4
"1996",84,"pre",1311.3
"1996",85,"pre",382.8
"1996",86,"pre",655.9
"1996",87,"pre",851.3
"1996",88,"pre",736.4
"1996",89,"pre",548.8
"1996",90,"pre",124.9
"1996",91,"pre",615
"1996",92,"pre",165.6
"1996",93,"pre",472.3
"1996",94,"pre",521.6
"1996",95,"pre",673.7
"1996",96,"pre",536.8
"1996",97,"pre",708.1
"1996",98,"pre",817.6
"1996",99,"pre",813.3
"1996",100,"pre",267.4
"1996",101,"pre",344.6
"1996",102,"pre",309.3
"1996",103,"pre",2095.6
"1996",104,"pre",503.5
"1996",105,"pre",322.6
"1996",106,"pre",1473.5
"1996",107,"pre",1501.2
"1996",108,"pre",428.5
"1996",109,"pre",897.5
"1996",110,"pre",301.5
"1996",111,"pre",276.6
"1996",112,"pre",933.9
"1996",113,"pre",75.7
"1996",114,"pre",77.4
"1996",115,"pre",273.4
"1996",116,"pre",1039.6
"1996",117,"pre",659.7
"1996",118,"pre",519.6
"1996",119,"pre",315.6
"1996",120,"pre",337.2
"1996",121,"pre",470.9
"1996",122,"pre",330.8
"1996",123,"pre",760.6
"1996",124,"pre",682.9
"1996",125,"pre",378.2
"1996",126,"pre",840.7
"1996",127,"pre",879.9
"1996",128,"pre",488.4
"1996",129,"pre",682.1
"1996",130,"pre",278.7
"1996",131,"pre",917.8
"1996",132,"pre",353.6
"1996",133,"pre",270.4
"1996",134,"pre",224.6
"1996",135,"pre",562.7
"1996",136,"pre",387.4
"1996",137,"pre",904.5
"1996",138,"pre",870.4
"1996",139,"pre",453.9
"1996",140,"pre",669
"1996",141,"pre",676
"1996",142,"pre",1030.6
"1996",143,"pre",336.1
"1996",144,"pre",465.6
"1996",145,"pre",189.3
"1996",146,"pre",575.2
"1996",147,"pre",101
"2004",64,"ug",28.234
"2004",92,"ug",41.664
"2004",96,"ug",69.866
"2004",97,"ug",68.766
"2004",99,"ug",125.998
"2004",101,"ug",103.432
"2004",105,"ug",55.824
"2004",106,"ug",142.868
"2004",110,"ug",166.558
"2004",121,"ug",151.464
"2004",123,"ug",229.3
"2004",128,"ug",82.198
"2004",129,"ug",134.6
"2004",132,"ug",196.57
"2004",133,"ug",142.24
"2004",134,"ug",71.956
"2004",32,"g",154.2
"2004",44,"g",103.702
"2004",46,"g",152.366
"2004",58,"g",99.9
"2004",59,"g",161.766
"2004",65,"g",94
"2004",130,"g",129.198
"2004",131,"g",103.8
"1997",1,"pre",1083.9
"1997",2,"pre",1156.7
"1997",3,"pre",326.25
"1997",4,"pre",524.31
"1997",5,"pre",1163
"1997",6,"pre",218.4
"1997",7,"pre",687.69
"1997",8,"pre",1044.3
"1997",9,"pre",760.3
"1997",10,"pre",201.35
"1997",11,"pre",151.4
"1997",12,"pre",294.01
"1997",13,"pre",380.51
"1997",14,"pre",1502.41
"1997",15,"pre",796.4
"1997",16,"pre",882.63
"1997",17,"pre",865.7
"1997",19,"pre",860.2
"1997",20,"pre",67.8
"1997",21,"pre",169.7
"1997",22,"pre",250.93
"1997",23,"pre",288.52
"1997",24,"pre",1147.51
"1997",25,"pre",724.4
"1997",26,"pre",647.7
"1997",27,"pre",589.24
"1997",28,"pre",967.3
"1997",30,"pre",890.01
"1997",31,"pre",590.7
"1997",32,"pre",1149.9
"1997",33,"pre",231.04
"1997",35,"pre",132.55
"1997",36,"pre",150.56
"1997",38,"pre",443.65
"1997",39,"pre",422.41
"1997",43,"pre",43.5
"1997",44,"pre",599.61
"1997",45,"pre",512.2
"1997",46,"pre",953.6
"1997",48,"pre",774.9
"1997",49,"pre",290.8
"1997",50,"pre",198.1
"1997",51,"pre",668.44
"1997",52,"pre",746
"1997",53,"pre",569.8
"1997",54,"pre",515.2
"1997",55,"pre",332.03
"1997",56,"pre",699
"1998",50,"pre",609.2
"1998",55,"pre",869.77
"1998",56,"pre",899.85
"1998",57,"pre",974.3
"1998",58,"pre",791.45
"1998",59,"pre",382.35
"1998",60,"pre",852.6
"1998",61,"pre",1012.366
"1998",68,"pre",2678.9
"1998",71,"pre",341.35
"1998",72,"pre",1069.1
"1998",73,"pre",966.65
"1998",74,"pre",1258.6
"1998",79,"pre",961.4
"1998",80,"pre",2687.1
"1998",83,"pre",570.846
"1998",84,"pre",1489.5
"1998",85,"pre",786.45
"1998",86,"pre",1119.706
"1998",87,"pre",2134.592
"1998",88,"pre",2197.95
"1998",89,"pre",1421.75
"1998",90,"pre",209.25
"1998",91,"pre",1415.85
"1998",92,"pre",230.87
"1998",93,"pre",1062.286
"1998",94,"pre",1320.996
"1998",95,"pre",2047.696
"1998",97,"pre",294.716
"1998",98,"pre",1193.612
"1998",119,"pre",442.7
"1998",134,"pre",884.2
"1999",1,"pre",1479.3
"1999",2,"pre",641.95
"1999",3,"pre",387.5
"1999",4,"pre",294.85
"1999",5,"pre",1686.9
"1999",6,"pre",588.6
"1999",7,"pre",919.2
"1999",8,"pre",635.5
"1999",9,"pre",1034.15
"1999",10,"pre",602.2
"1999",11,"pre",584.95
"1999",12,"pre",120.4
"1999",13,"pre",814.85
"1999",14,"pre",1365.1
"1999",15,"pre",825.05
"1999",16,"pre",1582.85
"1999",17,"pre",2330.1
"1999",18,"pre",986.7
"1999",19,"pre",1475.5
"1999",20,"pre",60.25
"1999",21,"pre",252.95
"1999",22,"pre",164.25
"1999",23,"pre",314
"1999",24,"pre",342.85
"1999",25,"pre",307.65
"1999",26,"pre",1497.25
"1999",27,"pre",472.3
"1999",28,"pre",1234.3
"1999",29,"pre",1024.35
"1999",30,"pre",965.85
"1999",31,"pre",715.7
"1999",32,"pre",1738.65
"1999",33,"pre",1099.7
"1999",34,"pre",1092.75
"1999",35,"pre",270.8
"1999",36,"pre",169.5
"1999",37,"pre",739.45
"1999",38,"pre",656.95
"1999",39,"pre",525.6
"1999",40,"pre",1116.3
"1999",41,"pre",815.6
"1999",42,"pre",725.3
"1999",43,"pre",403.2
"1999",44,"pre",637.65
"1999",45,"pre",812.45
"1999",46,"pre",1359.6
"1999",47,"pre",833.5
"1999",48,"pre",561.75
"1999",49,"pre",745.05
"1999",50,"pre",830.45
"1999",51,"pre",830.45
"1999",52,"pre",1232.5
"1999",53,"pre",488.75
"1999",54,"pre",382.95
"1999",55,"pre",1410.1
"1999",56,"pre",306.25
"1999",57,"pre",1194.75
"1999",58,"pre",422.05
"1999",59,"pre",406.25
"1999",60,"pre",998.65
"1999",61,"pre",837.25
"1999",62,"pre",851.85
"1999",63,"pre",510.15
"1999",64,"pre",628.3
"1999",65,"pre",568.75
"1999",66,"pre",110.85
"1999",67,"pre",665.75
"2005",1,"ug",503.7
"2005",3,"ug",71.9
"2005",14,"ug",279
"2005",17,"ug",466
"2005",22,"ug",460.5
"2005",27,"ug",176.9
"2005",28,"ug",380.52
"2005",30,"ug",395.6
"2005",39,"ug",254.9
"2005",43,"ug",144.7
"2005",44,"ug",196.8
"2005",45,"ug",524.3
"2005",46,"ug",522
"2005",47,"ug",198.2
"2005",48,"ug",217
"2005",49,"ug",303.7
"2005",50,"ug",169.8
"2005",51,"ug",400.6
"2005",52,"ug",308.9
"2005",53,"ug",262.3
"2005",55,"ug",162.1
"2005",56,"ug",313.5
"2005",57,"ug",389.24
"2005",58,"ug",300.7
"2005",59,"ug",311.8
"2005",60,"ug",572.36
"2005",61,"ug",703.06
"2005",62,"ug",258.3
"2005",63,"ug",247.94
"2005",64,"ug",243.1
"2005",65,"ug",644.2
"2005",66,"ug",377.54
"2005",67,"ug",228.9
"2005",68,"ug",354.8
"2005",69,"ug",200.86
"2005",70,"ug",203.6
"2005",71,"ug",313.3
"2005",72,"ug",147.6
"2005",73,"ug",248.66
"2005",74,"ug",447.12
"2005",75,"ug",594
"2005",76,"ug",372.8
"2005",77,"ug",154.4
"2005",78,"ug",396.5
"2005",79,"ug",130.62
"2005",80,"ug",477.24
"2005",81,"ug",252.9
"2005",82,"ug",312.2
"2005",83,"ug",468.1
"2005",84,"ug",670.6
"2005",85,"ug",543.6
"2005",86,"ug",169.5
"2005",87,"ug",513.8
"2005",88,"ug",516.7
"2005",89,"ug",448.6
"2005",90,"ug",203.4
"2005",91,"ug",284.34
"2005",92,"ug",116.56
"2005",93,"ug",200.6
"2005",94,"ug",202.52
"2005",95,"ug",286.8
"2005",96,"ug",210.6
"2005",97,"ug",136.84
"2005",98,"ug",137.1
"2005",99,"ug",204.08
"2005",100,"ug",365.5
"2005",101,"ug",157.8
"2005",102,"ug",234.24
"2005",103,"ug",38.1
"2005",104,"ug",228.9
"2005",105,"ug",67.4
"2005",106,"ug",343.3
"2005",107,"ug",327.31
"2005",108,"ug",232.8
"2005",109,"ug",357.5
"2005",110,"ug",338.5
"2005",111,"ug",195.5
"2005",112,"ug",283.8
"2005",113,"ug",411
"2005",114,"ug",189.86
"2005",115,"ug",229.81
"2005",116,"ug",260.8
"2005",117,"ug",245.08
"2005",118,"ug",318.86
"2005",119,"ug",144.9
"2005",120,"ug",214.1
"2005",121,"ug",360.8
"2005",122,"ug",629.9
"2005",123,"ug",414.8
"2005",124,"ug",316.8
"2005",125,"ug",643.3
"2005",126,"ug",148.7
"2005",127,"ug",228.02
"2005",128,"ug",399.1
"2005",129,"ug",297.6
"2005",130,"ug",234.1
"2005",131,"ug",384.5
"2005",132,"ug",269.5
"2005",133,"ug",509
"2005",134,"ug",546.1
"2005",135,"ug",300.54
"2005",136,"ug",367.9
"2005",137,"ug",381.8
"2005",138,"ug",479.9
"2005",139,"ug",660.3
"2005",140,"ug",320.6
"2005",141,"ug",235.9
"2005",142,"ug",286.6
"2005",143,"ug",332.9
"2005",144,"ug",355.2
"2005",145,"ug",349
"2005",146,"ug",350.4
"2005",147,"ug",274.04
"1997",18,"pre",323.33
"1997",29,"pre",967.3
"1997",34,"pre",1170.92
"1997",37,"pre",1294.46
"1997",40,"pre",223.4
"1997",41,"pre",813
"1997",42,"pre",672.7
"1997",47,"pre",567.5
"1997",57,"pre",901
"1997",58,"pre",449.5
"1997",60,"pre",624.54
"1997",61,"pre",758.4
"1997",62,"pre",640.8
"1997",64,"pre",174.85
"1997",65,"pre",245.26
"1997",66,"pre",148.58
"1997",67,"pre",985.64
"1997",68,"pre",351.3
"1997",69,"pre",337.42
"1997",70,"pre",652.8
"1997",71,"pre",693.57
"1997",72,"pre",1800.47
"1997",73,"pre",298.7
"1997",74,"pre",1219.43
"1997",75,"pre",628.51
"1997",76,"pre",205.1
"1997",77,"pre",267.02
"1997",78,"pre",1215.45
"1997",79,"pre",212.6
"1997",80,"pre",812.8
"1997",81,"pre",532.2
"1997",82,"pre",641.25
"1997",83,"pre",474
"1997",85,"pre",1639.72
"1997",86,"pre",1525.4
"1997",87,"pre",1425.79
"1997",88,"pre",844.2
"1997",89,"pre",1327.9
"1997",90,"pre",96.1
"1997",92,"pre",399.3
"1997",93,"pre",844.6
"1997",94,"pre",857.02
"1997",95,"pre",657.66
"1997",96,"pre",710.46
"1998",81,"pre",1274.85
"1998",82,"pre",1040.942
"1998",96,"pre",1123
"1998",100,"pre",617.3
"1998",101,"pre",1446.326
"1998",102,"pre",340.838
"1998",103,"pre",1695.7
"1998",104,"pre",802.396
"1998",105,"pre",464.6
"1998",106,"pre",432.6
"1998",107,"pre",1230.5
"1998",108,"pre",872.75
"1998",109,"pre",1584.35
"1998",110,"pre",1181.946
"1998",111,"pre",518.55
"1998",112,"pre",873.23
"1998",113,"pre",371.05
"1998",114,"pre",189
"1998",115,"pre",535
"1998",116,"pre",1082.3
"1998",117,"pre",812.6
"1998",118,"pre",555.026
"1998",120,"pre",557.85
"1998",121,"pre",1016.98
"1998",122,"pre",562.47
"1998",123,"pre",682.75
"1998",124,"pre",898.05
"1998",125,"pre",1431.65
"1998",126,"pre",1456.9
"1998",127,"pre",1683.35
"1998",128,"pre",583.07
"1998",129,"pre",1036.682
"1998",130,"pre",332.63
"1998",131,"pre",1012.47
"1998",132,"pre",737.99
"1998",133,"pre",240.61
"1998",135,"pre",500.08
"1998",136,"pre",618.85
"1998",137,"pre",665.326
"1998",138,"pre",1322.85
"1998",139,"pre",1057.676
"1998",140,"pre",910.9
"1998",141,"pre",1048.748
"1998",142,"pre",842.65
"1998",143,"pre",742.3
"1998",144,"pre",458.2
"1998",145,"pre",1440
"1998",146,"pre",1321.216
"1998",147,"pre",499.4
"1999",68,"pre",997.15
"1999",69,"pre",746.7
"1999",70,"pre",804.122
"1999",71,"pre",693.2
"1999",72,"pre",1197.4
"1999",73,"pre",952.55
"1999",74,"pre",1756.3
"1999",75,"pre",1407.75
"1999",76,"pre",1713.75
"1999",77,"pre",575.6
"1999",78,"pre",810.9
"1999",79,"pre",148.5
"1999",80,"pre",1186
"1999",81,"pre",893.3
"1999",82,"pre",822.2
"1999",83,"pre",583.7
"1999",84,"pre",1312.15
"1999",85,"pre",1878.85
"1999",86,"pre",1436.8
"1999",87,"pre",1634.1
"1999",88,"pre",1451.2
"1999",89,"pre",1421.3
"1999",90,"pre",178.45
"1999",91,"pre",569
"1999",92,"pre",214.8
"1999",93,"pre",893.65
"1999",94,"pre",1523
"1999",95,"pre",994.65
"1999",96,"pre",679.35
"1999",97,"pre",289.05
"1999",98,"pre",522.05
"1999",99,"pre",1083.7
"1999",100,"pre",861
"1999",101,"pre",466.1
"1999",102,"pre",535.2
"1999",103,"pre",468.95
"1999",104,"pre",1031.75
"1999",105,"pre",238.55
"1999",106,"pre",286.75
"1999",107,"pre",1222.65
"1999",108,"pre",690.9
"1999",109,"pre",904.2
"1999",110,"pre",1030.7
"1999",111,"pre",1091.75
"1999",112,"pre",327.75
"1999",113,"pre",317.65
"1999",114,"pre",187.4
"1999",115,"pre",1574.25
"1999",116,"pre",869.5
"1999",118,"pre",814.15
"1999",119,"pre",341.8
"1999",120,"pre",573.2
"1999",121,"pre",867.35
"1999",122,"pre",631.75
"1999",123,"pre",846.75
"1999",124,"pre",809.5
"1999",125,"pre",806.9
"1999",126,"pre",1384.5
"1999",127,"pre",1294.732
"1999",128,"pre",615.29
"1999",129,"pre",903.25
"1999",130,"pre",93.25
"1999",131,"pre",961.526
"1999",132,"pre",437.65
"1999",133,"pre",460.772
"1999",134,"pre",435.5
"1999",135,"pre",581.876
"1999",136,"pre",569.65
"1999",137,"pre",603.85
"1999",138,"pre",1460.35
"1999",139,"pre",936.9
"1999",140,"pre",541.65
"1999",141,"pre",792.15
"1999",142,"pre",515.386
"1999",143,"pre",707.35
"1999",144,"pre",485.5
"1999",145,"pre",959.3
"1999",146,"pre",983.25
"1999",147,"pre",594.85
"1996",1,"pre",351.9
"1996",2,"pre",440.8
"1996",3,"pre",167.7
"1996",4,"pre",144.8
"1996",5,"pre",1368.6
"1996",6,"pre",229
"1996",7,"pre",374.5
"1996",8,"pre",607.5
"1996",9,"pre",406.7
"1996",10,"pre",133.2
"1996",11,"pre",172.6
"1996",12,"pre",55.4
"1996",13,"pre",324.7
"1996",14,"pre",1161.4
"1996",15,"pre",805.3
"1996",16,"pre",631.8
"1996",17,"pre",1030.1
"1996",18,"pre",729.4
"1996",19,"pre",361.1
"1996",20,"pre",47.4
"1996",21,"pre",340.7
"1996",22,"pre",41.6
"1996",23,"pre",106.7
"1996",24,"pre",331.8
"1996",25,"pre",570.3
"1996",26,"pre",604.4
"1996",27,"pre",389.6
"1996",28,"pre",663.4
"1996",29,"pre",856.3
"1996",30,"pre",510.2
"1996",31,"pre",272.4
"1996",32,"pre",1173.3
"1996",33,"pre",1609.9
"1996",34,"pre",522.8
"1996",35,"pre",100
"1996",36,"pre",141.1
"1996",37,"pre",276.8
"1996",38,"pre",291.2
"1996",39,"pre",620
"1996",40,"pre",547.8
"1996",41,"pre",580.7
"1996",42,"pre",587.8
"1996",43,"pre",87.9
"1996",44,"pre",174.7
"1996",45,"pre",564.7
"1996",46,"pre",348.6
"1996",47,"pre",310.9
"1996",48,"pre",606.4
"1996",49,"pre",257.4
"1996",50,"pre",392.1
"1996",51,"pre",695.1
"1996",52,"pre",311
"1996",53,"pre",139.1
"1996",55,"pre",1210.5
"1996",56,"pre",107
"1996",57,"pre",774.3
"1996",58,"pre",329.7
"1996",59,"pre",200.5
"1996",60,"pre",643.8
"1996",61,"pre",52.5
"1996",63,"pre",87.9
"1996",64,"pre",259.5
"1997",59,"pre",353.73
"1997",63,"pre",333.93
"1997",84,"pre",691.8
"1997",91,"pre",818.85
"1997",97,"pre",732.6
"1997",98,"pre",921.3
"1997",99,"pre",717.17
"1997",100,"pre",715.53
"1997",101,"pre",487.07
"1997",102,"pre",392.3
"1997",103,"pre",621.2
"1997",104,"pre",133.2
"1997",105,"pre",141.4
"1997",106,"pre",387.72
"1997",107,"pre",412.31
"1997",108,"pre",210.9
"1997",109,"pre",881.14
"1997",110,"pre",156.2
"1997",111,"pre",387.38
"1997",112,"pre",143.14
"1997",113,"pre",370
"1997",114,"pre",304.26
"1997",115,"pre",472.09
"1997",116,"pre",518
"1997",117,"pre",1421.72
"1997",118,"pre",389.9
"1997",119,"pre",785.36
"1997",120,"pre",123.5
"1997",121,"pre",259.47
"1997",122,"pre",402.9
"1997",123,"pre",365.45
"1997",124,"pre",636.5
"1997",125,"pre",748.78
"1997",126,"pre",485.7
"1997",127,"pre",1649.41
"1997",128,"pre",875.01
"1997",129,"pre",368.7
"1997",130,"pre",83.96
"1997",131,"pre",927.29
"1997",132,"pre",554.7
"1997",133,"pre",283.71
"1997",134,"pre",899.05
"1997",135,"pre",579.3
"1997",136,"pre",1303.96
"1997",137,"pre",1031.75
"1997",138,"pre",790.8
"1997",139,"pre",734.5
"1997",140,"pre",1070.5
"1997",141,"pre",398.96
"1997",142,"pre",511.36
"1997",143,"pre",594.8
"1997",144,"pre",544
"1997",145,"pre",955.8
"1997",146,"pre",859.57
"1997",147,"pre",279.8
"1998",99,"pre",566.75
"2001",36,"pre",96.2
"1996",54,"pre",520.2
"1996",62,"pre",408.1
"1996",65,"pre",200.8
"1996",66,"pre",78.8
"1996",67,"pre",558.5
"1996",68,"pre",1052.6
"1996",69,"pre",154.1
"1996",70,"pre",1262
"1996",71,"pre",1117.7
"1996",72,"pre",761.4
"1996",73,"pre",821.4
"1996",74,"pre",856.2
"1996",75,"pre",855
"1996",76,"pre",996.8
"1996",77,"pre",754.8
"1996",78,"pre",1411.6
"1996",79,"pre",224
"1996",80,"pre",2149.4
"1996",81,"pre",1711.8
"1996",82,"pre",1073.4
"1996",83,"pre",642.4
"1996",84,"pre",566.5
"1996",85,"pre",1207.6
"1996",86,"pre",1452.2
"1996",87,"pre",762.6
"1996",88,"pre",1256.9
"1996",89,"pre",687.8
"1996",90,"pre",16.4
"1996",91,"pre",412.9
"1996",92,"pre",719.2
"1996",93,"pre",863.1
"1996",94,"pre",780.2
"1996",95,"pre",609.1
"1996",96,"pre",312.3
"1996",97,"pre",441.2
"1996",98,"pre",762
"1996",99,"pre",974.1
"1996",100,"pre",586.6
"1996",101,"pre",748.7
"1996",102,"pre",382.1
"1996",103,"pre",966.7
"1996",104,"pre",303.5
"1996",105,"pre",155.2
"1996",106,"pre",364.8
"1996",107,"pre",622
"1996",108,"pre",198.1
"1996",109,"pre",545.3
"1996",110,"pre",1157.9
"1996",111,"pre",493.4
"1996",112,"pre",18.9
"1996",113,"pre",251.9
"1996",114,"pre",60.1
"1996",115,"pre",524.1
"1996",116,"pre",946.3
"1996",117,"pre",940.7
"1999",117,"pre",944.55
"2001",2,"pre",888.132
"2001",3,"pre",210.968
"2001",4,"pre",326.7
"2001",5,"pre",684
"2001",6,"pre",240.032
"2001",7,"pre",680.432
"2001",40,"pre",600.966
"2004",4,"ug",104.934
"2004",5,"ug",143.316
"2004",7,"ug",162.3
"2004",16,"ug",74.896
"2004",22,"ug",81.292
"2004",26,"ug",173.462
"2004",38,"ug",78.332
"2004",53,"ug",67.998
"2004",84,"ug",124.704
"2004",87,"ug",95.766
"1996",118,"pre",481.6
"1996",119,"pre",154.8
"1996",120,"pre",357.6
"1996",121,"pre",609.6
"1996",122,"pre",308
"1996",123,"pre",771.2
"1996",124,"pre",496.7
"1996",125,"pre",363.6
"1996",126,"pre",882.7
"1996",127,"pre",2286.7
"1996",128,"pre",717.6
"1996",129,"pre",613.8
"1996",130,"pre",234
"1996",131,"pre",463.3
"1996",132,"pre",131
"1996",133,"pre",183.6
"1996",134,"pre",140.5
"1996",135,"pre",378.4
"1996",136,"pre",785.3
"1996",137,"pre",468.8
"1996",138,"pre",730.4
"1996",139,"pre",1380.8
"1996",140,"pre",542.6
"1996",141,"pre",616.2
"1996",142,"pre",1138.7
"1996",143,"pre",749.2
"1996",144,"pre",526.4
"1996",145,"pre",616.8
"1996",146,"pre",465.4
"1996",147,"pre",145.1
"2001",1,"pre",494.534
"2001",8,"pre",333.768
"2001",9,"pre",494.5
"2001",10,"pre",473.734
"2001",11,"pre",168.4
"2001",12,"pre",247.368
"2001",13,"pre",470.266
"2001",14,"pre",428.5
"2001",15,"pre",344.732
"2001",16,"pre",428.8
"2001",17,"pre",410.1
"2001",18,"pre",356
"2001",19,"pre",504.466
"2001",20,"pre",252.3
"2001",21,"pre",110.966
"2001",22,"pre",114.6
"2001",23,"pre",143.066
"2001",24,"pre",570.5
"2001",25,"pre",144.332
"2001",26,"pre",693.366
"2001",27,"pre",237.132
"2001",28,"pre",493.866
"2001",29,"pre",636.966
"2001",30,"pre",392.668
"2001",31,"pre",676.6
"2001",32,"pre",903.866
"2001",33,"pre",567.634
"2001",34,"pre",762.368
"2001",35,"pre",424.666
"2001",37,"pre",213.366
"2001",38,"pre",293.158
"2001",39,"pre",95.966
"2001",41,"pre",312
"2001",42,"pre",270.9
"2001",43,"pre",118.334
"2001",44,"pre",362.5
"2001",45,"pre",575.654
"2001",46,"pre",557.534
"2001",47,"pre",291.366
"2001",48,"pre",383.132
"2001",49,"pre",188.466
"2001",50,"pre",374.866
"2001",51,"pre",271.8
"2001",52,"pre",269.5
"2001",61,"pre",366.736
"2001",62,"pre",416.732
"2001",63,"pre",128.968
"2001",64,"pre",114.334
"2001",65,"pre",213.032
"2001",77,"pre",105.032
"2001",78,"pre",333.632
"2001",91,"pre",241.032
"2003",1,"g",135.454
"2003",1,"ug",174.008
"2003",2,"g",87.382
"2003",2,"ug",156.102
"2003",3,"g",48.23
"2003",3,"ug",43.48
"2003",4,"g",175.184
"2003",4,"ug",91.754
"2003",5,"g",64.1
"2003",5,"ug",360.382
"2003",6,"g",68.334
"2003",6,"ug",183.604
"2003",7,"g",115.974
"2003",7,"ug",114.598
"2003",8,"g",31.434
"2003",8,"ug",86.058
"2003",9,"g",88.064
"2003",9,"ug",121.266
"2003",10,"g",38.272
"2003",10,"ug",149.796
"2003",11,"g",55.898
"2003",11,"ug",53.936
"2003",12,"g",49.828
"2003",12,"ug",51.712
"2003",13,"g",130.526
"2003",13,"ug",179.298
"2003",14,"g",100.668
"2003",15,"g",34.998
"2003",15,"ug",146.498
"2003",16,"g",41.032
"2003",16,"ug",162.202
"2003",17,"g",64.074
"2003",17,"ug",122.51
"2003",18,"g",83.568
"2003",18,"ug",135.832
"2003",19,"g",78.5
"2003",19,"ug",149
"2003",20,"g",24.02
"2003",20,"ug",151.43
"2003",21,"g",30.92
"2003",21,"ug",93.166
"2003",22,"g",27.424
"2003",22,"ug",135.398
"2003",23,"g",39.71
"2003",24,"g",120.376
"2003",24,"ug",112.576
"2003",25,"g",126.832
"2003",25,"ug",81.346
"2003",26,"g",107.142
"2003",26,"ug",174.604
"2003",27,"g",95.628
"2003",28,"g",177.004
"2003",28,"ug",127.81
"2003",29,"g",47.862
"2003",29,"ug",73.252
"2003",30,"g",182.138
"2003",31,"g",166.4
"2003",32,"g",205.502
"2003",32,"ug",234.754
"2003",33,"g",43.374
"2003",34,"g",89.202
"2003",35,"g",39.196
"2003",35,"ug",183.74
"2003",36,"g",13.798
"2003",36,"ug",86.1
"2003",37,"g",30.434
"2003",37,"ug",92.068
"2003",38,"g",33.794
"2003",38,"ug",142.784
"2003",39,"g",110.568
"2003",39,"ug",216.82
"2003",40,"g",191.5
"2003",40,"ug",115.834
"2003",41,"g",82.098
"2003",41,"ug",234.302
"2003",42,"g",55.666
"2003",43,"g",54.334
"2003",43,"ug",70.67
"2003",44,"g",47.308
"2003",44,"ug",177.43
"2003",45,"g",59.134
"2003",46,"g",49.864
"2003",46,"ug",190.388
"2003",47,"g",83.832
"2003",47,"ug",54.766
"2003",48,"g",45.214
"2003",48,"ug",112.8
"2003",49,"g",13.752
"2003",49,"ug",52.966
"2003",50,"g",31.136
"2003",51,"g",103.998
"2003",51,"ug",148.842
"2003",52,"g",79.21
"2003",53,"g",29.768
"2003",53,"ug",67.19
"2003",54,"g",53.054
"2003",54,"ug",107.136
"2003",55,"g",39.138
"2003",56,"g",171.064
"2003",56,"ug",196.1
"2003",57,"g",81.066
"2003",57,"ug",163.15
"2003",58,"g",102.3
"2003",58,"ug",108.778
"2003",59,"g",39.34
"2003",59,"ug",115.176
"2003",60,"g",57.95
"2003",60,"ug",170.796
"2003",61,"g",85.12
"2003",62,"g",39.316
"2003",62,"ug",148.866
"2003",63,"g",47.39
"2003",63,"ug",73.19
"2003",64,"g",37.634
"2003",64,"ug",43.868
"2003",65,"g",41.124
"2003",65,"ug",118.61
"2003",66,"g",59.246
"2003",66,"ug",203.636
"2003",67,"g",41.5
"2003",68,"g",55.346
"2003",68,"ug",127.824
"2003",69,"g",46.976
"2003",70,"g",108.044
"2003",70,"ug",109.532
"2003",71,"g",56.7
"2003",71,"ug",18.132
"2003",72,"g",117.54
"2003",72,"ug",77.768
"2003",73,"g",21.89
"2003",73,"ug",92.362
"2003",74,"g",66.442
"2003",74,"ug",131.568
"2003",75,"g",31.426
"2003",76,"g",56.44
"2003",76,"ug",68.26
"2003",77,"g",41.732
"2003",78,"g",110.904
"2003",79,"g",56.166
"2003",80,"g",43.154
"2003",81,"g",88.936
"2003",81,"ug",99.968
"2003",82,"g",132.078
"2003",82,"ug",143.798
"2003",83,"g",345.496
"2003",83,"ug",114.092
"2003",84,"g",96.37
"2003",85,"g",84.838
"2003",85,"ug",173.958
"2003",86,"g",25.316
"2003",86,"ug",98.732
"2003",87,"g",33.734
"2003",88,"g",115.884
"2003",88,"ug",95.824
"2003",89,"g",67.438
"2003",89,"ug",49.2
"2003",90,"g",47.408
"2003",90,"ug",69.168
"2003",91,"g",101.266
"2003",91,"ug",57.234
"2003",92,"g",53.898
"2003",92,"ug",93.002
"2003",93,"g",83.45
"2003",93,"ug",84.15
"2003",94,"g",122.92
"2003",94,"ug",132.102
"2003",95,"g",94.166
"2003",95,"ug",135.702
"2003",96,"g",105.932
"2003",97,"g",71.314
"2003",98,"g",83.432
"2003",98,"ug",77.732
"2003",99,"g",123.236
"2003",100,"g",56.5
"2003",101,"g",50.8
"2003",101,"ug",172.07
"2003",102,"g",111.494
"2003",102,"ug",65.59
"2003",103,"g",24.3
"2003",103,"ug",109.068
"2003",104,"g",41.132
"2003",104,"ug",121.01
"2003",105,"g",53.368
"2003",105,"ug",50.744
"2003",106,"g",79.702
"2003",107,"g",110.758
"2003",107,"ug",166.206
"2003",108,"g",42.068
"2003",108,"ug",109.834
"2003",109,"g",86.434
"2003",110,"g",57.076
"2003",111,"g",49.802
"2003",111,"ug",93.4
"2003",112,"g",116.892
"2003",113,"g",67.468
"2003",113,"ug",90.742
"2003",114,"g",50.678
"2003",114,"ug",69.832
"2003",115,"g",52.718
"2003",115,"ug",82.33
"2003",116,"g",146.49
"2003",116,"ug",103.932
"2003",117,"g",86.968
"2003",117,"ug",86.288
"2003",118,"g",58.204
"2003",118,"ug",138
"2003",119,"g",33.652
"2003",119,"ug",41.458
"2003",120,"g",70.134
"2003",120,"ug",69.766
"2003",121,"g",50.798
"2003",122,"g",118.268
"2003",122,"ug",142.212
"2003",123,"g",229.776
"2003",123,"ug",142.562
"2003",124,"g",95.304
"2003",125,"g",176.366
"2003",125,"ug",263.43
"2003",126,"g",60.236
"2003",126,"ug",70.464
"2003",127,"g",141.874
"2003",128,"g",22.274
"2003",128,"ug",168.078
"2003",129,"g",61.1
"2003",129,"ug",91.166
"2003",130,"g",85.324
"2003",130,"ug",96.914
"2003",131,"g",188.734
"2003",132,"g",24.42
"2003",132,"ug",95.134
"2003",133,"g",94.018
"2003",134,"g",31.802
"2003",135,"g",30.698
"2003",135,"ug",75.212
"2003",136,"g",34.234
"2003",136,"ug",68.3
"2003",137,"g",61.164
"2003",138,"g",80
"2003",139,"g",65.384
"2003",140,"g",100.072
"2003",141,"g",29.892
"2003",141,"ug",69.002
"2003",142,"g",80.91
"2003",143,"g",69.168
"2003",143,"ug",89.776
"2003",144,"g",46.758
"2003",145,"g",73.868
"2003",145,"ug",120.726
"2003",146,"g",70.002
"2003",146,"ug",66.966
"2003",147,"g",36.268
"1996",1,"pre",579
"1996",2,"pre",446.8
"1996",3,"pre",207.7
"1996",4,"pre",503.9
"1996",5,"pre",719.5
"1996",6,"pre",376.1
"1996",7,"pre",585.6
"1996",8,"pre",256.6
"1996",10,"pre",59.6
"1996",11,"pre",239.8
"1996",12,"pre",293.1
"1996",13,"pre",319.3
"1996",14,"pre",857.1
"1996",15,"pre",522.8
"1996",16,"pre",356.5
"1996",17,"pre",1179.2
"1996",18,"pre",109.4
"1996",19,"pre",349.7
"1996",20,"pre",20.9
"1996",21,"pre",160.9
"2001",53,"pre",237.5
"2001",56,"pre",178.368
"2001",57,"pre",282.9
"2001",59,"pre",204
"2001",60,"pre",102.366
"2001",66,"pre",116.7
"2001",67,"pre",186.532
"2001",68,"pre",292.68
"2001",70,"pre",187.47
"2001",73,"pre",204.066
"2001",74,"pre",375.07
"2001",75,"pre",310.26
"2001",76,"pre",153.3
"2001",79,"pre",289.7
"2001",80,"pre",435.73
"2001",81,"pre",201.93
"2001",82,"pre",341.8
"2001",87,"pre",231.6
"2001",88,"pre",377.234
"2001",89,"pre",519.4
"2001",90,"pre",177.366
"2001",92,"pre",75.966
"2001",93,"pre",393.966
"2001",94,"pre",546.966
"2001",95,"pre",490.546
"2001",96,"pre",446.1
"2001",101,"pre",348.7
"2001",102,"pre",284.652
"2001",103,"pre",349.104
"2001",104,"pre",541.314
"2001",105,"pre",155.634
"2001",106,"pre",295.2
"2001",107,"pre",701.126
"2001",108,"pre",172.232
"2001",109,"pre",465.632
"2001",110,"pre",333.8
"2001",114,"pre",145.474
"2001",115,"pre",424.964
"2001",116,"pre",261.4
"2001",117,"pre",309.134
"2001",118,"pre",333.534
"2001",119,"pre",253.896
"2001",120,"pre",508.868
"2001",121,"pre",221.966
"2001",122,"pre",241.134
"2001",123,"pre",461.034
"2001",124,"pre",282.534
"2001",125,"pre",731.2
"2001",127,"pre",425.668
"2001",128,"pre",370.134
"2001",129,"pre",516.434
"2001",130,"pre",149.8
"2001",131,"pre",507.24
"2001",132,"pre",289.546
"2001",133,"pre",425.034
"2001",134,"pre",293.6
"2001",135,"pre",256.128
"2001",136,"pre",204.734
"2001",137,"pre",233.9
"2001",138,"pre",436.068
"2001",139,"pre",406.2
"2001",140,"pre",296.614
"2001",141,"pre",180.234
"2001",142,"pre",306.966
"2001",143,"pre",263.1
"2001",144,"pre",299.866
"2001",145,"pre",375.552
"2001",146,"pre",409.9
"2001",147,"pre",290.166
"2003",14,"ug",163.368
"2003",23,"ug",91.172
"2003",27,"ug",99.256
"2003",30,"ug",142.346
"2003",31,"ug",209.166
"2003",33,"ug",82.224
"2003",34,"ug",137.576
"2003",42,"ug",64.026
"2003",45,"ug",140.2
"2003",50,"ug",66.534
"2003",52,"ug",159.334
"2003",55,"ug",45.792
"2003",61,"ug",147.93
"2003",67,"ug",90.74
"2003",69,"ug",83.124
"2003",75,"ug",183.51
"2003",77,"ug",72.112
"2003",78,"ug",89.964
"2003",79,"ug",83.96
"2003",80,"ug",200.134
"2003",84,"ug",187.23
"2003",87,"ug",124.73
"2003",96,"ug",144.556
"2003",97,"ug",109.368
"2003",99,"ug",348.66
"2003",100,"ug",97.496
"2003",106,"ug",134.912
"2003",109,"ug",197.868
"2003",110,"ug",79.652
"2003",112,"ug",129.492
"2003",121,"ug",61.302
"2003",124,"ug",100.318
"2003",127,"ug",179.56
"2003",131,"ug",108.966
"2003",133,"ug",106.334
"2003",134,"ug",43.202
"2003",137,"ug",79.966
"2003",138,"ug",171.332
"2003",139,"ug",112.386
"2003",140,"ug",166.37
"2003",142,"ug",100.52
"2003",144,"ug",81.456
"2003",147,"ug",91.966
"1996",9,"pre",220.8
"1996",22,"pre",91.4
"1996",23,"pre",116.4
"1996",24,"pre",276.1
"1996",25,"pre",108.6
"1996",26,"pre",440.6
"1996",27,"pre",391.8
"1996",28,"pre",937.3
"1996",29,"pre",905.5
"1996",30,"pre",706.7
"1996",31,"pre",545
"1996",32,"pre",463.2
"1996",33,"pre",1133.6
"1996",34,"pre",476.2
"1996",35,"pre",0.9
"1996",36,"pre",178.5
"1996",37,"pre",138.8
"1996",38,"pre",319.1
"1996",39,"pre",142.5
"1996",40,"pre",416.7
"1996",41,"pre",889.1
"1996",42,"pre",682.1
"1996",43,"pre",143.31
"1996",44,"pre",874.1
"1996",45,"pre",573.4
"1996",46,"pre",449.2
"1996",47,"pre",397
"1996",48,"pre",393.4
"1996",49,"pre",750.7
"1996",50,"pre",91.01
"1996",51,"pre",196.9
"1996",52,"pre",668.5
"1996",53,"pre",129.8
"1996",54,"pre",566.1
"1996",55,"pre",687.4
"1996",56,"pre",224.1
"1996",57,"pre",271.4
"1996",58,"pre",365.9
"1996",59,"pre",186.2
"1996",60,"pre",697.4
"1996",61,"pre",351.6
"1996",62,"pre",735.6
"1996",63,"pre",203.6
"1996",64,"pre",263.3
"1996",65,"pre",364.8
"1996",66,"pre",49.7
"1996",67,"pre",693
"1996",68,"pre",699.6
"1996",69,"pre",347.6
"1996",70,"pre",256
"1996",71,"pre",259.2
"1996",72,"pre",718.3
"1996",73,"pre",406.5
"1996",74,"pre",704.8
"1996",75,"pre",792.8
"1996",76,"pre",573.6
"1996",77,"pre",394
"1996",78,"pre",312.6
"1996",79,"pre",18.55
"1996",80,"pre",453.9
"1996",81,"pre",437.3
"1996",82,"pre",384.6
"1996",83,"pre",304.2
"1996",84,"pre",1104
"1996",85,"pre",642.1
"1996",86,"pre",952.5
"1996",87,"pre",1328
"1996",88,"pre",929.2
"1996",89,"pre",332.8
"1996",90,"pre",50.1
"1996",91,"pre",361.2
"1996",92,"pre",234.4
"1996",93,"pre",587.9
"1996",94,"pre",596.8
"1996",95,"pre",456.6
"1996",96,"pre",583.6
"1996",97,"pre",207.8
"1996",98,"pre",284.6
"2001",54,"pre",169.768
"2001",55,"pre",208.168
"2001",58,"pre",390.7
"2001",69,"pre",176.462
"2001",71,"pre",151.768
"2001",72,"pre",405.732
"2001",83,"pre",953.032
"2001",84,"pre",390.3
"2001",85,"pre",412.926
"2001",86,"pre",386.034
"2001",97,"pre",255.2
"2001",98,"pre",277.632
"2001",99,"pre",371.934
"2001",100,"pre",384.166
"2001",111,"pre",246.374
"2001",112,"pre",148.166
"2001",113,"pre",298.566
"2001",126,"pre",236.466
"2004",3,"g",54.668
"2004",15,"g",204.234
"2004",98,"g",49.932
"1996",99,"pre",401.4
"1996",100,"pre",375.3
"1996",101,"pre",448.8
"1996",102,"pre",499.5
"1996",103,"pre",72.3
"1996",104,"pre",363.4
"1996",105,"pre",258.6
"1996",107,"pre",373.2
"1996",108,"pre",473.3
"1996",109,"pre",402.3
"1996",110,"pre",179.6
"1996",111,"pre",210.4
"1996",112,"pre",108.6
"1996",113,"pre",504.3
"1996",114,"pre",53
"1996",115,"pre",205.3
"1996",116,"pre",454
"1996",117,"pre",944.4
"1996",118,"pre",221.4
"1996",119,"pre",318.8
"1996",120,"pre",70.4
"1996",121,"pre",338.1
"1996",122,"pre",411.6
"1996",123,"pre",703.4
"1996",124,"pre",461.5
"1996",125,"pre",109.2
"1996",126,"pre",182.6
"1996",127,"pre",2193.9
"1996",128,"pre",762.6
"1996",129,"pre",432.7
"1996",130,"pre",447.5
"1996",131,"pre",534.3
"1996",132,"pre",409.7
"1996",133,"pre",367.8
"1996",134,"pre",397
"1996",135,"pre",321.2
"1996",136,"pre",773
"1996",137,"pre",596.3
"1996",138,"pre",429.2
"1996",139,"pre",823
"1996",140,"pre",791.8
"1996",141,"pre",645.8
"1996",142,"pre",392.9
"1996",143,"pre",247.1
"1996",144,"pre",360.7
"1996",145,"pre",486.8
"1996",146,"pre",432.4
"1996",147,"pre",203.6
"2004",2,"g",99.3
"2004",5,"g",84.634
"2004",9,"g",65.834
"2004",17,"g",118.764
"2004",18,"g",45.936
"2004",21,"g",32.866
"2004",37,"g",15.8
"2004",39,"g",95.9
"2004",49,"g",33.402
"2004",67,"g",43.902
"2004",132,"g",38.232
"1996",106,"pre",199.9
"2004",1,"ug",135.404
"2004",3,"ug",40.5
"2004",6,"ug",170.862
"2004",14,"ug",150.264
"2004",24,"ug",129.204
"2004",25,"ug",24.5
"2004",34,"ug",133.1
"2004",35,"ug",203.726
"2004",36,"ug",102.578
"2004",37,"ug",42.318
"2004",40,"ug",125.346
"2004",47,"ug",100.122
"2004",48,"ug",75.466
"2004",49,"ug",16.466
"2004",58,"ug",84.664
"2004",61,"ug",158.066
"2004",65,"ug",175.466
"2004",73,"ug",89.282
"2004",75,"ug",116.93
"2004",76,"ug",170.378
"2004",78,"ug",170.278
"2004",91,"ug",126.012
"2004",95,"ug",129.27
"2004",98,"ug",61.2
"2004",104,"ug",106.1
"2004",111,"ug",96.602
"2004",125,"ug",108.066
"2004",126,"ug",115.83
"2004",127,"ug",96.498
"2004",130,"ug",73.37
"2004",9,"ug",169.634
"2004",12,"ug",71.348
"2004",17,"ug",161.048
"2004",18,"ug",92.736
"2004",20,"ug",54.866
"2004",27,"ug",105.136
"2004",28,"ug",198.164
"2004",30,"ug",78.2
"2004",33,"ug",124.818
"2004",39,"ug",220.698
"2004",41,"ug",190.47
"2004",43,"ug",30.464
"2004",46,"ug",154.054
"2004",50,"ug",48.704
"2004",51,"ug",47.834
"2004",54,"ug",53.17
"2004",57,"ug",106.902
"2004",60,"ug",99.264
"2004",63,"ug",132.566
"2004",66,"ug",120.292
"2004",67,"ug",58.2
"2004",69,"ug",132.384
"2004",72,"ug",74.902
"2004",74,"ug",128.302
"2004",77,"ug",56.766
"2004",80,"ug",40.766
"2004",81,"ug",41.81
"2004",82,"ug",121.336
"2004",85,"ug",249.17
"2004",86,"ug",82.034
"2004",88,"ug",204.934
"2004",90,"ug",78.366
"2004",93,"ug",108.636
"2004",100,"ug",103.802
"2004",107,"ug",141.3
"2004",108,"ug",87.832
"2004",112,"ug",137.118
"2004",113,"ug",58.566
"2004",114,"ug",24.102
"2004",117,"ug",104.098
"2004",119,"ug",55.332
"2004",131,"ug",126.602
"2004",135,"ug",74.966
"2004",136,"ug",121.734
"2004",140,"ug",150.802
"2004",144,"ug",59.396
"2004",145,"ug",91.67
"2004",146,"ug",89.366
"2004",147,"ug",52.934
"NA",NA,"Grazed",0
